device_id,os_type,control_name,expected,found
WIN-87380,Windows,Enforce Password Complexity,Enabled (Complex password),Non-compliant
WIN-87380,Windows,Enable Windows Defender Exploit Guard,Enabled,Non-compliant
WIN-87380,Windows,Disable AutoPlay for all drives,Disabled,Non-compliant
WIN-87380,Windows,Enable Windows Update Auto Download & Install,Enabled,Non-compliant
WIN-87380,Windows,Disable Windows SMBv3 Compression,Disabled,Non-compliant
WIN-87380,Windows,Disable Windows Remote Assistance,Disabled,Non-compliant
WIN-18288,Windows,Enable BitLocker Drive Encryption,Enabled,Non-compliant
WIN-18288,Windows,Enable Windows Update Auto Download & Install,Enabled,Non-compliant
WIN-18288,Windows,Enable Security Auditing,Enabled,Non-compliant
WIN-18288,Windows,Enable Windows Defender Credential Guard,Enabled,Non-compliant
WIN-18288,Windows,Enable Windows Defender Application Control,Enabled,Non-compliant
WIN-56555,Windows,Enable BitLocker Drive Encryption,Enabled,Non-compliant
WIN-56555,Windows,Enable Security Auditing,Enabled,Non-compliant
WIN-56555,Windows,Enable Audit of Privilege Use,Enabled,Non-compliant
WIN-56555,Windows,Enable Windows Defender Application Control,Enabled,Non-compliant
WIN-18818,Windows,Enforce Password Complexity,Enabled (Complex password),Non-compliant
WIN-18818,Windows,Disable SMB Signing Not Required,Enabled,Non-compliant
WIN-18818,Windows,Disable Windows Remote Management (WinRM),Disabled,Non-compliant
WIN-18818,Windows,Disable Windows Remote Assistance,Disabled,Non-compliant
WIN-18818,Windows,Enable Security Baseline for Windows 11,Enabled,Non-compliant
WIN-92294,Windows,Ensure Windows Defender Antivirus is Enabled,Enabled,Non-compliant
WIN-92294,Windows,Configure Account Lockout Policy,"Lockout threshold 10, duration 15 min",Non-compliant
WIN-92294,Windows,Enable BitLocker Drive Encryption,Enabled,Non-compliant
WIN-92294,Windows,Disable Local Administrator Account,Disabled,Non-compliant
WIN-92294,Windows,Enable Controlled Folder Access,Enabled,Non-compliant
WIN-92294,Windows,Restrict Software Installation to Admins,Enabled,Non-compliant
WIN-92294,Windows,Enable Security Baseline for Windows 11,Enabled,Non-compliant
WIN-30753,Windows,Disable SMBv1 Protocol,Disabled,Non-compliant
WIN-30753,Windows,Enable Microsoft Defender Application Guard,Enabled,Non-compliant
WIN-60952,Windows,Disable SMBv1 Protocol,Disabled,Non-compliant
WIN-60952,Windows,Enable Windows Defender Exploit Guard,Enabled,Non-compliant
WIN-60952,Windows,Disable SMB Signing Not Required,Enabled,Non-compliant
WIN-60952,Windows,Enable Windows Update Auto Download & Install,Enabled,Non-compliant
WIN-60952,Windows,Disable Guest Account,Disabled,Non-compliant
WIN-60952,Windows,Enable Security Auditing,Enabled,Non-compliant
WIN-60952,Windows,Disable Remote Desktop for Non-Admins,Disabled or restricted,Non-compliant
WIN-60952,Windows,"Disable Legacy Protocols (NTLM v1, etc.)",Disabled,Non-compliant
WIN-60952,Windows,Disable Windows Telemetry,Disabled or minimized,Non-compliant
WIN-60952,Windows,Enable Windows Defender Network Protection,Enabled,Non-compliant
WIN-46819,Windows,Ensure Windows Defender Antivirus is Enabled,Enabled,Non-compliant
WIN-46819,Windows,Enable Windows Defender Firewall,Enabled (All profiles),Non-compliant
WIN-46819,Windows,Enable Windows Defender Exploit Guard,Enabled,Non-compliant
WIN-46819,Windows,Enable Security Auditing,Enabled,Non-compliant
WIN-46819,Windows,Enable Windows Defender Credential Guard,Enabled,Non-compliant
WIN-46819,Windows,Enable Windows Defender Network Protection,Enabled,Non-compliant
WIN-81163,Windows,Disable Guest Account,Disabled,Non-compliant
WIN-81163,Windows,Disable LM & NTLM v1 Authentication,Disabled,Non-compliant
WIN-60036,Windows,Disable SMBv1 Protocol,Disabled,Non-compliant
WIN-60036,Windows,Disable AutoPlay for all drives,Disabled,Non-compliant
WIN-60036,Windows,Enable Windows Update Auto Download & Install,Enabled,Non-compliant
WIN-60036,Windows,Restrict Software Installation to Admins,Enabled,Non-compliant
WIN-60036,Windows,Disable Windows Remote Management (WinRM),Disabled,Non-compliant
WIN-10196,Windows,Enable Windows Defender Firewall,Enabled (All profiles),Non-compliant
WIN-10196,Windows,Enable Windows Defender SmartScreen,Enabled,Non-compliant
WIN-10196,Windows,Disable Windows Script Host,Disabled,Non-compliant
WIN-10196,Windows,Disable Guest Account,Disabled,Non-compliant
WIN-10196,Windows,Enable Security Auditing,Enabled,Non-compliant
WIN-95766,Windows,Ensure Windows Defender Antivirus is Enabled,Enabled,Non-compliant
WIN-95766,Windows,Restrict Software Installation to Admins,Enabled,Non-compliant
WIN-32690,Windows,Enable Controlled Folder Access,Enabled,Non-compliant
WIN-32690,Windows,Disable AutoPlay for all drives,Disabled,Non-compliant
WIN-32690,Windows,Disable Guest Account,Disabled,Non-compliant
WIN-32690,Windows,Disable Windows Remote Assistance,Disabled,Non-compliant
WIN-32744,Windows,Ensure Windows Defender Antivirus is Enabled,Enabled,Non-compliant
WIN-32744,Windows,Enforce MFA for User Sign-in,Enforced,Non-compliant
WIN-32744,Windows,Enable Windows Defender SmartScreen,Enabled,Non-compliant
WIN-32744,Windows,Disable Windows Script Host,Disabled,Non-compliant
WIN-32744,Windows,Restrict Software Installation to Admins,Enabled,Non-compliant
WIN-48171,Windows,Disable LM & NTLM v1 Authentication,Disabled,Non-compliant
WIN-48171,Windows,Enable Audit of Privilege Use,Enabled,Non-compliant
WIN-48171,Windows,Enable Windows Defender Network Protection,Enabled,Non-compliant
WIN-39495,Windows,Ensure Windows Defender Antivirus is Enabled,Enabled,Non-compliant
WIN-39495,Windows,Configure Account Lockout Policy,"Lockout threshold 10, duration 15 min",Non-compliant
WIN-39495,Windows,Disable Local Administrator Account,Disabled,Non-compliant
WIN-39495,Windows,Disable AutoPlay for all drives,Disabled,Non-compliant
WIN-39495,Windows,Disable Guest Account,Disabled,Non-compliant
WIN-39495,Windows,Disable Remote Desktop for Non-Admins,Disabled or restricted,Non-compliant
WIN-39495,Windows,Disable LM & NTLM v1 Authentication,Disabled,Non-compliant
WIN-39495,Windows,Enable Microsoft Defender Application Guard,Enabled,Non-compliant
WIN-39332,Windows,Enforce Password Complexity,Enabled (Complex password),Non-compliant
WIN-39332,Windows,Enable Windows Defender Exploit Guard,Enabled,Non-compliant
WIN-39332,Windows,Disable SMB Signing Not Required,Enabled,Non-compliant
WIN-39332,Windows,Disable Guest Account,Disabled,Non-compliant
WIN-39332,Windows,Enable Windows Defender Credential Guard,Enabled,Non-compliant
WIN-39332,Windows,Enable Microsoft Defender Application Guard,Enabled,Non-compliant
WIN-52859,Windows,Enable Windows Defender Firewall,Enabled (All profiles),Non-compliant
WIN-52859,Windows,Enforce MFA for User Sign-in,Enforced,Non-compliant
WIN-52859,Windows,Disable SMBv1 Protocol,Disabled,Non-compliant
WIN-52859,Windows,Enable Security Auditing,Enabled,Non-compliant
WIN-52859,Windows,Enable Security Baseline for Windows 11,Enabled,Non-compliant
WIN-87655,Windows,Enforce MFA for User Sign-in,Enforced,Non-compliant
WIN-87655,Windows,Disable SMBv1 Protocol,Disabled,Non-compliant
WIN-87655,Windows,Disable Guest Account,Disabled,Non-compliant
WIN-87655,Windows,Enable Microsoft Defender Application Guard,Enabled,Non-compliant
WIN-87655,Windows,Enable Windows Defender Application Control,Enabled,Non-compliant
WIN-87655,Windows,Enable Windows Defender Network Protection,Enabled,Non-compliant
WIN-11331,Windows,Enable Windows Defender Firewall,Enabled (All profiles),Non-compliant
WIN-11331,Windows,Enforce Password Complexity,Enabled (Complex password),Non-compliant
WIN-11331,Windows,Enable Windows Defender Credential Guard,Enabled,Non-compliant
WIN-11331,Windows,Enable Microsoft Defender Application Guard,Enabled,Non-compliant
WIN-11331,Windows,Enable Windows Defender Application Control,Enabled,Non-compliant
WIN-11331,Windows,Disable Windows SMBv3 Compression,Disabled,Non-compliant
WIN-84215,Windows,Enable Controlled Folder Access,Enabled,Non-compliant
WIN-84215,Windows,Disable Windows Script Host,Disabled,Non-compliant
WIN-84215,Windows,Enable Security Auditing,Enabled,Non-compliant
WIN-84215,Windows,Enable Windows Defender Credential Guard,Enabled,Non-compliant
WIN-84215,Windows,Enable Windows Defender Application Control,Enabled,Non-compliant
WIN-69716,Windows,Enforce MFA for User Sign-in,Enforced,Non-compliant
WIN-69716,Windows,Disable Guest Account,Disabled,Non-compliant
WIN-88280,Windows,Ensure Windows Defender Antivirus is Enabled,Enabled,Non-compliant
WIN-88280,Windows,Disable Local Administrator Account,Disabled,Non-compliant
WIN-88280,Windows,Enable Windows Defender Exploit Guard,Enabled,Non-compliant
WIN-88280,Windows,Disable AutoPlay for all drives,Disabled,Non-compliant
WIN-88280,Windows,Enable Security Auditing,Enabled,Non-compliant
WIN-88280,Windows,Enable Security Baseline for Windows 11,Enabled,Non-compliant
WIN-23105,Windows,Enable Windows Defender SmartScreen,Enabled,Non-compliant
WIN-23105,Windows,Disable AutoPlay for all drives,Disabled,Non-compliant
WIN-23105,Windows,Disable Guest Account,Disabled,Non-compliant
WIN-23105,Windows,Enable Audit of Privilege Use,Enabled,Non-compliant
WIN-23105,Windows,Disable Windows Telemetry,Disabled or minimized,Non-compliant
WIN-23105,Windows,Disable Windows SMBv3 Compression,Disabled,Non-compliant
WIN-23105,Windows,Disable Windows Remote Assistance,Disabled,Non-compliant
WIN-93140,Windows,Configure Account Lockout Policy,"Lockout threshold 10, duration 15 min",Non-compliant
WIN-93140,Windows,Disable SMBv1 Protocol,Disabled,Non-compliant
WIN-93140,Windows,Enable BitLocker Drive Encryption,Enabled,Non-compliant
WIN-93140,Windows,Restrict Software Installation to Admins,Enabled,Non-compliant
WIN-93140,Windows,Enable Security Auditing,Enabled,Non-compliant
WIN-93140,Windows,Disable LM & NTLM v1 Authentication,Disabled,Non-compliant
WIN-93140,Windows,Disable Windows Remote Assistance,Disabled,Non-compliant
WIN-95122,Windows,Disable SMBv1 Protocol,Disabled,Non-compliant
WIN-95122,Windows,Enable Controlled Folder Access,Enabled,Non-compliant
WIN-95122,Windows,Enable Microsoft Defender Application Guard,Enabled,Non-compliant
WIN-95122,Windows,Enable Windows Defender Network Protection,Enabled,Non-compliant
WIN-19838,Windows,Enable Controlled Folder Access,Enabled,Non-compliant
WIN-19838,Windows,Enable Windows Update Auto Download & Install,Enabled,Non-compliant
WIN-19838,Windows,Restrict Software Installation to Admins,Enabled,Non-compliant
WIN-19838,Windows,Disable LM & NTLM v1 Authentication,Disabled,Non-compliant
WIN-65597,Windows,Ensure Windows Defender Antivirus is Enabled,Enabled,Non-compliant
WIN-65597,Windows,Enable BitLocker Drive Encryption,Enabled,Non-compliant
WIN-65597,Windows,Disable Local Administrator Account,Disabled,Non-compliant
WIN-65597,Windows,Restrict Software Installation to Admins,Enabled,Non-compliant
WIN-65597,Windows,Disable Remote Desktop for Non-Admins,Disabled or restricted,Non-compliant
WIN-65597,Windows,Disable Windows Remote Management (WinRM),Disabled,Non-compliant
WIN-11742,Windows,Enable BitLocker Drive Encryption,Enabled,Non-compliant
WIN-11742,Windows,Enable Controlled Folder Access,Enabled,Non-compliant
WIN-11742,Windows,Enable Audit of Privilege Use,Enabled,Non-compliant
WIN-11742,Windows,Disable Windows Remote Management (WinRM),Disabled,Non-compliant
WIN-11742,Windows,Disable Windows Telemetry,Disabled or minimized,Non-compliant
WIN-11742,Windows,Enable Microsoft Defender Application Guard,Enabled,Non-compliant
WIN-82208,Windows,Configure Account Lockout Policy,"Lockout threshold 10, duration 15 min",Non-compliant
WIN-82208,Windows,Enable Windows Defender Exploit Guard,Enabled,Non-compliant
WIN-82208,Windows,Disable Guest Account,Disabled,Non-compliant
WIN-82208,Windows,Restrict Software Installation to Admins,Enabled,Non-compliant
WIN-82208,Windows,Enable Security Auditing,Enabled,Non-compliant
WIN-82208,Windows,Disable SMB Direct,Disabled,Non-compliant
WIN-82208,Windows,Enable Microsoft Defender Application Guard,Enabled,Non-compliant
WIN-82208,Windows,Enable Windows Defender Application Control,Enabled,Non-compliant
WIN-19180,Windows,Disable SMBv1 Protocol,Disabled,Non-compliant
WIN-19180,Windows,Enable Windows Defender Credential Guard,Enabled,Non-compliant
WIN-19180,Windows,Enable Audit of Privilege Use,Enabled,Non-compliant
WIN-64017,Windows,Enable Windows Defender Firewall,Enabled (All profiles),Non-compliant
WIN-64017,Windows,Configure Account Lockout Policy,"Lockout threshold 10, duration 15 min",Non-compliant
WIN-64017,Windows,Disable Local Administrator Account,Disabled,Non-compliant
WIN-64017,Windows,Enable Windows Defender SmartScreen,Enabled,Non-compliant
WIN-64017,Windows,Restrict Software Installation to Admins,Enabled,Non-compliant
WIN-64017,Windows,Enable Security Baseline for Windows 11,Enabled,Non-compliant
WIN-54299,Windows,Configure Account Lockout Policy,"Lockout threshold 10, duration 15 min",Non-compliant
WIN-54299,Windows,Enforce MFA for User Sign-in,Enforced,Non-compliant
WIN-54299,Windows,Enable Security Auditing,Enabled,Non-compliant
WIN-54299,Windows,Disable SMB Direct,Disabled,Non-compliant
WIN-57871,Windows,Disable AutoPlay for all drives,Disabled,Non-compliant
WIN-57871,Windows,Enable Security Auditing,Enabled,Non-compliant
WIN-57871,Windows,Enable Audit of Privilege Use,Enabled,Non-compliant
WIN-57871,Windows,Enable Security Baseline for Windows 11,Enabled,Non-compliant
WIN-59538,Windows,Enable Windows Defender SmartScreen,Enabled,Non-compliant
WIN-59538,Windows,Disable AutoPlay for all drives,Disabled,Non-compliant
WIN-59538,Windows,Disable SMB Signing Not Required,Enabled,Non-compliant
WIN-59538,Windows,Enable Security Auditing,Enabled,Non-compliant
WIN-59538,Windows,Enable Windows Defender Credential Guard,Enabled,Non-compliant
WIN-40877,Windows,Enable Windows Defender Firewall,Enabled (All profiles),Non-compliant
WIN-40877,Windows,Enforce MFA for User Sign-in,Enforced,Non-compliant
WIN-40877,Windows,Disable SMBv1 Protocol,Disabled,Non-compliant
WIN-40877,Windows,Enable Windows Defender Exploit Guard,Enabled,Non-compliant
WIN-40877,Windows,Disable Remote Desktop for Non-Admins,Disabled or restricted,Non-compliant
WIN-40877,Windows,Enable Microsoft Defender Application Guard,Enabled,Non-compliant
WIN-40877,Windows,Enable Windows Defender Network Protection,Enabled,Non-compliant
WIN-40877,Windows,Enable Security Baseline for Windows 11,Enabled,Non-compliant
WIN-57712,Windows,Enable Security Auditing,Enabled,Non-compliant
WIN-57712,Windows,Disable LM & NTLM v1 Authentication,Disabled,Non-compliant
WIN-57712,Windows,Enable Windows Defender Network Protection,Enabled,Non-compliant
WIN-74649,Windows,Ensure Windows Defender Antivirus is Enabled,Enabled,Non-compliant
WIN-74649,Windows,Enable Windows Defender Firewall,Enabled (All profiles),Non-compliant
WIN-74649,Windows,"Disable Legacy Protocols (NTLM v1, etc.)",Disabled,Non-compliant
WIN-74649,Windows,Enable Windows Defender Network Protection,Enabled,Non-compliant
WIN-57552,Windows,Enable Windows Defender Firewall,Enabled (All profiles),Non-compliant
WIN-57552,Windows,Disable SMBv1 Protocol,Disabled,Non-compliant
WIN-57552,Windows,Disable Local Administrator Account,Disabled,Non-compliant
WIN-57552,Windows,"Disable Legacy Protocols (NTLM v1, etc.)",Disabled,Non-compliant
WIN-57552,Windows,Enable Microsoft Defender Application Guard,Enabled,Non-compliant
WIN-16356,Windows,Ensure Windows Defender Antivirus is Enabled,Enabled,Non-compliant
WIN-16356,Windows,Enable BitLocker Drive Encryption,Enabled,Non-compliant
WIN-16356,Windows,Disable Windows Script Host,Disabled,Non-compliant
WIN-16356,Windows,Enable Windows Defender Credential Guard,Enabled,Non-compliant
WIN-16356,Windows,Disable Remote Desktop for Non-Admins,Disabled or restricted,Non-compliant
WIN-16356,Windows,Enable Microsoft Defender Application Guard,Enabled,Non-compliant
WIN-53106,Windows,Enforce MFA for User Sign-in,Enforced,Non-compliant
WIN-53106,Windows,Enable Security Auditing,Enabled,Non-compliant
WIN-53106,Windows,Enable Windows Defender Credential Guard,Enabled,Non-compliant
WIN-53106,Windows,Enable Microsoft Defender Application Guard,Enabled,Non-compliant
WIN-72736,Windows,Disable Local Administrator Account,Disabled,Non-compliant
WIN-72736,Windows,Restrict Software Installation to Admins,Enabled,Non-compliant
WIN-72736,Windows,Enable Windows Defender Credential Guard,Enabled,Non-compliant
WIN-72736,Windows,Enable Windows Defender Network Protection,Enabled,Non-compliant
WIN-70496,Windows,Enable Windows Defender Firewall,Enabled (All profiles),Non-compliant
WIN-70496,Windows,Configure Account Lockout Policy,"Lockout threshold 10, duration 15 min",Non-compliant
WIN-70496,Windows,Disable SMBv1 Protocol,Disabled,Non-compliant
WIN-70496,Windows,Enable Controlled Folder Access,Enabled,Non-compliant
WIN-70496,Windows,Disable Remote Desktop for Non-Admins,Disabled or restricted,Non-compliant
WIN-70496,Windows,"Disable Legacy Protocols (NTLM v1, etc.)",Disabled,Non-compliant
WIN-70496,Windows,Enable Windows Defender Application Control,Enabled,Non-compliant
WIN-77616,Windows,Configure Account Lockout Policy,"Lockout threshold 10, duration 15 min",Non-compliant
WIN-77616,Windows,Enable Windows Defender Exploit Guard,Enabled,Non-compliant
WIN-77616,Windows,Disable AutoPlay for all drives,Disabled,Non-compliant
WIN-77616,Windows,Enable Windows Update Auto Download & Install,Enabled,Non-compliant
WIN-77616,Windows,Enable Security Auditing,Enabled,Non-compliant
WIN-77616,Windows,Disable LM & NTLM v1 Authentication,Disabled,Non-compliant
WIN-77616,Windows,Disable Windows Remote Management (WinRM),Disabled,Non-compliant
WIN-77616,Windows,Disable Windows Telemetry,Disabled or minimized,Non-compliant
WIN-77616,Windows,Enable Security Baseline for Windows 11,Enabled,Non-compliant
WIN-12097,Windows,Configure Account Lockout Policy,"Lockout threshold 10, duration 15 min",Non-compliant
WIN-12097,Windows,Enforce MFA for User Sign-in,Enforced,Non-compliant
WIN-12097,Windows,Disable SMBv1 Protocol,Disabled,Non-compliant
WIN-12097,Windows,Disable Local Administrator Account,Disabled,Non-compliant
WIN-12097,Windows,Enable Microsoft Defender Application Guard,Enabled,Non-compliant
WIN-12097,Windows,Disable Windows Remote Assistance,Disabled,Non-compliant
WIN-43773,Windows,Configure Account Lockout Policy,"Lockout threshold 10, duration 15 min",Non-compliant
WIN-43773,Windows,Disable Windows Script Host,Disabled,Non-compliant
WIN-43773,Windows,Disable AutoPlay for all drives,Disabled,Non-compliant
WIN-43773,Windows,Disable Remote Desktop for Non-Admins,Disabled or restricted,Non-compliant
WIN-43773,Windows,Enable Audit of Privilege Use,Enabled,Non-compliant
WIN-43773,Windows,Enable Security Baseline for Windows 11,Enabled,Non-compliant
WIN-36888,Windows,Enable Windows Defender Firewall,Enabled (All profiles),Non-compliant
WIN-36888,Windows,Disable SMBv1 Protocol,Disabled,Non-compliant
WIN-36888,Windows,Enable BitLocker Drive Encryption,Enabled,Non-compliant
WIN-36888,Windows,Disable Windows Script Host,Disabled,Non-compliant
WIN-16061,Windows,Enforce MFA for User Sign-in,Enforced,Non-compliant
WIN-16061,Windows,Disable Windows Telemetry,Disabled or minimized,Non-compliant
WIN-34779,Windows,Enable BitLocker Drive Encryption,Enabled,Non-compliant
WIN-34779,Windows,Enable Controlled Folder Access,Enabled,Non-compliant
WIN-34779,Windows,Disable Guest Account,Disabled,Non-compliant
WIN-34779,Windows,Disable Remote Desktop for Non-Admins,Disabled or restricted,Non-compliant
WIN-83657,Windows,Enable Windows Defender Exploit Guard,Enabled,Non-compliant
WIN-83657,Windows,Disable SMB Signing Not Required,Enabled,Non-compliant
WIN-83657,Windows,Disable Guest Account,Disabled,Non-compliant
WIN-83657,Windows,"Disable Legacy Protocols (NTLM v1, etc.)",Disabled,Non-compliant
WIN-83657,Windows,Enable Windows Defender Network Protection,Enabled,Non-compliant
WIN-84527,Windows,Disable SMBv1 Protocol,Disabled,Non-compliant
WIN-84527,Windows,Enable Controlled Folder Access,Enabled,Non-compliant
WIN-67746,Windows,Enable Windows Defender Firewall,Enabled (All profiles),Non-compliant
WIN-67746,Windows,Enable Controlled Folder Access,Enabled,Non-compliant
WIN-67746,Windows,Restrict Software Installation to Admins,Enabled,Non-compliant
WIN-67746,Windows,Disable Remote Desktop for Non-Admins,Disabled or restricted,Non-compliant
WIN-36063,Windows,Ensure Windows Defender Antivirus is Enabled,Enabled,Non-compliant
WIN-36063,Windows,Disable Local Administrator Account,Disabled,Non-compliant
WIN-36063,Windows,Enforce Password Complexity,Enabled (Complex password),Non-compliant
WIN-36063,Windows,Enable Windows Defender SmartScreen,Enabled,Non-compliant
WIN-36063,Windows,Enable Controlled Folder Access,Enabled,Non-compliant
WIN-36063,Windows,Disable AutoPlay for all drives,Disabled,Non-compliant
WIN-36063,Windows,Disable SMB Signing Not Required,Enabled,Non-compliant
WIN-36063,Windows,Enable Windows Defender Credential Guard,Enabled,Non-compliant
WIN-36063,Windows,Disable LM & NTLM v1 Authentication,Disabled,Non-compliant
WIN-36063,Windows,"Disable Legacy Protocols (NTLM v1, etc.)",Disabled,Non-compliant
WIN-36063,Windows,Enable Microsoft Defender Application Guard,Enabled,Non-compliant
WIN-61732,Windows,Ensure Windows Defender Antivirus is Enabled,Enabled,Non-compliant
WIN-61732,Windows,Disable SMBv1 Protocol,Disabled,Non-compliant
WIN-61732,Windows,Disable SMB Signing Not Required,Enabled,Non-compliant
WIN-61732,Windows,Enable Windows Update Auto Download & Install,Enabled,Non-compliant
WIN-61732,Windows,Disable Guest Account,Disabled,Non-compliant
WIN-61732,Windows,"Disable Legacy Protocols (NTLM v1, etc.)",Disabled,Non-compliant
WIN-86107,Windows,Enable Windows Defender Firewall,Enabled (All profiles),Non-compliant
WIN-86107,Windows,Enforce Password Complexity,Enabled (Complex password),Non-compliant
WIN-86107,Windows,Enable Windows Defender Credential Guard,Enabled,Non-compliant
WIN-86107,Windows,Disable Remote Desktop for Non-Admins,Disabled or restricted,Non-compliant
WIN-86107,Windows,Disable LM & NTLM v1 Authentication,Disabled,Non-compliant
WIN-76108,Windows,Ensure Windows Defender Antivirus is Enabled,Enabled,Non-compliant
WIN-76108,Windows,Enable Windows Defender Credential Guard,Enabled,Non-compliant
WIN-76108,Windows,Disable Windows Telemetry,Disabled or minimized,Non-compliant
WIN-76108,Windows,Enable Windows Defender Application Control,Enabled,Non-compliant
WIN-76108,Windows,Enable Windows Defender Network Protection,Enabled,Non-compliant
WIN-76108,Windows,Disable Windows Remote Assistance,Disabled,Non-compliant
WIN-22234,Windows,Enforce MFA for User Sign-in,Enforced,Non-compliant
WIN-22234,Windows,Enforce Password Complexity,Enabled (Complex password),Non-compliant
WIN-22234,Windows,Enable Windows Defender Exploit Guard,Enabled,Non-compliant
WIN-22234,Windows,Restrict Software Installation to Admins,Enabled,Non-compliant
WIN-22234,Windows,Disable Windows Remote Management (WinRM),Disabled,Non-compliant
WIN-35436,Windows,Ensure Windows Defender Antivirus is Enabled,Enabled,Non-compliant
WIN-35436,Windows,Disable AutoPlay for all drives,Disabled,Non-compliant
WIN-35436,Windows,Disable SMB Signing Not Required,Enabled,Non-compliant
WIN-35436,Windows,Restrict Software Installation to Admins,Enabled,Non-compliant
WIN-35436,Windows,Enable Windows Defender Credential Guard,Enabled,Non-compliant
WIN-35436,Windows,Disable LM & NTLM v1 Authentication,Disabled,Non-compliant
WIN-35436,Windows,"Disable Legacy Protocols (NTLM v1, etc.)",Disabled,Non-compliant
WIN-35436,Windows,Enable Windows Defender Network Protection,Enabled,Non-compliant
WIN-35436,Windows,Disable Windows Remote Assistance,Disabled,Non-compliant
WIN-16844,Windows,Disable Windows Script Host,Disabled,Non-compliant
WIN-16844,Windows,Disable Remote Desktop for Non-Admins,Disabled or restricted,Non-compliant
WIN-16844,Windows,Disable Windows Remote Assistance,Disabled,Non-compliant
WIN-30014,Windows,Disable Windows Remote Assistance,Disabled,Non-compliant
WIN-37429,Windows,Enable Windows Defender Firewall,Enabled (All profiles),Non-compliant
WIN-37429,Windows,Enforce MFA for User Sign-in,Enforced,Non-compliant
WIN-37429,Windows,Enable BitLocker Drive Encryption,Enabled,Non-compliant
WIN-37429,Windows,Disable AutoPlay for all drives,Disabled,Non-compliant
WIN-37429,Windows,Enable Microsoft Defender Application Guard,Enabled,Non-compliant
WIN-97253,Windows,Enable Windows Defender Firewall,Enabled (All profiles),Non-compliant
WIN-97253,Windows,Disable SMBv1 Protocol,Disabled,Non-compliant
WIN-97253,Windows,Enable BitLocker Drive Encryption,Enabled,Non-compliant
WIN-97253,Windows,Disable Windows Telemetry,Disabled or minimized,Non-compliant
WIN-76614,Windows,Configure Account Lockout Policy,"Lockout threshold 10, duration 15 min",Non-compliant
WIN-76614,Windows,Enforce Password Complexity,Enabled (Complex password),Non-compliant
WIN-76614,Windows,Restrict Software Installation to Admins,Enabled,Non-compliant
WIN-76614,Windows,Enable Audit of Privilege Use,Enabled,Non-compliant
WIN-76614,Windows,Disable Windows Telemetry,Disabled or minimized,Non-compliant
WIN-76614,Windows,Enable Windows Defender Network Protection,Enabled,Non-compliant
WIN-76614,Windows,Enable Security Baseline for Windows 11,Enabled,Non-compliant
WIN-91215,Windows,Enable Windows Defender SmartScreen,Enabled,Non-compliant
WIN-91215,Windows,Disable Windows Script Host,Disabled,Non-compliant
WIN-91215,Windows,Disable AutoPlay for all drives,Disabled,Non-compliant
WIN-91215,Windows,Disable Guest Account,Disabled,Non-compliant
WIN-91215,Windows,Disable Windows Remote Management (WinRM),Disabled,Non-compliant
WIN-91215,Windows,Disable Windows SMBv3 Compression,Disabled,Non-compliant
WIN-91215,Windows,Disable Windows Remote Assistance,Disabled,Non-compliant
WIN-82282,Windows,Disable SMB Signing Not Required,Enabled,Non-compliant
WIN-82282,Windows,Enable Security Auditing,Enabled,Non-compliant
WIN-82282,Windows,Disable Windows Remote Management (WinRM),Disabled,Non-compliant
WIN-82282,Windows,"Disable Legacy Protocols (NTLM v1, etc.)",Disabled,Non-compliant
WIN-82282,Windows,Enable Windows Defender Application Control,Enabled,Non-compliant
WIN-82282,Windows,Disable Windows SMBv3 Compression,Disabled,Non-compliant
WIN-33987,Windows,Ensure Windows Defender Antivirus is Enabled,Enabled,Non-compliant
WIN-33987,Windows,Configure Account Lockout Policy,"Lockout threshold 10, duration 15 min",Non-compliant
WIN-33987,Windows,"Disable Legacy Protocols (NTLM v1, etc.)",Disabled,Non-compliant
WIN-33987,Windows,Disable Windows Telemetry,Disabled or minimized,Non-compliant
WIN-33987,Windows,Enable Security Baseline for Windows 11,Enabled,Non-compliant
WIN-15826,Windows,Disable AutoPlay for all drives,Disabled,Non-compliant
WIN-15826,Windows,Disable Guest Account,Disabled,Non-compliant
WIN-15826,Windows,Disable Windows SMBv3 Compression,Disabled,Non-compliant
WIN-38472,Windows,Enable Windows Defender Firewall,Enabled (All profiles),Non-compliant
WIN-38472,Windows,Disable SMBv1 Protocol,Disabled,Non-compliant
WIN-38472,Windows,Enforce Password Complexity,Enabled (Complex password),Non-compliant
WIN-38472,Windows,Disable SMB Signing Not Required,Enabled,Non-compliant
WIN-38472,Windows,Restrict Software Installation to Admins,Enabled,Non-compliant
WIN-49955,Windows,Configure Account Lockout Policy,"Lockout threshold 10, duration 15 min",Non-compliant
WIN-49955,Windows,Enforce MFA for User Sign-in,Enforced,Non-compliant
WIN-49955,Windows,Disable AutoPlay for all drives,Disabled,Non-compliant
WIN-49955,Windows,Enable Windows Defender Network Protection,Enabled,Non-compliant
WIN-86230,Windows,Enforce MFA for User Sign-in,Enforced,Non-compliant
WIN-86230,Windows,Disable AutoPlay for all drives,Disabled,Non-compliant
WIN-86230,Windows,Disable Windows Remote Management (WinRM),Disabled,Non-compliant
WIN-86230,Windows,Disable Windows SMBv3 Compression,Disabled,Non-compliant
WIN-46229,Windows,Disable SMBv1 Protocol,Disabled,Non-compliant
WIN-46229,Windows,Enable Controlled Folder Access,Enabled,Non-compliant
WIN-46229,Windows,Disable AutoPlay for all drives,Disabled,Non-compliant
WIN-46229,Windows,Disable SMB Signing Not Required,Enabled,Non-compliant
WIN-46229,Windows,Enable Audit of Privilege Use,Enabled,Non-compliant
WIN-46229,Windows,Disable Windows SMBv3 Compression,Disabled,Non-compliant
WIN-61316,Windows,Enforce MFA for User Sign-in,Enforced,Non-compliant
WIN-61316,Windows,Enable Windows Defender Exploit Guard,Enabled,Non-compliant
WIN-61316,Windows,Disable AutoPlay for all drives,Disabled,Non-compliant
WIN-61316,Windows,Enable Windows Update Auto Download & Install,Enabled,Non-compliant
WIN-61316,Windows,Disable Windows Remote Assistance,Disabled,Non-compliant
WIN-81033,Windows,Ensure Windows Defender Antivirus is Enabled,Enabled,Non-compliant
WIN-81033,Windows,Disable Windows Remote Management (WinRM),Disabled,Non-compliant
WIN-31843,Windows,Disable SMB Signing Not Required,Enabled,Non-compliant
WIN-31843,Windows,Enable Windows Update Auto Download & Install,Enabled,Non-compliant
WIN-31843,Windows,Restrict Software Installation to Admins,Enabled,Non-compliant
WIN-31843,Windows,Enable Security Baseline for Windows 11,Enabled,Non-compliant
WIN-11496,Windows,Configure Account Lockout Policy,"Lockout threshold 10, duration 15 min",Non-compliant
WIN-11496,Windows,Disable SMBv1 Protocol,Disabled,Non-compliant
WIN-11496,Windows,Enforce Password Complexity,Enabled (Complex password),Non-compliant
WIN-11496,Windows,Disable Windows Script Host,Disabled,Non-compliant
WIN-11496,Windows,Enable Audit of Privilege Use,Enabled,Non-compliant
WIN-28359,Windows,Enable Windows Defender Exploit Guard,Enabled,Non-compliant
WIN-28359,Windows,Disable Guest Account,Disabled,Non-compliant
WIN-28359,Windows,Enable Security Baseline for Windows 11,Enabled,Non-compliant
WIN-92497,Windows,Enable Windows Defender Firewall,Enabled (All profiles),Non-compliant
WIN-92497,Windows,Enable BitLocker Drive Encryption,Enabled,Non-compliant
WIN-44465,Windows,Disable SMB Signing Not Required,Enabled,Non-compliant
WIN-44465,Windows,Enable Microsoft Defender Application Guard,Enabled,Non-compliant
WIN-72056,Windows,Enforce MFA for User Sign-in,Enforced,Non-compliant
WIN-72056,Windows,Disable SMBv1 Protocol,Disabled,Non-compliant
WIN-72056,Windows,Enforce Password Complexity,Enabled (Complex password),Non-compliant
WIN-66951,Windows,Enable Windows Defender Firewall,Enabled (All profiles),Non-compliant
WIN-66951,Windows,Disable Local Administrator Account,Disabled,Non-compliant
WIN-66951,Windows,Enable Controlled Folder Access,Enabled,Non-compliant
WIN-66951,Windows,Disable AutoPlay for all drives,Disabled,Non-compliant
WIN-66951,Windows,Enable Windows Update Auto Download & Install,Enabled,Non-compliant
WIN-66951,Windows,Disable LM & NTLM v1 Authentication,Disabled,Non-compliant
WIN-66951,Windows,Enable Windows Defender Network Protection,Enabled,Non-compliant
WIN-21496,Windows,Enforce Password Complexity,Enabled (Complex password),Non-compliant
WIN-21496,Windows,Enable Windows Defender Exploit Guard,Enabled,Non-compliant
WIN-21496,Windows,Restrict Software Installation to Admins,Enabled,Non-compliant
WIN-21496,Windows,Disable Windows Remote Management (WinRM),Disabled,Non-compliant
WIN-21496,Windows,Enable Windows Defender Application Control,Enabled,Non-compliant
WIN-21496,Windows,Disable Windows Remote Assistance,Disabled,Non-compliant
WIN-18592,Windows,Enable BitLocker Drive Encryption,Enabled,Non-compliant
WIN-18592,Windows,Disable Windows Script Host,Disabled,Non-compliant
WIN-18592,Windows,Disable SMB Signing Not Required,Enabled,Non-compliant
WIN-18592,Windows,"Disable Legacy Protocols (NTLM v1, etc.)",Disabled,Non-compliant
WIN-18592,Windows,Enable Microsoft Defender Application Guard,Enabled,Non-compliant
WIN-29008,Windows,Enforce MFA for User Sign-in,Enforced,Non-compliant
WIN-29008,Windows,Enable BitLocker Drive Encryption,Enabled,Non-compliant
WIN-29008,Windows,Enable Windows Defender SmartScreen,Enabled,Non-compliant
WIN-81985,Windows,Disable Local Administrator Account,Disabled,Non-compliant
WIN-81985,Windows,Disable Windows Remote Management (WinRM),Disabled,Non-compliant
WIN-23128,Windows,Disable Local Administrator Account,Disabled,Non-compliant
WIN-23128,Windows,Restrict Software Installation to Admins,Enabled,Non-compliant
WIN-23128,Windows,Enable Audit of Privilege Use,Enabled,Non-compliant
WIN-23128,Windows,Enable Microsoft Defender Application Guard,Enabled,Non-compliant
WIN-54644,Windows,Disable Local Administrator Account,Disabled,Non-compliant
WIN-54644,Windows,Disable Remote Desktop for Non-Admins,Disabled or restricted,Non-compliant
WIN-54644,Windows,Enable Microsoft Defender Application Guard,Enabled,Non-compliant
WIN-54644,Windows,Disable Windows SMBv3 Compression,Disabled,Non-compliant
WIN-10387,Windows,Enable Windows Defender Firewall,Enabled (All profiles),Non-compliant
WIN-10387,Windows,Configure Account Lockout Policy,"Lockout threshold 10, duration 15 min",Non-compliant
WIN-10387,Windows,Enable Windows Defender SmartScreen,Enabled,Non-compliant
WIN-10387,Windows,Disable Guest Account,Disabled,Non-compliant
WIN-10387,Windows,Disable Remote Desktop for Non-Admins,Disabled or restricted,Non-compliant
WIN-33874,Windows,Enable Controlled Folder Access,Enabled,Non-compliant
WIN-33874,Windows,Enable Windows Update Auto Download & Install,Enabled,Non-compliant
WIN-33874,Windows,Disable Remote Desktop for Non-Admins,Disabled or restricted,Non-compliant
WIN-33874,Windows,Enable Audit of Privilege Use,Enabled,Non-compliant
WIN-33874,Windows,Disable Windows Remote Management (WinRM),Disabled,Non-compliant
WIN-33874,Windows,Disable Windows Telemetry,Disabled or minimized,Non-compliant
WIN-99556,Windows,Configure Account Lockout Policy,"Lockout threshold 10, duration 15 min",Non-compliant
WIN-45010,Windows,Ensure Windows Defender Antivirus is Enabled,Enabled,Non-compliant
WIN-45010,Windows,Disable SMBv1 Protocol,Disabled,Non-compliant
WIN-45010,Windows,Disable SMB Signing Not Required,Enabled,Non-compliant
WIN-45010,Windows,Restrict Software Installation to Admins,Enabled,Non-compliant
WIN-45010,Windows,Enable Security Baseline for Windows 11,Enabled,Non-compliant
WIN-47570,Windows,Enforce MFA for User Sign-in,Enforced,Non-compliant
WIN-47570,Windows,Disable Local Administrator Account,Disabled,Non-compliant
WIN-47570,Windows,Enable Windows Defender SmartScreen,Enabled,Non-compliant
WIN-47570,Windows,Disable SMB Signing Not Required,Enabled,Non-compliant
WIN-47570,Windows,Enable Windows Update Auto Download & Install,Enabled,Non-compliant
WIN-47570,Windows,Disable LM & NTLM v1 Authentication,Disabled,Non-compliant
WIN-47570,Windows,Disable Windows Remote Management (WinRM),Disabled,Non-compliant
WIN-47570,Windows,Enable Security Baseline for Windows 11,Enabled,Non-compliant
WIN-47662,Windows,Disable AutoPlay for all drives,Disabled,Non-compliant
WIN-73125,Windows,Enable Security Auditing,Enabled,Non-compliant
WIN-73125,Windows,Enable Windows Defender Credential Guard,Enabled,Non-compliant
WIN-73125,Windows,Disable Windows Remote Management (WinRM),Disabled,Non-compliant
WIN-91890,Windows,Configure Account Lockout Policy,"Lockout threshold 10, duration 15 min",Non-compliant
WIN-91890,Windows,Enable Windows Defender SmartScreen,Enabled,Non-compliant
WIN-91890,Windows,Disable Guest Account,Disabled,Non-compliant
WIN-91890,Windows,Disable LM & NTLM v1 Authentication,Disabled,Non-compliant
WIN-91890,Windows,Disable Windows Telemetry,Disabled or minimized,Non-compliant
WIN-91890,Windows,Enable Microsoft Defender Application Guard,Enabled,Non-compliant
WIN-91890,Windows,Enable Windows Defender Application Control,Enabled,Non-compliant
WIN-31410,Windows,Enable Windows Defender Firewall,Enabled (All profiles),Non-compliant
WIN-31410,Windows,Disable SMBv1 Protocol,Disabled,Non-compliant
WIN-31410,Windows,Enforce Password Complexity,Enabled (Complex password),Non-compliant
WIN-31410,Windows,Enable Controlled Folder Access,Enabled,Non-compliant
WIN-31410,Windows,Restrict Software Installation to Admins,Enabled,Non-compliant
WIN-31410,Windows,Enable Microsoft Defender Application Guard,Enabled,Non-compliant
WIN-70864,Windows,Configure Account Lockout Policy,"Lockout threshold 10, duration 15 min",Non-compliant
WIN-70864,Windows,Enable BitLocker Drive Encryption,Enabled,Non-compliant
WIN-70864,Windows,Enforce Password Complexity,Enabled (Complex password),Non-compliant
WIN-70864,Windows,Disable SMB Signing Not Required,Enabled,Non-compliant
WIN-70864,Windows,Disable Windows Remote Management (WinRM),Disabled,Non-compliant
WIN-62641,Windows,Enable Windows Defender Firewall,Enabled (All profiles),Non-compliant
WIN-62641,Windows,Enable Microsoft Defender Application Guard,Enabled,Non-compliant
WIN-99063,Windows,Disable Local Administrator Account,Disabled,Non-compliant
WIN-99063,Windows,Enable Controlled Folder Access,Enabled,Non-compliant
WIN-99063,Windows,Enable Windows Defender Exploit Guard,Enabled,Non-compliant
WIN-99063,Windows,Disable AutoPlay for all drives,Disabled,Non-compliant
WIN-99063,Windows,Disable Guest Account,Disabled,Non-compliant
WIN-99063,Windows,Disable Windows Telemetry,Disabled or minimized,Non-compliant
WIN-99063,Windows,Disable Windows SMBv3 Compression,Disabled,Non-compliant
WIN-99063,Windows,Enable Security Baseline for Windows 11,Enabled,Non-compliant
WIN-83648,Windows,Disable Guest Account,Disabled,Non-compliant
WIN-83648,Windows,Disable Windows Telemetry,Disabled or minimized,Non-compliant
WIN-83648,Windows,Enable Security Baseline for Windows 11,Enabled,Non-compliant
WIN-51856,Windows,Enable Windows Defender Firewall,Enabled (All profiles),Non-compliant
WIN-51856,Windows,"Disable Legacy Protocols (NTLM v1, etc.)",Disabled,Non-compliant
WIN-14992,Windows,Enable BitLocker Drive Encryption,Enabled,Non-compliant
WIN-14992,Windows,Disable Local Administrator Account,Disabled,Non-compliant
WIN-14992,Windows,Enable Windows Defender Exploit Guard,Enabled,Non-compliant
WIN-14992,Windows,Disable SMB Direct,Disabled,Non-compliant
WIN-14992,Windows,Disable Windows Telemetry,Disabled or minimized,Non-compliant
WIN-61443,Windows,Ensure Windows Defender Antivirus is Enabled,Enabled,Non-compliant
WIN-61443,Windows,Enforce MFA for User Sign-in,Enforced,Non-compliant
WIN-61443,Windows,Disable Local Administrator Account,Disabled,Non-compliant
WIN-61443,Windows,Disable Windows Script Host,Disabled,Non-compliant
WIN-61443,Windows,Disable Guest Account,Disabled,Non-compliant
WIN-61443,Windows,Disable Remote Desktop for Non-Admins,Disabled or restricted,Non-compliant
WIN-61443,Windows,Enable Windows Defender Application Control,Enabled,Non-compliant
WIN-16390,Windows,Disable AutoPlay for all drives,Disabled,Non-compliant
WIN-41100,Windows,Ensure Windows Defender Antivirus is Enabled,Enabled,Non-compliant
WIN-41100,Windows,Enforce MFA for User Sign-in,Enforced,Non-compliant
WIN-41100,Windows,Disable Local Administrator Account,Disabled,Non-compliant
WIN-41100,Windows,Disable Remote Desktop for Non-Admins,Disabled or restricted,Non-compliant
WIN-41100,Windows,Enable Security Baseline for Windows 11,Enabled,Non-compliant
WIN-89075,Windows,Ensure Windows Defender Antivirus is Enabled,Enabled,Non-compliant
WIN-89075,Windows,Disable SMBv1 Protocol,Disabled,Non-compliant
WIN-89075,Windows,Disable Local Administrator Account,Disabled,Non-compliant
WIN-89075,Windows,Disable Windows Script Host,Disabled,Non-compliant
WIN-70316,Windows,Enable Windows Defender Exploit Guard,Enabled,Non-compliant
WIN-70316,Windows,Restrict Software Installation to Admins,Enabled,Non-compliant
WIN-80836,Windows,Disable Local Administrator Account,Disabled,Non-compliant
WIN-80836,Windows,Enable Windows Defender SmartScreen,Enabled,Non-compliant
WIN-80836,Windows,Restrict Software Installation to Admins,Enabled,Non-compliant
WIN-80836,Windows,Disable Windows SMBv3 Compression,Disabled,Non-compliant
WIN-80836,Windows,Enable Security Baseline for Windows 11,Enabled,Non-compliant
WIN-85106,Windows,Disable Windows Script Host,Disabled,Non-compliant
WIN-85106,Windows,Enable Windows Update Auto Download & Install,Enabled,Non-compliant
WIN-85106,Windows,Disable Remote Desktop for Non-Admins,Disabled or restricted,Non-compliant
WIN-69959,Windows,Enable Windows Defender Firewall,Enabled (All profiles),Non-compliant
WIN-69959,Windows,Enforce MFA for User Sign-in,Enforced,Non-compliant
WIN-69959,Windows,Enable Windows Defender Exploit Guard,Enabled,Non-compliant
WIN-69959,Windows,Restrict Software Installation to Admins,Enabled,Non-compliant
WIN-47082,Windows,Disable Windows Script Host,Disabled,Non-compliant
WIN-47082,Windows,Enable Windows Update Auto Download & Install,Enabled,Non-compliant
WIN-47082,Windows,Enable Security Baseline for Windows 11,Enabled,Non-compliant
WIN-67136,Windows,Disable Local Administrator Account,Disabled,Non-compliant
WIN-67136,Windows,Disable Remote Desktop for Non-Admins,Disabled or restricted,Non-compliant
WIN-67136,Windows,Disable Windows Remote Management (WinRM),Disabled,Non-compliant
WIN-67136,Windows,"Disable Legacy Protocols (NTLM v1, etc.)",Disabled,Non-compliant
WIN-44696,Windows,Disable SMBv1 Protocol,Disabled,Non-compliant
WIN-44696,Windows,Disable Local Administrator Account,Disabled,Non-compliant
WIN-44696,Windows,Enable Windows Defender Credential Guard,Enabled,Non-compliant
WIN-44696,Windows,Enable Audit of Privilege Use,Enabled,Non-compliant
WIN-96694,Windows,Enable Windows Defender Firewall,Enabled (All profiles),Non-compliant
WIN-96694,Windows,Disable Local Administrator Account,Disabled,Non-compliant
WIN-96694,Windows,Enforce Password Complexity,Enabled (Complex password),Non-compliant
WIN-96694,Windows,Enable Controlled Folder Access,Enabled,Non-compliant
WIN-96694,Windows,Disable Windows Script Host,Disabled,Non-compliant
WIN-96694,Windows,Disable Windows Telemetry,Disabled or minimized,Non-compliant
WIN-81041,Windows,Enforce Password Complexity,Enabled (Complex password),Non-compliant
WIN-81041,Windows,Enable Controlled Folder Access,Enabled,Non-compliant
WIN-81041,Windows,Disable Remote Desktop for Non-Admins,Disabled or restricted,Non-compliant
WIN-81041,Windows,Enable Microsoft Defender Application Guard,Enabled,Non-compliant
WIN-30003,Windows,Enable Controlled Folder Access,Enabled,Non-compliant
WIN-27919,Windows,Ensure Windows Defender Antivirus is Enabled,Enabled,Non-compliant
WIN-27919,Windows,Enable Windows Defender Firewall,Enabled (All profiles),Non-compliant
WIN-27919,Windows,Enable Windows Defender Exploit Guard,Enabled,Non-compliant
WIN-27919,Windows,Disable Windows Script Host,Disabled,Non-compliant
WIN-27919,Windows,Disable AutoPlay for all drives,Disabled,Non-compliant
WIN-27919,Windows,Disable Windows Remote Management (WinRM),Disabled,Non-compliant
WIN-27919,Windows,Enable Windows Defender Network Protection,Enabled,Non-compliant
WIN-67791,Windows,Disable SMB Signing Not Required,Enabled,Non-compliant
WIN-67791,Windows,Restrict Software Installation to Admins,Enabled,Non-compliant
WIN-67791,Windows,Disable SMB Direct,Disabled,Non-compliant
WIN-67791,Windows,Enable Windows Defender Credential Guard,Enabled,Non-compliant
WIN-67791,Windows,"Disable Legacy Protocols (NTLM v1, etc.)",Disabled,Non-compliant
WIN-67791,Windows,Enable Windows Defender Application Control,Enabled,Non-compliant
WIN-56562,Windows,Disable SMB Signing Not Required,Enabled,Non-compliant
WIN-56562,Windows,"Disable Legacy Protocols (NTLM v1, etc.)",Disabled,Non-compliant
WIN-56562,Windows,Enable Windows Defender Network Protection,Enabled,Non-compliant
WIN-37878,Windows,Enable Controlled Folder Access,Enabled,Non-compliant
WIN-37878,Windows,Disable Windows Script Host,Disabled,Non-compliant
WIN-37878,Windows,Disable SMB Signing Not Required,Enabled,Non-compliant
WIN-37878,Windows,Enable Security Auditing,Enabled,Non-compliant
WIN-37878,Windows,Enable Audit of Privilege Use,Enabled,Non-compliant
WIN-37878,Windows,Disable Windows Telemetry,Disabled or minimized,Non-compliant
WIN-37878,Windows,Enable Windows Defender Network Protection,Enabled,Non-compliant
WIN-37878,Windows,Disable Windows Remote Assistance,Disabled,Non-compliant
WIN-11084,Windows,Enable Windows Update Auto Download & Install,Enabled,Non-compliant
WIN-11084,Windows,Disable Windows Remote Assistance,Disabled,Non-compliant
WIN-94587,Windows,Disable SMBv1 Protocol,Disabled,Non-compliant
WIN-36613,Windows,Enforce MFA for User Sign-in,Enforced,Non-compliant
WIN-36613,Windows,Restrict Software Installation to Admins,Enabled,Non-compliant
WIN-36613,Windows,Disable Remote Desktop for Non-Admins,Disabled or restricted,Non-compliant
WIN-36613,Windows,"Disable Legacy Protocols (NTLM v1, etc.)",Disabled,Non-compliant
WIN-36613,Windows,Disable Windows SMBv3 Compression,Disabled,Non-compliant
WIN-97951,Windows,Enable Windows Defender SmartScreen,Enabled,Non-compliant
WIN-97951,Windows,Enable Windows Defender Credential Guard,Enabled,Non-compliant
WIN-97951,Windows,Disable Windows Telemetry,Disabled or minimized,Non-compliant
WIN-23724,Windows,Configure Account Lockout Policy,"Lockout threshold 10, duration 15 min",Non-compliant
WIN-23724,Windows,Disable SMBv1 Protocol,Disabled,Non-compliant
WIN-23724,Windows,Restrict Software Installation to Admins,Enabled,Non-compliant
WIN-23724,Windows,Enable Windows Defender Credential Guard,Enabled,Non-compliant
WIN-23724,Windows,Enable Audit of Privilege Use,Enabled,Non-compliant
WIN-53644,Windows,Disable SMB Signing Not Required,Enabled,Non-compliant
WIN-53644,Windows,Disable Guest Account,Disabled,Non-compliant
WIN-53644,Windows,Disable Windows Telemetry,Disabled or minimized,Non-compliant
WIN-53644,Windows,Disable Windows SMBv3 Compression,Disabled,Non-compliant
WIN-31089,Windows,Configure Account Lockout Policy,"Lockout threshold 10, duration 15 min",Non-compliant
WIN-31089,Windows,Disable SMB Signing Not Required,Enabled,Non-compliant
WIN-31089,Windows,Enable Windows Update Auto Download & Install,Enabled,Non-compliant
WIN-31089,Windows,Restrict Software Installation to Admins,Enabled,Non-compliant
WIN-31089,Windows,Disable SMB Direct,Disabled,Non-compliant
WIN-31089,Windows,Enable Microsoft Defender Application Guard,Enabled,Non-compliant
WIN-31089,Windows,Enable Windows Defender Application Control,Enabled,Non-compliant
WIN-24361,Windows,Configure Account Lockout Policy,"Lockout threshold 10, duration 15 min",Non-compliant
WIN-24361,Windows,Enable BitLocker Drive Encryption,Enabled,Non-compliant
WIN-24361,Windows,Enforce Password Complexity,Enabled (Complex password),Non-compliant
WIN-24361,Windows,Disable Windows Script Host,Disabled,Non-compliant
WIN-24361,Windows,Disable AutoPlay for all drives,Disabled,Non-compliant
WIN-24361,Windows,Disable SMB Signing Not Required,Enabled,Non-compliant
WIN-24361,Windows,Enable Windows Defender Application Control,Enabled,Non-compliant
WIN-24361,Windows,Disable Windows Remote Assistance,Disabled,Non-compliant
WIN-24588,Windows,Enable Windows Defender Firewall,Enabled (All profiles),Non-compliant
WIN-24588,Windows,Enforce Password Complexity,Enabled (Complex password),Non-compliant
WIN-24588,Windows,Enable Windows Defender Exploit Guard,Enabled,Non-compliant
WIN-24588,Windows,Disable LM & NTLM v1 Authentication,Disabled,Non-compliant
WIN-24588,Windows,Enable Microsoft Defender Application Guard,Enabled,Non-compliant
WIN-24588,Windows,Enable Windows Defender Application Control,Enabled,Non-compliant
WIN-55341,Windows,Ensure Windows Defender Antivirus is Enabled,Enabled,Non-compliant
WIN-55341,Windows,Configure Account Lockout Policy,"Lockout threshold 10, duration 15 min",Non-compliant
WIN-55341,Windows,Enable Controlled Folder Access,Enabled,Non-compliant
WIN-55341,Windows,Enable Audit of Privilege Use,Enabled,Non-compliant
WIN-55341,Windows,Enable Windows Defender Application Control,Enabled,Non-compliant
WIN-55341,Windows,Enable Windows Defender Network Protection,Enabled,Non-compliant
WIN-91336,Windows,Ensure Windows Defender Antivirus is Enabled,Enabled,Non-compliant
WIN-91336,Windows,Enforce MFA for User Sign-in,Enforced,Non-compliant
WIN-91336,Windows,Enable Windows Defender SmartScreen,Enabled,Non-compliant
WIN-91336,Windows,Enable Controlled Folder Access,Enabled,Non-compliant
WIN-91336,Windows,Disable Windows Remote Management (WinRM),Disabled,Non-compliant
WIN-91336,Windows,Enable Windows Defender Network Protection,Enabled,Non-compliant
WIN-56824,Windows,Configure Account Lockout Policy,"Lockout threshold 10, duration 15 min",Non-compliant
WIN-56824,Windows,Disable Local Administrator Account,Disabled,Non-compliant
WIN-56824,Windows,Disable AutoPlay for all drives,Disabled,Non-compliant
WIN-56824,Windows,Disable Guest Account,Disabled,Non-compliant
WIN-56824,Windows,Disable LM & NTLM v1 Authentication,Disabled,Non-compliant
WIN-93307,Windows,Enable Windows Defender SmartScreen,Enabled,Non-compliant
WIN-93307,Windows,Enable Windows Defender Credential Guard,Enabled,Non-compliant
WIN-93307,Windows,Disable LM & NTLM v1 Authentication,Disabled,Non-compliant
WIN-14940,Windows,Ensure Windows Defender Antivirus is Enabled,Enabled,Non-compliant
WIN-14940,Windows,Enable Windows Update Auto Download & Install,Enabled,Non-compliant
WIN-14940,Windows,Enable Security Auditing,Enabled,Non-compliant
WIN-98700,Windows,Disable AutoPlay for all drives,Disabled,Non-compliant
WIN-98700,Windows,Disable LM & NTLM v1 Authentication,Disabled,Non-compliant
WIN-98700,Windows,Enable Windows Defender Application Control,Enabled,Non-compliant
WIN-40986,Windows,Enforce Password Complexity,Enabled (Complex password),Non-compliant
WIN-40986,Windows,Enable Windows Defender SmartScreen,Enabled,Non-compliant
WIN-40986,Windows,Enable Controlled Folder Access,Enabled,Non-compliant
WIN-40986,Windows,Disable SMB Signing Not Required,Enabled,Non-compliant
WIN-40986,Windows,Disable SMB Direct,Disabled,Non-compliant
WIN-40986,Windows,"Disable Legacy Protocols (NTLM v1, etc.)",Disabled,Non-compliant
WIN-88532,Windows,Enable Windows Defender SmartScreen,Enabled,Non-compliant
WIN-88532,Windows,Enable Windows Update Auto Download & Install,Enabled,Non-compliant
WIN-88532,Windows,Restrict Software Installation to Admins,Enabled,Non-compliant
WIN-88532,Windows,Enable Windows Defender Credential Guard,Enabled,Non-compliant
WIN-88532,Windows,Disable LM & NTLM v1 Authentication,Disabled,Non-compliant
WIN-88532,Windows,Disable Windows Remote Management (WinRM),Disabled,Non-compliant
WIN-63684,Windows,Enable Windows Defender Firewall,Enabled (All profiles),Non-compliant
WIN-63684,Windows,Disable AutoPlay for all drives,Disabled,Non-compliant
WIN-63684,Windows,Restrict Software Installation to Admins,Enabled,Non-compliant
WIN-63684,Windows,Enable Microsoft Defender Application Guard,Enabled,Non-compliant
WIN-63684,Windows,Enable Windows Defender Application Control,Enabled,Non-compliant
WIN-52386,Windows,Enable Windows Defender SmartScreen,Enabled,Non-compliant
WIN-52386,Windows,Disable Guest Account,Disabled,Non-compliant
WIN-52386,Windows,Disable SMB Direct,Disabled,Non-compliant
WIN-52386,Windows,Disable Windows Remote Management (WinRM),Disabled,Non-compliant
WIN-52386,Windows,Enable Windows Defender Application Control,Enabled,Non-compliant
WIN-33024,Windows,Disable SMBv1 Protocol,Disabled,Non-compliant
WIN-33024,Windows,Disable Local Administrator Account,Disabled,Non-compliant
WIN-33024,Windows,Disable Windows Script Host,Disabled,Non-compliant
WIN-33024,Windows,Disable Guest Account,Disabled,Non-compliant
WIN-33024,Windows,Disable Windows Remote Management (WinRM),Disabled,Non-compliant
WIN-33024,Windows,Disable Windows SMBv3 Compression,Disabled,Non-compliant
WIN-92500,Windows,Enable Windows Defender SmartScreen,Enabled,Non-compliant
WIN-92500,Windows,Disable SMB Signing Not Required,Enabled,Non-compliant
WIN-92500,Windows,Disable SMB Direct,Disabled,Non-compliant
WIN-92500,Windows,Disable Windows Remote Management (WinRM),Disabled,Non-compliant
WIN-92500,Windows,Disable Windows Telemetry,Disabled or minimized,Non-compliant
WIN-92500,Windows,Disable Windows SMBv3 Compression,Disabled,Non-compliant
WIN-72320,Windows,Enforce MFA for User Sign-in,Enforced,Non-compliant
WIN-72320,Windows,Disable SMB Signing Not Required,Enabled,Non-compliant
WIN-72320,Windows,Enable Windows Update Auto Download & Install,Enabled,Non-compliant
WIN-72320,Windows,Enable Security Auditing,Enabled,Non-compliant
WIN-72320,Windows,Disable Windows Telemetry,Disabled or minimized,Non-compliant
WIN-72320,Windows,Enable Windows Defender Application Control,Enabled,Non-compliant
WIN-10686,Windows,Restrict Software Installation to Admins,Enabled,Non-compliant
WIN-10686,Windows,Disable Windows Telemetry,Disabled or minimized,Non-compliant
WIN-10686,Windows,Enable Security Baseline for Windows 11,Enabled,Non-compliant
WIN-58830,Windows,Disable SMBv1 Protocol,Disabled,Non-compliant
WIN-58830,Windows,Enable Windows Defender SmartScreen,Enabled,Non-compliant
WIN-58830,Windows,Enable Controlled Folder Access,Enabled,Non-compliant
WIN-58830,Windows,Enable Windows Update Auto Download & Install,Enabled,Non-compliant
WIN-58830,Windows,Disable SMB Direct,Disabled,Non-compliant
WIN-58830,Windows,Enable Audit of Privilege Use,Enabled,Non-compliant
WIN-58830,Windows,Disable Windows Remote Management (WinRM),Disabled,Non-compliant
WIN-80944,Windows,Enable Security Auditing,Enabled,Non-compliant
WIN-80944,Windows,Disable Windows Remote Management (WinRM),Disabled,Non-compliant
WIN-80944,Windows,Enable Windows Defender Application Control,Enabled,Non-compliant
WIN-80944,Windows,Disable Windows Remote Assistance,Disabled,Non-compliant
WIN-28074,Windows,Disable Windows Script Host,Disabled,Non-compliant
WIN-28074,Windows,Restrict Software Installation to Admins,Enabled,Non-compliant
WIN-28074,Windows,Enable Audit of Privilege Use,Enabled,Non-compliant
WIN-28074,Windows,Disable Windows Remote Management (WinRM),Disabled,Non-compliant
WIN-28074,Windows,Enable Microsoft Defender Application Guard,Enabled,Non-compliant
WIN-28074,Windows,Disable Windows SMBv3 Compression,Disabled,Non-compliant
WIN-28074,Windows,Enable Windows Defender Network Protection,Enabled,Non-compliant
WIN-27400,Windows,Enable Windows Defender Firewall,Enabled (All profiles),Non-compliant
WIN-27400,Windows,Enable Windows Defender SmartScreen,Enabled,Non-compliant
WIN-27400,Windows,Disable Windows Telemetry,Disabled or minimized,Non-compliant
WIN-27400,Windows,Enable Security Baseline for Windows 11,Enabled,Non-compliant
WIN-63518,Windows,Configure Account Lockout Policy,"Lockout threshold 10, duration 15 min",Non-compliant
WIN-63518,Windows,Enforce Password Complexity,Enabled (Complex password),Non-compliant
WIN-63518,Windows,Enable Windows Defender Exploit Guard,Enabled,Non-compliant
WIN-63518,Windows,Disable Windows Remote Assistance,Disabled,Non-compliant
WIN-95734,Windows,Disable Windows Remote Assistance,Disabled,Non-compliant
WIN-68377,Windows,Enable Windows Defender Firewall,Enabled (All profiles),Non-compliant
WIN-68377,Windows,Configure Account Lockout Policy,"Lockout threshold 10, duration 15 min",Non-compliant
WIN-68377,Windows,Enforce MFA for User Sign-in,Enforced,Non-compliant
WIN-68377,Windows,Disable SMBv1 Protocol,Disabled,Non-compliant
WIN-68377,Windows,Disable Local Administrator Account,Disabled,Non-compliant
WIN-68377,Windows,Enforce Password Complexity,Enabled (Complex password),Non-compliant
WIN-68377,Windows,Enable Windows Update Auto Download & Install,Enabled,Non-compliant
WIN-68377,Windows,Disable LM & NTLM v1 Authentication,Disabled,Non-compliant
WIN-63178,Windows,Configure Account Lockout Policy,"Lockout threshold 10, duration 15 min",Non-compliant
WIN-63178,Windows,Enforce Password Complexity,Enabled (Complex password),Non-compliant
WIN-63178,Windows,Enable Windows Defender SmartScreen,Enabled,Non-compliant
WIN-63178,Windows,Disable Guest Account,Disabled,Non-compliant
WIN-63178,Windows,Enable Security Auditing,Enabled,Non-compliant
WIN-63178,Windows,Disable SMB Direct,Disabled,Non-compliant
WIN-63178,Windows,Disable Windows Remote Management (WinRM),Disabled,Non-compliant
WIN-63178,Windows,Disable Windows SMBv3 Compression,Disabled,Non-compliant
WIN-63178,Windows,Disable Windows Remote Assistance,Disabled,Non-compliant
WIN-57773,Windows,Disable SMB Signing Not Required,Enabled,Non-compliant
WIN-57773,Windows,Disable Windows Remote Management (WinRM),Disabled,Non-compliant
WIN-57773,Windows,Disable Windows SMBv3 Compression,Disabled,Non-compliant
WIN-18277,Windows,Disable SMBv1 Protocol,Disabled,Non-compliant
WIN-18277,Windows,Enable Windows Defender SmartScreen,Enabled,Non-compliant
WIN-18277,Windows,Disable AutoPlay for all drives,Disabled,Non-compliant
WIN-18277,Windows,Enable Security Auditing,Enabled,Non-compliant
WIN-18277,Windows,Enable Windows Defender Credential Guard,Enabled,Non-compliant
WIN-18277,Windows,Enable Windows Defender Application Control,Enabled,Non-compliant
WIN-29591,Windows,Enable Windows Defender Exploit Guard,Enabled,Non-compliant
WIN-29591,Windows,Disable AutoPlay for all drives,Disabled,Non-compliant
WIN-29591,Windows,Disable SMB Signing Not Required,Enabled,Non-compliant
WIN-29591,Windows,Enable Windows Update Auto Download & Install,Enabled,Non-compliant
WIN-29591,Windows,Restrict Software Installation to Admins,Enabled,Non-compliant
WIN-29591,Windows,Disable Windows SMBv3 Compression,Disabled,Non-compliant
WIN-21753,Windows,Enforce Password Complexity,Enabled (Complex password),Non-compliant
WIN-21753,Windows,Restrict Software Installation to Admins,Enabled,Non-compliant
WIN-21753,Windows,Disable SMB Direct,Disabled,Non-compliant
WIN-21753,Windows,"Disable Legacy Protocols (NTLM v1, etc.)",Disabled,Non-compliant
WIN-21753,Windows,Disable Windows SMBv3 Compression,Disabled,Non-compliant
WIN-54572,Windows,Enable BitLocker Drive Encryption,Enabled,Non-compliant
WIN-54572,Windows,Disable AutoPlay for all drives,Disabled,Non-compliant
WIN-83143,Windows,Configure Account Lockout Policy,"Lockout threshold 10, duration 15 min",Non-compliant
WIN-83143,Windows,Enforce MFA for User Sign-in,Enforced,Non-compliant
WIN-83143,Windows,Disable Local Administrator Account,Disabled,Non-compliant
WIN-83143,Windows,Enable Windows Defender SmartScreen,Enabled,Non-compliant
WIN-83143,Windows,Disable LM & NTLM v1 Authentication,Disabled,Non-compliant
WIN-83143,Windows,Enable Microsoft Defender Application Guard,Enabled,Non-compliant
WIN-83143,Windows,Disable Windows Remote Assistance,Disabled,Non-compliant
WIN-54573,Windows,Enable Windows Defender Firewall,Enabled (All profiles),Non-compliant
WIN-54573,Windows,Enforce MFA for User Sign-in,Enforced,Non-compliant
WIN-54573,Windows,Enable Windows Update Auto Download & Install,Enabled,Non-compliant
WIN-54573,Windows,Disable Remote Desktop for Non-Admins,Disabled or restricted,Non-compliant
WIN-54573,Windows,Enable Windows Defender Application Control,Enabled,Non-compliant
WIN-54573,Windows,Enable Windows Defender Network Protection,Enabled,Non-compliant
WIN-77000,Windows,Disable LM & NTLM v1 Authentication,Disabled,Non-compliant
WIN-77000,Windows,Enable Audit of Privilege Use,Enabled,Non-compliant
WIN-77000,Windows,"Disable Legacy Protocols (NTLM v1, etc.)",Disabled,Non-compliant
WIN-77000,Windows,Enable Windows Defender Application Control,Enabled,Non-compliant
WIN-80406,Windows,Enforce Password Complexity,Enabled (Complex password),Non-compliant
WIN-80406,Windows,Enable Controlled Folder Access,Enabled,Non-compliant
WIN-80406,Windows,Disable SMB Signing Not Required,Enabled,Non-compliant
WIN-80406,Windows,Disable Guest Account,Disabled,Non-compliant
WIN-80406,Windows,Enable Windows Defender Application Control,Enabled,Non-compliant
WIN-80406,Windows,Enable Windows Defender Network Protection,Enabled,Non-compliant
WIN-80406,Windows,Disable Windows Remote Assistance,Disabled,Non-compliant
WIN-80406,Windows,Enable Security Baseline for Windows 11,Enabled,Non-compliant
WIN-41772,Windows,Disable Windows Script Host,Disabled,Non-compliant
WIN-41772,Windows,Enable Windows Defender Credential Guard,Enabled,Non-compliant
WIN-41772,Windows,Enable Security Baseline for Windows 11,Enabled,Non-compliant
WIN-75849,Windows,Ensure Windows Defender Antivirus is Enabled,Enabled,Non-compliant
WIN-75849,Windows,Enable Windows Defender Firewall,Enabled (All profiles),Non-compliant
WIN-75849,Windows,Enable Microsoft Defender Application Guard,Enabled,Non-compliant
WIN-49823,Windows,Ensure Windows Defender Antivirus is Enabled,Enabled,Non-compliant
WIN-49823,Windows,Enable Windows Defender Firewall,Enabled (All profiles),Non-compliant
WIN-49823,Windows,Enforce MFA for User Sign-in,Enforced,Non-compliant
WIN-49823,Windows,Enable Controlled Folder Access,Enabled,Non-compliant
WIN-49823,Windows,Disable Windows Script Host,Disabled,Non-compliant
WIN-49823,Windows,Disable SMB Signing Not Required,Enabled,Non-compliant
WIN-49823,Windows,Enable Security Auditing,Enabled,Non-compliant
WIN-49823,Windows,Enable Windows Defender Credential Guard,Enabled,Non-compliant
WIN-49823,Windows,Disable Remote Desktop for Non-Admins,Disabled or restricted,Non-compliant
WIN-25474,Windows,Enable Windows Defender Firewall,Enabled (All profiles),Non-compliant
WIN-25474,Windows,Enable BitLocker Drive Encryption,Enabled,Non-compliant
WIN-61998,Windows,Ensure Windows Defender Antivirus is Enabled,Enabled,Non-compliant
WIN-61998,Windows,Enable Windows Defender SmartScreen,Enabled,Non-compliant
WIN-61998,Windows,Disable AutoPlay for all drives,Disabled,Non-compliant
WIN-61998,Windows,Disable LM & NTLM v1 Authentication,Disabled,Non-compliant
WIN-61998,Windows,Disable Windows Remote Management (WinRM),Disabled,Non-compliant
WIN-65043,Windows,Enable BitLocker Drive Encryption,Enabled,Non-compliant
WIN-65043,Windows,Disable Local Administrator Account,Disabled,Non-compliant
WIN-65043,Windows,Disable Windows Script Host,Disabled,Non-compliant
WIN-65043,Windows,Enable Security Auditing,Enabled,Non-compliant
WIN-65043,Windows,Disable SMB Direct,Disabled,Non-compliant
WIN-65043,Windows,Disable LM & NTLM v1 Authentication,Disabled,Non-compliant
WIN-65043,Windows,Enable Audit of Privilege Use,Enabled,Non-compliant
WIN-65043,Windows,Enable Windows Defender Application Control,Enabled,Non-compliant
WIN-64825,Windows,Disable Remote Desktop for Non-Admins,Disabled or restricted,Non-compliant
WIN-62841,Windows,Enable Controlled Folder Access,Enabled,Non-compliant
WIN-62841,Windows,Enable Windows Defender Exploit Guard,Enabled,Non-compliant
WIN-62841,Windows,Disable LM & NTLM v1 Authentication,Disabled,Non-compliant
WIN-49363,Windows,Enable Windows Defender SmartScreen,Enabled,Non-compliant
WIN-49363,Windows,Enable Security Auditing,Enabled,Non-compliant
WIN-49363,Windows,Enable Windows Defender Credential Guard,Enabled,Non-compliant
WIN-49363,Windows,Disable LM & NTLM v1 Authentication,Disabled,Non-compliant
WIN-79576,Windows,Ensure Windows Defender Antivirus is Enabled,Enabled,Non-compliant
WIN-79576,Windows,Disable AutoPlay for all drives,Disabled,Non-compliant
WIN-79576,Windows,Disable Windows Remote Management (WinRM),Disabled,Non-compliant
WIN-79576,Windows,Disable Windows Remote Assistance,Disabled,Non-compliant
WIN-33350,Windows,Configure Account Lockout Policy,"Lockout threshold 10, duration 15 min",Non-compliant
WIN-33350,Windows,Disable Windows Script Host,Disabled,Non-compliant
WIN-33350,Windows,"Disable Legacy Protocols (NTLM v1, etc.)",Disabled,Non-compliant
WIN-17948,Windows,Enforce MFA for User Sign-in,Enforced,Non-compliant
WIN-17948,Windows,Enable Windows Update Auto Download & Install,Enabled,Non-compliant
WIN-17948,Windows,Disable Guest Account,Disabled,Non-compliant
WIN-64128,Windows,Enforce Password Complexity,Enabled (Complex password),Non-compliant
WIN-64128,Windows,Enable Windows Defender Exploit Guard,Enabled,Non-compliant
WIN-64128,Windows,Disable SMB Direct,Disabled,Non-compliant
WIN-64128,Windows,Disable LM & NTLM v1 Authentication,Disabled,Non-compliant
WIN-64128,Windows,Enable Audit of Privilege Use,Enabled,Non-compliant
WIN-64128,Windows,Disable Windows Telemetry,Disabled or minimized,Non-compliant
WIN-56917,Windows,Enable Windows Defender Firewall,Enabled (All profiles),Non-compliant
WIN-56917,Windows,Disable Windows Script Host,Disabled,Non-compliant
WIN-56917,Windows,Disable LM & NTLM v1 Authentication,Disabled,Non-compliant
WIN-56917,Windows,Disable Windows Remote Assistance,Disabled,Non-compliant
WIN-99468,Windows,Enable Windows Defender SmartScreen,Enabled,Non-compliant
WIN-99468,Windows,Enable Controlled Folder Access,Enabled,Non-compliant
WIN-99468,Windows,Disable SMB Signing Not Required,Enabled,Non-compliant
WIN-32743,Windows,Disable Windows Script Host,Disabled,Non-compliant
WIN-32743,Windows,Disable Guest Account,Disabled,Non-compliant
WIN-32743,Windows,Enable Audit of Privilege Use,Enabled,Non-compliant
WIN-32743,Windows,Disable Windows SMBv3 Compression,Disabled,Non-compliant
WIN-32742,Windows,Disable Local Administrator Account,Disabled,Non-compliant
WIN-32742,Windows,Enable Windows Defender SmartScreen,Enabled,Non-compliant
WIN-32742,Windows,Enable Audit of Privilege Use,Enabled,Non-compliant
WIN-32742,Windows,Disable Windows Remote Assistance,Disabled,Non-compliant
WIN-89069,Windows,Enforce Password Complexity,Enabled (Complex password),Non-compliant
WIN-89069,Windows,Enable Controlled Folder Access,Enabled,Non-compliant
WIN-89069,Windows,Disable Guest Account,Disabled,Non-compliant
WIN-89069,Windows,Disable SMB Direct,Disabled,Non-compliant
WIN-89069,Windows,"Disable Legacy Protocols (NTLM v1, etc.)",Disabled,Non-compliant
WIN-90772,Windows,Ensure Windows Defender Antivirus is Enabled,Enabled,Non-compliant
WIN-90772,Windows,Enable Windows Defender Firewall,Enabled (All profiles),Non-compliant
WIN-90772,Windows,Disable Local Administrator Account,Disabled,Non-compliant
WIN-90772,Windows,Enable Windows Defender SmartScreen,Enabled,Non-compliant
WIN-90772,Windows,Disable SMB Signing Not Required,Enabled,Non-compliant
WIN-90772,Windows,Enable Windows Update Auto Download & Install,Enabled,Non-compliant
WIN-90772,Windows,Disable Guest Account,Disabled,Non-compliant
WIN-90772,Windows,Enable Security Auditing,Enabled,Non-compliant
WIN-90772,Windows,Disable SMB Direct,Disabled,Non-compliant
WIN-90772,Windows,Disable LM & NTLM v1 Authentication,Disabled,Non-compliant
WIN-90772,Windows,Disable Windows Remote Management (WinRM),Disabled,Non-compliant
WIN-90772,Windows,"Disable Legacy Protocols (NTLM v1, etc.)",Disabled,Non-compliant
WIN-49437,Windows,Enforce MFA for User Sign-in,Enforced,Non-compliant
WIN-49437,Windows,Disable AutoPlay for all drives,Disabled,Non-compliant
WIN-16844,Windows,Ensure Windows Defender Antivirus is Enabled,Enabled,Non-compliant
WIN-16844,Windows,Enable Windows Update Auto Download & Install,Enabled,Non-compliant
WIN-16844,Windows,Enable Security Auditing,Enabled,Non-compliant
WIN-16844,Windows,Disable Windows Telemetry,Disabled or minimized,Non-compliant
WIN-16844,Windows,Enable Security Baseline for Windows 11,Enabled,Non-compliant
WIN-80267,Windows,Enable Windows Defender Firewall,Enabled (All profiles),Non-compliant
WIN-80267,Windows,Enforce MFA for User Sign-in,Enforced,Non-compliant
WIN-84018,Windows,Enable Windows Defender SmartScreen,Enabled,Non-compliant
WIN-84018,Windows,Restrict Software Installation to Admins,Enabled,Non-compliant
WIN-84018,Windows,"Disable Legacy Protocols (NTLM v1, etc.)",Disabled,Non-compliant
WIN-33791,Windows,Enable Windows Defender Firewall,Enabled (All profiles),Non-compliant
WIN-33791,Windows,Disable SMB Direct,Disabled,Non-compliant
WIN-33791,Windows,Enable Windows Defender Network Protection,Enabled,Non-compliant
WIN-15613,Windows,Ensure Windows Defender Antivirus is Enabled,Enabled,Non-compliant
WIN-15613,Windows,Enable Windows Defender SmartScreen,Enabled,Non-compliant
WIN-15613,Windows,Enable Windows Update Auto Download & Install,Enabled,Non-compliant
WIN-13966,Windows,Enforce MFA for User Sign-in,Enforced,Non-compliant
WIN-13966,Windows,Disable Local Administrator Account,Disabled,Non-compliant
WIN-13966,Windows,Enable Windows Defender Exploit Guard,Enabled,Non-compliant
WIN-13966,Windows,Disable Windows Script Host,Disabled,Non-compliant
WIN-13966,Windows,Restrict Software Installation to Admins,Enabled,Non-compliant
WIN-13966,Windows,Enable Audit of Privilege Use,Enabled,Non-compliant
WIN-13966,Windows,Disable Windows Remote Assistance,Disabled,Non-compliant
WIN-76983,Windows,Enforce MFA for User Sign-in,Enforced,Non-compliant
WIN-76983,Windows,Disable Guest Account,Disabled,Non-compliant
WIN-76983,Windows,Disable SMB Direct,Disabled,Non-compliant
WIN-76983,Windows,Enable Windows Defender Credential Guard,Enabled,Non-compliant
WIN-76983,Windows,Enable Microsoft Defender Application Guard,Enabled,Non-compliant
WIN-91069,Windows,Ensure Windows Defender Antivirus is Enabled,Enabled,Non-compliant
WIN-91069,Windows,Disable Remote Desktop for Non-Admins,Disabled or restricted,Non-compliant
WIN-91069,Windows,Disable Windows Remote Assistance,Disabled,Non-compliant
WIN-50766,Windows,Enable Security Auditing,Enabled,Non-compliant
WIN-50766,Windows,Disable Windows Remote Management (WinRM),Disabled,Non-compliant
WIN-50766,Windows,"Disable Legacy Protocols (NTLM v1, etc.)",Disabled,Non-compliant
WIN-50766,Windows,Disable Windows Remote Assistance,Disabled,Non-compliant
WIN-70086,Windows,Enable Windows Defender Firewall,Enabled (All profiles),Non-compliant
WIN-70086,Windows,Disable Guest Account,Disabled,Non-compliant
WIN-70086,Windows,Disable Remote Desktop for Non-Admins,Disabled or restricted,Non-compliant
WIN-70086,Windows,Enable Security Baseline for Windows 11,Enabled,Non-compliant
WIN-28330,Windows,Ensure Windows Defender Antivirus is Enabled,Enabled,Non-compliant
WIN-28330,Windows,Enable BitLocker Drive Encryption,Enabled,Non-compliant
WIN-28330,Windows,Enable Windows Defender Exploit Guard,Enabled,Non-compliant
WIN-16503,Windows,Disable SMB Signing Not Required,Enabled,Non-compliant
WIN-16503,Windows,Enable Microsoft Defender Application Guard,Enabled,Non-compliant
WIN-48488,Windows,Enable Windows Defender Firewall,Enabled (All profiles),Non-compliant
WIN-48488,Windows,Enable BitLocker Drive Encryption,Enabled,Non-compliant
WIN-48488,Windows,Disable SMB Signing Not Required,Enabled,Non-compliant
WIN-48488,Windows,Restrict Software Installation to Admins,Enabled,Non-compliant
WIN-48488,Windows,"Disable Legacy Protocols (NTLM v1, etc.)",Disabled,Non-compliant
WIN-12967,Windows,Disable SMB Signing Not Required,Enabled,Non-compliant
WIN-32493,Windows,Enable Windows Defender Firewall,Enabled (All profiles),Non-compliant
WIN-32493,Windows,Disable SMB Direct,Disabled,Non-compliant
WIN-32493,Windows,Enable Audit of Privilege Use,Enabled,Non-compliant
WIN-32493,Windows,Enable Windows Defender Application Control,Enabled,Non-compliant
WIN-36619,Windows,Configure Account Lockout Policy,"Lockout threshold 10, duration 15 min",Non-compliant
WIN-36619,Windows,Enforce MFA for User Sign-in,Enforced,Non-compliant
WIN-36619,Windows,Disable Local Administrator Account,Disabled,Non-compliant
WIN-36619,Windows,Enforce Password Complexity,Enabled (Complex password),Non-compliant
WIN-36619,Windows,Enable Windows Defender Exploit Guard,Enabled,Non-compliant
WIN-36619,Windows,Restrict Software Installation to Admins,Enabled,Non-compliant
WIN-36619,Windows,Enable Audit of Privilege Use,Enabled,Non-compliant
WIN-36619,Windows,Disable Windows SMBv3 Compression,Disabled,Non-compliant
WIN-36619,Windows,Disable Windows Remote Assistance,Disabled,Non-compliant
WIN-83026,Windows,Ensure Windows Defender Antivirus is Enabled,Enabled,Non-compliant
WIN-83026,Windows,Enforce MFA for User Sign-in,Enforced,Non-compliant
WIN-83026,Windows,Disable Local Administrator Account,Disabled,Non-compliant
WIN-83026,Windows,Disable Guest Account,Disabled,Non-compliant
WIN-83026,Windows,Disable LM & NTLM v1 Authentication,Disabled,Non-compliant
WIN-83026,Windows,Enable Audit of Privilege Use,Enabled,Non-compliant
WIN-84716,Windows,Ensure Windows Defender Antivirus is Enabled,Enabled,Non-compliant
WIN-84716,Windows,Enforce MFA for User Sign-in,Enforced,Non-compliant
WIN-84716,Windows,Enable Windows Defender SmartScreen,Enabled,Non-compliant
WIN-74604,Windows,Disable Local Administrator Account,Disabled,Non-compliant
WIN-74604,Windows,Enable Windows Defender Exploit Guard,Enabled,Non-compliant
WIN-74604,Windows,Disable AutoPlay for all drives,Disabled,Non-compliant
WIN-74604,Windows,Disable SMB Signing Not Required,Enabled,Non-compliant
WIN-35883,Windows,Configure Account Lockout Policy,"Lockout threshold 10, duration 15 min",Non-compliant
WIN-35883,Windows,Disable SMBv1 Protocol,Disabled,Non-compliant
WIN-35883,Windows,Disable Local Administrator Account,Disabled,Non-compliant
WIN-35883,Windows,Disable SMB Signing Not Required,Enabled,Non-compliant
WIN-35883,Windows,Restrict Software Installation to Admins,Enabled,Non-compliant
WIN-35883,Windows,Disable Windows Telemetry,Disabled or minimized,Non-compliant
AND-75074,Android,Disable Bluetooth Sharing,Disabled or Limited,Non-compliant
AND-75074,Android,Disable Google Assistant on Lock Screen,Disabled,Non-compliant
AND-75074,Android,Disable WebRTC IP Leakage,Enabled (Recommended),Non-compliant
AND-80321,Android,Disable USB Debugging,Disabled,Non-compliant
AND-80321,Android,Disable Auto Sync,Disabled,Non-compliant
AND-80321,Android,Enable Safe Browsing Protection,Enabled,Non-compliant
AND-80321,Android,Enforce VPN Use for Enterprise Traffic,Enforced,Non-compliant
AND-80321,Android,Disable WebRTC IP Leakage,Enabled (Recommended),Non-compliant
AND-24407,Android,Enforce Device Passcode,Enabled (Strong passcode),Non-compliant
AND-24407,Android,Disable Camera Access,Disabled (if not required),Non-compliant
AND-24407,Android,Block Pop-ups,Blocked,Non-compliant
AND-24407,Android,Disable Bluetooth Sharing,Disabled or Limited,Non-compliant
AND-24407,Android,Block Third-party Cookies,Blocked,Non-compliant
AND-16675,Android,Enforce Screen Lock Timeout,≤ 5 minutes,Non-compliant
AND-16675,Android,Disable Developer Options,Disabled,Non-compliant
AND-16675,Android,Disable Camera Access,Disabled (if not required),Non-compliant
AND-16675,Android,Disable Clipboard Access,Disabled or Controlled,Non-compliant
AND-16675,Android,Disable Screen Recording,Disabled,Non-compliant
AND-16675,Android,Disable Automatic App Updates,Disabled or Controlled,Non-compliant
AND-11511,Android,Disable Background Data Usage,Disabled or Limited,Non-compliant
AND-11511,Android,Enforce Encryption of Data at Rest,Enabled,Non-compliant
AND-11511,Android,Disable Microphone Access,Disabled (if not required),Non-compliant
AND-10970,Android,Disable Background Data Usage,Disabled or Limited,Non-compliant
AND-10970,Android,Disable Auto Sync,Disabled,Non-compliant
AND-10970,Android,Disable Automatic App Updates,Disabled or Controlled,Non-compliant
AND-10970,Android,Disable Mixed Content Loading,Blocked,Non-compliant
AND-28260,Android,Disable Developer Options,Disabled,Non-compliant
AND-28260,Android,Disable Location Services,Disabled or Limited,Non-compliant
AND-28260,Android,Disable Camera Access,Disabled (if not required),Non-compliant
AND-28260,Android,Disable Mixed Content Loading,Blocked,Non-compliant
AND-42104,Android,Enforce Encryption of Data at Rest,Enabled,Non-compliant
AND-42104,Android,Disable Password Manager,Disabled,Non-compliant
AND-42104,Android,Disable Clipboard Access,Disabled or Controlled,Non-compliant
AND-42104,Android,Disable Google Assistant on Lock Screen,Disabled,Non-compliant
AND-42104,Android,Disable Automatic App Updates,Disabled or Controlled,Non-compliant
AND-42104,Android,Disable Flash Player,Disabled,Non-compliant
AND-53702,Android,Enforce Device Passcode,Enabled (Strong passcode),Non-compliant
AND-53702,Android,Disable USB Debugging,Disabled,Non-compliant
AND-53702,Android,Disable Password Manager,Disabled,Non-compliant
AND-53702,Android,Disable Google Assistant on Lock Screen,Disabled,Non-compliant
AND-53702,Android,Disable Automatic App Updates,Disabled or Controlled,Non-compliant
AND-40606,Android,Disable Screen Capture,Disabled,Non-compliant
AND-40606,Android,Block Pop-ups,Blocked,Non-compliant
AND-40606,Android,Disable WebRTC IP Leakage,Enabled (Recommended),Non-compliant
AND-84523,Android,Disable USB Debugging,Disabled,Non-compliant
AND-84523,Android,Disable USB File Transfer,Disabled,Non-compliant
AND-84523,Android,Disable Background Data Usage,Disabled or Limited,Non-compliant
AND-84523,Android,Disable Autofill,Disabled,Non-compliant
AND-84523,Android,Enable Safe Browsing Protection,Enabled,Non-compliant
AND-84523,Android,Disable WebRTC IP Leakage,Enabled (Recommended),Non-compliant
AND-84523,Android,Disable Flash Player,Disabled,Non-compliant
AND-90651,Android,Disable Developer Options,Disabled,Non-compliant
AND-90651,Android,Disable Background Data Usage,Disabled or Limited,Non-compliant
AND-90651,Android,Disable Sync Features,Disabled,Non-compliant
AND-97139,Android,Block Pop-ups,Blocked,Non-compliant
AND-61435,Android,Disable Developer Options,Disabled,Non-compliant
AND-61435,Android,Disable Background Data Usage,Disabled or Limited,Non-compliant
AND-61435,Android,Disable Location Services,Disabled or Limited,Non-compliant
AND-61435,Android,Disable Google Assistant on Lock Screen,Disabled,Non-compliant
AND-51337,Android,Disable Google Assistant on Lock Screen,Disabled,Non-compliant
AND-51337,Android,Disable Automatic App Updates,Disabled or Controlled,Non-compliant
AND-37491,Android,Disable Unknown Sources for App Installation,Disabled,Non-compliant
AND-37491,Android,Disable NFC,Disabled (if not needed),Non-compliant
AND-37491,Android,Disable Mixed Content Loading,Blocked,Non-compliant
AND-24147,Android,Enforce Encryption of Data at Rest,Enabled,Non-compliant
AND-24147,Android,Disable NFC,Disabled (if not needed),Non-compliant
AND-48471,Android,Block Installation of Unapproved Apps,Block unapproved apps,Non-compliant
AND-48471,Android,Disable Screen Capture,Disabled,Non-compliant
AND-48471,Android,Disable Auto Sync,Disabled,Non-compliant
AND-48471,Android,Disable NFC,Disabled (if not needed),Non-compliant
AND-48471,Android,Disable Clipboard Access,Disabled or Controlled,Non-compliant
AND-43581,Android,Disable USB Debugging,Disabled,Non-compliant
AND-43581,Android,Disable Screen Capture,Disabled,Non-compliant
AND-58975,Android,Disable Location Services,Disabled or Limited,Non-compliant
AND-58975,Android,Disable Password Manager,Disabled,Non-compliant
AND-58975,Android,Disable Automatic App Updates,Disabled or Controlled,Non-compliant
AND-58975,Android,Disable WebRTC IP Leakage,Enabled (Recommended),Non-compliant
AND-21507,Android,Enforce Device Passcode,Enabled (Strong passcode),Non-compliant
AND-21507,Android,Enforce Screen Lock Timeout,≤ 5 minutes,Non-compliant
AND-21507,Android,Disable Google Assistant on Lock Screen,Disabled,Non-compliant
AND-87044,Android,Enforce Screen Lock Timeout,≤ 5 minutes,Non-compliant
AND-87044,Android,Disable Unknown Sources for App Installation,Disabled,Non-compliant
AND-87044,Android,Disable USB Debugging,Disabled,Non-compliant
AND-87044,Android,Disable Auto Sync,Disabled,Non-compliant
AND-87044,Android,Disable Microphone Access,Disabled (if not required),Non-compliant
AND-87044,Android,Disable Screen Recording,Disabled,Non-compliant
AND-33721,Android,Enforce Screen Lock Timeout,≤ 5 minutes,Non-compliant
AND-33721,Android,Disable USB Debugging,Disabled,Non-compliant
AND-33721,Android,Disable Microphone Access,Disabled (if not required),Non-compliant
AND-33721,Android,Disable Autofill,Disabled,Non-compliant
AND-33721,Android,Disable NFC,Disabled (if not needed),Non-compliant
AND-33721,Android,Disable Clipboard Access,Disabled or Controlled,Non-compliant
AND-33721,Android,Disable Screen Recording,Disabled,Non-compliant
AND-12001,Android,Disable Microphone Access,Disabled (if not required),Non-compliant
AND-12001,Android,Enforce VPN Use for Enterprise Traffic,Enforced,Non-compliant
AND-12001,Android,Disable Google Assistant on Lock Screen,Disabled,Non-compliant
AND-65108,Android,Disable Background Data Usage,Disabled or Limited,Non-compliant
AND-65108,Android,Block Pop-ups,Blocked,Non-compliant
AND-65108,Android,Disable Password Manager,Disabled,Non-compliant
AND-65108,Android,Disable Screen Recording,Disabled,Non-compliant
AND-65108,Android,Disable Mixed Content Loading,Blocked,Non-compliant
AND-16457,Android,Disable Unknown Sources for App Installation,Disabled,Non-compliant
AND-16457,Android,Disable Screen Capture,Disabled,Non-compliant
AND-16457,Android,Enforce VPN Use for Enterprise Traffic,Enforced,Non-compliant
AND-16457,Android,Disable Screen Recording,Disabled,Non-compliant
AND-16457,Android,Disable Mixed Content Loading,Blocked,Non-compliant
AND-39716,Android,Disable Location Services,Disabled or Limited,Non-compliant
AND-39716,Android,Disable Microphone Access,Disabled (if not required),Non-compliant
AND-39716,Android,Disable Autofill,Disabled,Non-compliant
AND-39716,Android,Block Third-party Cookies,Blocked,Non-compliant
AND-39102,Android,Enforce Encryption of Data at Rest,Enabled,Non-compliant
AND-39102,Android,Disable Autofill,Disabled,Non-compliant
AND-39102,Android,Disable Bluetooth Sharing,Disabled or Limited,Non-compliant
AND-39102,Android,Enable Safe Browsing Protection,Enabled,Non-compliant
AND-39102,Android,Disable WebRTC IP Leakage,Enabled (Recommended),Non-compliant
AND-39102,Android,Disable Mixed Content Loading,Blocked,Non-compliant
AND-89246,Android,Enforce Encryption of Data at Rest,Enabled,Non-compliant
AND-89246,Android,Block Pop-ups,Blocked,Non-compliant
AND-20267,Android,Block Installation of Unapproved Apps,Block unapproved apps,Non-compliant
AND-20267,Android,Disable Location Services,Disabled or Limited,Non-compliant
AND-20267,Android,Disable Sync Features,Disabled,Non-compliant
AND-20267,Android,Disable Clipboard Access,Disabled or Controlled,Non-compliant
AND-34995,Android,Enforce Device Passcode,Enabled (Strong passcode),Non-compliant
AND-34995,Android,Disable USB Debugging,Disabled,Non-compliant
AND-34995,Android,Disable Location Services,Disabled or Limited,Non-compliant
AND-34995,Android,Disable Microphone Access,Disabled (if not required),Non-compliant
AND-34995,Android,Disable Clipboard Access,Disabled or Controlled,Non-compliant
AND-34995,Android,Disable Flash Player,Disabled,Non-compliant
AND-46906,Android,Enforce Device Passcode,Enabled (Strong passcode),Non-compliant
AND-46906,Android,Disable Screen Capture,Disabled,Non-compliant
AND-46906,Android,Disable Autofill,Disabled,Non-compliant
AND-62908,Android,Enforce Encryption of Data at Rest,Enabled,Non-compliant
AND-62908,Android,Disable Autofill,Disabled,Non-compliant
AND-62908,Android,Disable Mixed Content Loading,Blocked,Non-compliant
AND-23619,Android,Block Installation of Unapproved Apps,Block unapproved apps,Non-compliant
AND-23619,Android,Disable USB File Transfer,Disabled,Non-compliant
AND-23619,Android,Disable Location Services,Disabled or Limited,Non-compliant
AND-23619,Android,Disable Password Manager,Disabled,Non-compliant
AND-23619,Android,Disable Mixed Content Loading,Blocked,Non-compliant
AND-92985,Android,Enforce Screen Lock Timeout,≤ 5 minutes,Non-compliant
AND-92985,Android,Disable Location Services,Disabled or Limited,Non-compliant
AND-92985,Android,Disable NFC,Disabled (if not needed),Non-compliant
AND-92985,Android,Disable Sync Features,Disabled,Non-compliant
AND-92985,Android,Block Third-party Cookies,Blocked,Non-compliant
AND-27799,Android,Enforce Device Passcode,Enabled (Strong passcode),Non-compliant
AND-27799,Android,Disable Automatic App Updates,Disabled or Controlled,Non-compliant
AND-33275,Android,Disable USB Debugging,Disabled,Non-compliant
AND-33275,Android,Disable Auto Sync,Disabled,Non-compliant
AND-33275,Android,Disable Microphone Access,Disabled (if not required),Non-compliant
AND-33275,Android,Block Pop-ups,Blocked,Non-compliant
AND-33275,Android,Disable Password Manager,Disabled,Non-compliant
AND-18908,Android,Disable Camera Access,Disabled (if not required),Non-compliant
AND-18908,Android,Disable Autofill,Disabled,Non-compliant
AND-18908,Android,Disable Google Assistant on Lock Screen,Disabled,Non-compliant
AND-18908,Android,Block Third-party Cookies,Blocked,Non-compliant
AND-17769,Android,Enforce Device Passcode,Enabled (Strong passcode),Non-compliant
AND-17769,Android,Enforce Screen Lock Timeout,≤ 5 minutes,Non-compliant
AND-17769,Android,Disable Unknown Sources for App Installation,Disabled,Non-compliant
AND-17769,Android,Block Installation of Unapproved Apps,Block unapproved apps,Non-compliant
AND-17769,Android,Disable Password Manager,Disabled,Non-compliant
AND-17769,Android,Enforce VPN Use for Enterprise Traffic,Enforced,Non-compliant
AND-31567,Android,Disable Background Data Usage,Disabled or Limited,Non-compliant
AND-31567,Android,Disable Autofill,Disabled,Non-compliant
AND-31567,Android,Disable Screen Recording,Disabled,Non-compliant
AND-37748,Android,Disable Unknown Sources for App Installation,Disabled,Non-compliant
AND-37748,Android,Disable Background Data Usage,Disabled or Limited,Non-compliant
AND-37748,Android,Disable NFC,Disabled (if not needed),Non-compliant
AND-37748,Android,Disable Clipboard Access,Disabled or Controlled,Non-compliant
AND-37748,Android,Block Third-party Cookies,Blocked,Non-compliant
AND-37748,Android,Disable Mixed Content Loading,Blocked,Non-compliant
AND-48643,Android,Disable NFC,Disabled (if not needed),Non-compliant
AND-48643,Android,Disable Google Assistant on Lock Screen,Disabled,Non-compliant
AND-32421,Android,Disable Microphone Access,Disabled (if not required),Non-compliant
AND-32421,Android,Disable NFC,Disabled (if not needed),Non-compliant
AND-32421,Android,Disable Automatic App Updates,Disabled or Controlled,Non-compliant
AND-32421,Android,Disable Mixed Content Loading,Blocked,Non-compliant
AND-85978,Android,Disable Unknown Sources for App Installation,Disabled,Non-compliant
AND-85978,Android,Disable USB Debugging,Disabled,Non-compliant
AND-85978,Android,Disable USB File Transfer,Disabled,Non-compliant
AND-85978,Android,Disable Microphone Access,Disabled (if not required),Non-compliant
AND-60734,Android,Disable NFC,Disabled (if not needed),Non-compliant
AND-52188,Android,Disable Location Services,Disabled or Limited,Non-compliant
AND-52188,Android,Enforce VPN Use for Enterprise Traffic,Enforced,Non-compliant
AND-52188,Android,Disable Mixed Content Loading,Blocked,Non-compliant
AND-68012,Android,Enforce Screen Lock Timeout,≤ 5 minutes,Non-compliant
AND-68012,Android,Block Installation of Unapproved Apps,Block unapproved apps,Non-compliant
AND-68012,Android,Disable Developer Options,Disabled,Non-compliant
AND-68012,Android,Enforce Encryption of Data at Rest,Enabled,Non-compliant
AND-68012,Android,Disable Microphone Access,Disabled (if not required),Non-compliant
AND-68012,Android,Block Pop-ups,Blocked,Non-compliant
AND-68012,Android,Disable Autofill,Disabled,Non-compliant
AND-68012,Android,Disable Bluetooth Sharing,Disabled or Limited,Non-compliant
AND-45767,Android,Enforce Encryption of Data at Rest,Enabled,Non-compliant
AND-45767,Android,Disable WebRTC IP Leakage,Enabled (Recommended),Non-compliant
AND-98500,Android,Disable USB Debugging,Disabled,Non-compliant
AND-98500,Android,Disable USB File Transfer,Disabled,Non-compliant
AND-98500,Android,Disable Screen Capture,Disabled,Non-compliant
AND-98500,Android,Disable Auto Sync,Disabled,Non-compliant
AND-98500,Android,Enforce VPN Use for Enterprise Traffic,Enforced,Non-compliant
AND-98500,Android,Disable Automatic App Updates,Disabled or Controlled,Non-compliant
AND-44560,Android,Disable Unknown Sources for App Installation,Disabled,Non-compliant
AND-44560,Android,Disable WebRTC IP Leakage,Enabled (Recommended),Non-compliant
AND-44560,Android,Disable Flash Player,Disabled,Non-compliant
AND-87323,Android,Disable Unknown Sources for App Installation,Disabled,Non-compliant
AND-87323,Android,Disable Screen Capture,Disabled,Non-compliant
AND-87323,Android,Enforce Encryption of Data at Rest,Enabled,Non-compliant
AND-87323,Android,Disable Bluetooth Sharing,Disabled or Limited,Non-compliant
AND-87323,Android,Disable Sync Features,Disabled,Non-compliant
AND-87323,Android,Disable Clipboard Access,Disabled or Controlled,Non-compliant
AND-87323,Android,Disable Automatic App Updates,Disabled or Controlled,Non-compliant
AND-87323,Android,Block Third-party Cookies,Blocked,Non-compliant
AND-87323,Android,Disable Flash Player,Disabled,Non-compliant
AND-87323,Android,Disable Mixed Content Loading,Blocked,Non-compliant
AND-21898,Android,Enforce Screen Lock Timeout,≤ 5 minutes,Non-compliant
AND-21898,Android,Disable Developer Options,Disabled,Non-compliant
AND-21898,Android,Disable Auto Sync,Disabled,Non-compliant
AND-36288,Android,Disable Unknown Sources for App Installation,Disabled,Non-compliant
AND-36288,Android,Disable Background Data Usage,Disabled or Limited,Non-compliant
AND-36288,Android,Disable Bluetooth Sharing,Disabled or Limited,Non-compliant
AND-36288,Android,Enforce VPN Use for Enterprise Traffic,Enforced,Non-compliant
AND-36288,Android,Disable Flash Player,Disabled,Non-compliant
AND-27836,Android,Block Installation of Unapproved Apps,Block unapproved apps,Non-compliant
AND-27836,Android,Disable USB Debugging,Disabled,Non-compliant
AND-27836,Android,Disable Background Data Usage,Disabled or Limited,Non-compliant
AND-27836,Android,Disable Camera Access,Disabled (if not required),Non-compliant
AND-27836,Android,Disable Microphone Access,Disabled (if not required),Non-compliant
AND-27836,Android,Enforce VPN Use for Enterprise Traffic,Enforced,Non-compliant
AND-27836,Android,Disable Screen Recording,Disabled,Non-compliant
AND-44414,Android,Enforce Screen Lock Timeout,≤ 5 minutes,Non-compliant
AND-44414,Android,Disable USB Debugging,Disabled,Non-compliant
AND-44414,Android,Disable Auto Sync,Disabled,Non-compliant
AND-44414,Android,Disable Camera Access,Disabled (if not required),Non-compliant
AND-44414,Android,Disable Microphone Access,Disabled (if not required),Non-compliant
AND-44414,Android,Disable Bluetooth Sharing,Disabled or Limited,Non-compliant
AND-44414,Android,Disable Google Assistant on Lock Screen,Disabled,Non-compliant
AND-44414,Android,Disable Screen Recording,Disabled,Non-compliant
AND-34902,Android,Enforce Device Passcode,Enabled (Strong passcode),Non-compliant
AND-34902,Android,Disable Bluetooth Sharing,Disabled or Limited,Non-compliant
AND-34902,Android,Enable Safe Browsing Protection,Enabled,Non-compliant
AND-34902,Android,Disable Google Assistant on Lock Screen,Disabled,Non-compliant
AND-66165,Android,Disable USB Debugging,Disabled,Non-compliant
AND-66165,Android,Disable USB File Transfer,Disabled,Non-compliant
AND-66165,Android,Disable Camera Access,Disabled (if not required),Non-compliant
AND-66165,Android,Disable Flash Player,Disabled,Non-compliant
AND-17420,Android,Disable Screen Capture,Disabled,Non-compliant
AND-17420,Android,Disable Auto Sync,Disabled,Non-compliant
AND-17420,Android,Enforce Encryption of Data at Rest,Enabled,Non-compliant
AND-17420,Android,Disable Camera Access,Disabled (if not required),Non-compliant
AND-17420,Android,Disable Microphone Access,Disabled (if not required),Non-compliant
AND-17420,Android,Disable NFC,Disabled (if not needed),Non-compliant
AND-17420,Android,Disable WebRTC IP Leakage,Enabled (Recommended),Non-compliant
AND-82228,Android,Disable Autofill,Disabled,Non-compliant
AND-82228,Android,Disable NFC,Disabled (if not needed),Non-compliant
AND-82228,Android,Enable Safe Browsing Protection,Enabled,Non-compliant
AND-82228,Android,Enforce VPN Use for Enterprise Traffic,Enforced,Non-compliant
AND-82228,Android,Disable Automatic App Updates,Disabled or Controlled,Non-compliant
AND-82228,Android,Disable WebRTC IP Leakage,Enabled (Recommended),Non-compliant
AND-30653,Android,Disable Camera Access,Disabled (if not required),Non-compliant
AND-30653,Android,Disable Clipboard Access,Disabled or Controlled,Non-compliant
AND-49671,Android,Disable Auto Sync,Disabled,Non-compliant
AND-49671,Android,Disable Clipboard Access,Disabled or Controlled,Non-compliant
AND-40952,Android,Disable Screen Capture,Disabled,Non-compliant
AND-40952,Android,Enable Safe Browsing Protection,Enabled,Non-compliant
AND-40952,Android,Disable Sync Features,Disabled,Non-compliant
AND-92787,Android,Block Installation of Unapproved Apps,Block unapproved apps,Non-compliant
AND-92787,Android,Disable Background Data Usage,Disabled or Limited,Non-compliant
AND-92787,Android,Disable Bluetooth Sharing,Disabled or Limited,Non-compliant
AND-92787,Android,Disable Sync Features,Disabled,Non-compliant
AND-72385,Android,Disable Background Data Usage,Disabled or Limited,Non-compliant
AND-72385,Android,Disable Autofill,Disabled,Non-compliant
AND-72385,Android,Disable Clipboard Access,Disabled or Controlled,Non-compliant
AND-72385,Android,Disable Mixed Content Loading,Blocked,Non-compliant
AND-77178,Android,Enforce Device Passcode,Enabled (Strong passcode),Non-compliant
AND-77178,Android,Disable Unknown Sources for App Installation,Disabled,Non-compliant
AND-77178,Android,Disable Screen Capture,Disabled,Non-compliant
AND-77178,Android,Disable Camera Access,Disabled (if not required),Non-compliant
AND-77178,Android,Disable Bluetooth Sharing,Disabled or Limited,Non-compliant
AND-60984,Android,Disable Developer Options,Disabled,Non-compliant
AND-60984,Android,Disable Screen Capture,Disabled,Non-compliant
AND-60984,Android,Block Pop-ups,Blocked,Non-compliant
AND-49473,Android,Enforce Screen Lock Timeout,≤ 5 minutes,Non-compliant
AND-49473,Android,Disable Unknown Sources for App Installation,Disabled,Non-compliant
AND-49473,Android,Disable USB File Transfer,Disabled,Non-compliant
AND-49473,Android,Disable Background Data Usage,Disabled or Limited,Non-compliant
AND-49473,Android,Disable Password Manager,Disabled,Non-compliant
AND-49473,Android,Enforce VPN Use for Enterprise Traffic,Enforced,Non-compliant
AND-49473,Android,Disable Screen Recording,Disabled,Non-compliant
AND-54535,Android,Enforce Screen Lock Timeout,≤ 5 minutes,Non-compliant
AND-54535,Android,Disable Auto Sync,Disabled,Non-compliant
AND-54535,Android,Disable Automatic App Updates,Disabled or Controlled,Non-compliant
AND-54535,Android,Disable Mixed Content Loading,Blocked,Non-compliant
AND-46544,Android,Block Installation of Unapproved Apps,Block unapproved apps,Non-compliant
AND-46544,Android,Disable NFC,Disabled (if not needed),Non-compliant
AND-46544,Android,Disable Clipboard Access,Disabled or Controlled,Non-compliant
AND-87907,Android,Disable Screen Capture,Disabled,Non-compliant
AND-80207,Android,Disable Microphone Access,Disabled (if not required),Non-compliant
AND-80207,Android,Block Pop-ups,Blocked,Non-compliant
AND-80207,Android,Enforce VPN Use for Enterprise Traffic,Enforced,Non-compliant
AND-80207,Android,Disable Screen Recording,Disabled,Non-compliant
AND-26131,Android,Enforce Screen Lock Timeout,≤ 5 minutes,Non-compliant
AND-26131,Android,Disable Unknown Sources for App Installation,Disabled,Non-compliant
AND-26131,Android,Disable Developer Options,Disabled,Non-compliant
AND-66457,Android,Disable Screen Capture,Disabled,Non-compliant
AND-66457,Android,Enable Safe Browsing Protection,Enabled,Non-compliant
AND-66457,Android,Disable WebRTC IP Leakage,Enabled (Recommended),Non-compliant
AND-28767,Android,Enforce Device Passcode,Enabled (Strong passcode),Non-compliant
AND-28767,Android,Disable Background Data Usage,Disabled or Limited,Non-compliant
AND-28767,Android,Disable Camera Access,Disabled (if not required),Non-compliant
AND-81693,Android,Disable Camera Access,Disabled (if not required),Non-compliant
AND-81693,Android,Disable Password Manager,Disabled,Non-compliant
AND-81693,Android,Enforce VPN Use for Enterprise Traffic,Enforced,Non-compliant
AND-81693,Android,Disable Clipboard Access,Disabled or Controlled,Non-compliant
AND-81693,Android,Disable WebRTC IP Leakage,Enabled (Recommended),Non-compliant
AND-48323,Android,Disable Developer Options,Disabled,Non-compliant
AND-48323,Android,Disable Screen Capture,Disabled,Non-compliant
AND-48323,Android,Enable Safe Browsing Protection,Enabled,Non-compliant
AND-48323,Android,Disable Mixed Content Loading,Blocked,Non-compliant
AND-59502,Android,Enforce Screen Lock Timeout,≤ 5 minutes,Non-compliant
AND-59502,Android,Disable Auto Sync,Disabled,Non-compliant
AND-59502,Android,Disable Screen Recording,Disabled,Non-compliant
AND-59502,Android,Disable Automatic App Updates,Disabled or Controlled,Non-compliant
AND-59502,Android,Disable Flash Player,Disabled,Non-compliant
AND-10150,Android,Disable Sync Features,Disabled,Non-compliant
AND-22393,Android,Disable Unknown Sources for App Installation,Disabled,Non-compliant
AND-22393,Android,Disable Auto Sync,Disabled,Non-compliant
AND-58104,Android,Enforce Device Passcode,Enabled (Strong passcode),Non-compliant
AND-58104,Android,Disable Camera Access,Disabled (if not required),Non-compliant
AND-58104,Android,Block Pop-ups,Blocked,Non-compliant
AND-58104,Android,Disable Google Assistant on Lock Screen,Disabled,Non-compliant
AND-58104,Android,Disable WebRTC IP Leakage,Enabled (Recommended),Non-compliant
AND-95338,Android,Disable Unknown Sources for App Installation,Disabled,Non-compliant
AND-95338,Android,Disable Developer Options,Disabled,Non-compliant
AND-95338,Android,Disable Microphone Access,Disabled (if not required),Non-compliant
AND-95338,Android,Disable NFC,Disabled (if not needed),Non-compliant
AND-67085,Android,Disable NFC,Disabled (if not needed),Non-compliant
AND-67085,Android,Enforce VPN Use for Enterprise Traffic,Enforced,Non-compliant
AND-67085,Android,Block Third-party Cookies,Blocked,Non-compliant
AND-81348,Android,Disable USB Debugging,Disabled,Non-compliant
AND-81348,Android,Disable Bluetooth Sharing,Disabled or Limited,Non-compliant
AND-81348,Android,Disable Clipboard Access,Disabled or Controlled,Non-compliant
AND-81348,Android,Disable Automatic App Updates,Disabled or Controlled,Non-compliant
AND-81348,Android,Disable Mixed Content Loading,Blocked,Non-compliant
AND-50223,Android,Enforce Device Passcode,Enabled (Strong passcode),Non-compliant
AND-50223,Android,Disable Bluetooth Sharing,Disabled or Limited,Non-compliant
AND-50223,Android,Disable Flash Player,Disabled,Non-compliant
AND-87417,Android,Enforce Device Passcode,Enabled (Strong passcode),Non-compliant
AND-87417,Android,Disable Auto Sync,Disabled,Non-compliant
AND-87417,Android,Block Pop-ups,Blocked,Non-compliant
AND-87417,Android,Disable NFC,Disabled (if not needed),Non-compliant
AND-87417,Android,Enforce VPN Use for Enterprise Traffic,Enforced,Non-compliant
AND-87417,Android,Disable Sync Features,Disabled,Non-compliant
AND-87417,Android,Disable Screen Recording,Disabled,Non-compliant
AND-99648,Android,Block Installation of Unapproved Apps,Block unapproved apps,Non-compliant
AND-99648,Android,Disable Password Manager,Disabled,Non-compliant
AND-99648,Android,Enforce VPN Use for Enterprise Traffic,Enforced,Non-compliant
AND-99648,Android,Disable Google Assistant on Lock Screen,Disabled,Non-compliant
AND-99648,Android,Disable WebRTC IP Leakage,Enabled (Recommended),Non-compliant
AND-16087,Android,Block Installation of Unapproved Apps,Block unapproved apps,Non-compliant
AND-16087,Android,Disable Screen Capture,Disabled,Non-compliant
AND-16087,Android,Disable Auto Sync,Disabled,Non-compliant
AND-16087,Android,Disable Location Services,Disabled or Limited,Non-compliant
AND-42539,Android,Enforce Screen Lock Timeout,≤ 5 minutes,Non-compliant
AND-42539,Android,Disable USB Debugging,Disabled,Non-compliant
AND-42539,Android,Disable Auto Sync,Disabled,Non-compliant
AND-42539,Android,Enforce Encryption of Data at Rest,Enabled,Non-compliant
AND-42539,Android,Disable Camera Access,Disabled (if not required),Non-compliant
AND-42539,Android,Disable Password Manager,Disabled,Non-compliant
AND-42539,Android,Disable Clipboard Access,Disabled or Controlled,Non-compliant
AND-42539,Android,Disable Google Assistant on Lock Screen,Disabled,Non-compliant
AND-39616,Android,Disable USB File Transfer,Disabled,Non-compliant
AND-39616,Android,Disable Auto Sync,Disabled,Non-compliant
AND-39616,Android,Disable NFC,Disabled (if not needed),Non-compliant
AND-33485,Android,Enforce Screen Lock Timeout,≤ 5 minutes,Non-compliant
AND-33485,Android,Disable Developer Options,Disabled,Non-compliant
AND-33485,Android,Disable Autofill,Disabled,Non-compliant
AND-33485,Android,Disable Bluetooth Sharing,Disabled or Limited,Non-compliant
AND-33485,Android,Disable Clipboard Access,Disabled or Controlled,Non-compliant
AND-33485,Android,Disable Screen Recording,Disabled,Non-compliant
AND-33485,Android,Disable Automatic App Updates,Disabled or Controlled,Non-compliant
AND-21097,Android,Disable USB Debugging,Disabled,Non-compliant
AND-21097,Android,Disable NFC,Disabled (if not needed),Non-compliant
AND-21097,Android,Disable Screen Recording,Disabled,Non-compliant
AND-21097,Android,Disable Automatic App Updates,Disabled or Controlled,Non-compliant
AND-64002,Android,Disable USB Debugging,Disabled,Non-compliant
AND-64002,Android,Disable Background Data Usage,Disabled or Limited,Non-compliant
AND-64002,Android,Disable Camera Access,Disabled (if not required),Non-compliant
AND-64002,Android,Disable Autofill,Disabled,Non-compliant
AND-64002,Android,Disable Password Manager,Disabled,Non-compliant
AND-61375,Android,Disable USB File Transfer,Disabled,Non-compliant
AND-61375,Android,Disable Screen Capture,Disabled,Non-compliant
AND-61375,Android,Disable Auto Sync,Disabled,Non-compliant
AND-61375,Android,Disable Bluetooth Sharing,Disabled or Limited,Non-compliant
AND-61375,Android,Enable Safe Browsing Protection,Enabled,Non-compliant
AND-61375,Android,Enforce VPN Use for Enterprise Traffic,Enforced,Non-compliant
AND-61168,Android,Enforce Device Passcode,Enabled (Strong passcode),Non-compliant
AND-61168,Android,Disable Unknown Sources for App Installation,Disabled,Non-compliant
AND-61168,Android,Disable Screen Capture,Disabled,Non-compliant
AND-61168,Android,Disable Background Data Usage,Disabled or Limited,Non-compliant
AND-61168,Android,Disable Camera Access,Disabled (if not required),Non-compliant
AND-61168,Android,Disable Microphone Access,Disabled (if not required),Non-compliant
AND-61168,Android,Block Pop-ups,Blocked,Non-compliant
AND-61168,Android,Enable Safe Browsing Protection,Enabled,Non-compliant
AND-61168,Android,Disable Sync Features,Disabled,Non-compliant
AND-61168,Android,Block Third-party Cookies,Blocked,Non-compliant
AND-61168,Android,Disable Flash Player,Disabled,Non-compliant
AND-54687,Android,Block Installation of Unapproved Apps,Block unapproved apps,Non-compliant
AND-54687,Android,Disable Screen Capture,Disabled,Non-compliant
AND-54687,Android,Disable NFC,Disabled (if not needed),Non-compliant
AND-54687,Android,Disable Flash Player,Disabled,Non-compliant
AND-26742,Android,Disable USB Debugging,Disabled,Non-compliant
AND-26742,Android,Disable USB File Transfer,Disabled,Non-compliant
AND-48554,Android,Disable Unknown Sources for App Installation,Disabled,Non-compliant
AND-48554,Android,Disable Background Data Usage,Disabled or Limited,Non-compliant
AND-48554,Android,Block Pop-ups,Blocked,Non-compliant
AND-48554,Android,Disable Bluetooth Sharing,Disabled or Limited,Non-compliant
AND-48554,Android,Disable Sync Features,Disabled,Non-compliant
AND-48554,Android,Disable Screen Recording,Disabled,Non-compliant
AND-48554,Android,Disable Mixed Content Loading,Blocked,Non-compliant
AND-89148,Android,Enable Safe Browsing Protection,Enabled,Non-compliant
AND-18016,Android,Disable USB Debugging,Disabled,Non-compliant
AND-18016,Android,Disable Developer Options,Disabled,Non-compliant
AND-18016,Android,Block Pop-ups,Blocked,Non-compliant
AND-18016,Android,Disable Sync Features,Disabled,Non-compliant
AND-97760,Android,Disable Background Data Usage,Disabled or Limited,Non-compliant
AND-97760,Android,Disable Auto Sync,Disabled,Non-compliant
AND-97760,Android,Disable Microphone Access,Disabled (if not required),Non-compliant
AND-33508,Android,Disable Autofill,Disabled,Non-compliant
AND-91611,Android,Disable Unknown Sources for App Installation,Disabled,Non-compliant
AND-91611,Android,Disable Screen Recording,Disabled,Non-compliant
AND-91611,Android,Block Third-party Cookies,Blocked,Non-compliant
AND-64340,Android,Enforce Screen Lock Timeout,≤ 5 minutes,Non-compliant
AND-64340,Android,Disable USB File Transfer,Disabled,Non-compliant
AND-64340,Android,Disable Background Data Usage,Disabled or Limited,Non-compliant
AND-64340,Android,Disable Location Services,Disabled or Limited,Non-compliant
AND-64340,Android,Disable Camera Access,Disabled (if not required),Non-compliant
AND-64340,Android,Disable Microphone Access,Disabled (if not required),Non-compliant
AND-64340,Android,Disable Autofill,Disabled,Non-compliant
AND-64340,Android,Disable Bluetooth Sharing,Disabled or Limited,Non-compliant
AND-64340,Android,Disable Sync Features,Disabled,Non-compliant
AND-64340,Android,Disable Automatic App Updates,Disabled or Controlled,Non-compliant
AND-61106,Android,Disable Location Services,Disabled or Limited,Non-compliant
AND-61106,Android,Enable Safe Browsing Protection,Enabled,Non-compliant
AND-42260,Android,Block Installation of Unapproved Apps,Block unapproved apps,Non-compliant
AND-42260,Android,Disable Auto Sync,Disabled,Non-compliant
AND-42260,Android,Disable Microphone Access,Disabled (if not required),Non-compliant
AND-42260,Android,Disable Autofill,Disabled,Non-compliant
AND-93038,Android,Block Installation of Unapproved Apps,Block unapproved apps,Non-compliant
AND-93038,Android,Disable USB Debugging,Disabled,Non-compliant
AND-93038,Android,Disable Screen Capture,Disabled,Non-compliant
AND-93038,Android,Disable Background Data Usage,Disabled or Limited,Non-compliant
AND-93038,Android,Disable Camera Access,Disabled (if not required),Non-compliant
AND-93038,Android,Enforce VPN Use for Enterprise Traffic,Enforced,Non-compliant
AND-93038,Android,Disable Clipboard Access,Disabled or Controlled,Non-compliant
AND-93038,Android,Disable Google Assistant on Lock Screen,Disabled,Non-compliant
AND-54038,Android,Enforce Device Passcode,Enabled (Strong passcode),Non-compliant
AND-54038,Android,Disable Unknown Sources for App Installation,Disabled,Non-compliant
AND-54038,Android,Disable Bluetooth Sharing,Disabled or Limited,Non-compliant
AND-54038,Android,Disable Screen Recording,Disabled,Non-compliant
AND-37307,Android,Block Installation of Unapproved Apps,Block unapproved apps,Non-compliant
AND-37307,Android,Disable Auto Sync,Disabled,Non-compliant
AND-37307,Android,Disable Camera Access,Disabled (if not required),Non-compliant
AND-37307,Android,Block Pop-ups,Blocked,Non-compliant
AND-37307,Android,Disable Clipboard Access,Disabled or Controlled,Non-compliant
AND-37307,Android,Disable Screen Recording,Disabled,Non-compliant
AND-37307,Android,Disable Automatic App Updates,Disabled or Controlled,Non-compliant
AND-15377,Android,Enforce Encryption of Data at Rest,Enabled,Non-compliant
AND-15377,Android,Disable Microphone Access,Disabled (if not required),Non-compliant
AND-15377,Android,Disable Bluetooth Sharing,Disabled or Limited,Non-compliant
AND-15377,Android,Disable Google Assistant on Lock Screen,Disabled,Non-compliant
AND-57096,Android,Disable USB Debugging,Disabled,Non-compliant
AND-57096,Android,Disable Background Data Usage,Disabled or Limited,Non-compliant
AND-57096,Android,Disable Location Services,Disabled or Limited,Non-compliant
AND-57096,Android,Disable Microphone Access,Disabled (if not required),Non-compliant
AND-57096,Android,Disable Password Manager,Disabled,Non-compliant
AND-57096,Android,Disable Google Assistant on Lock Screen,Disabled,Non-compliant
AND-57096,Android,Disable Screen Recording,Disabled,Non-compliant
AND-75250,Android,Enforce Device Passcode,Enabled (Strong passcode),Non-compliant
AND-75250,Android,Disable Unknown Sources for App Installation,Disabled,Non-compliant
AND-75250,Android,Disable Autofill,Disabled,Non-compliant
AND-75250,Android,Disable Flash Player,Disabled,Non-compliant
AND-47273,Android,Disable Location Services,Disabled or Limited,Non-compliant
AND-47273,Android,Disable Screen Recording,Disabled,Non-compliant
AND-47273,Android,Disable Automatic App Updates,Disabled or Controlled,Non-compliant
AND-47273,Android,Disable WebRTC IP Leakage,Enabled (Recommended),Non-compliant
AND-96384,Android,Block Installation of Unapproved Apps,Block unapproved apps,Non-compliant
AND-96384,Android,Block Third-party Cookies,Blocked,Non-compliant
AND-47668,Android,Disable Background Data Usage,Disabled or Limited,Non-compliant
AND-47668,Android,Disable NFC,Disabled (if not needed),Non-compliant
AND-47668,Android,Disable Sync Features,Disabled,Non-compliant
AND-80043,Android,Enforce Screen Lock Timeout,≤ 5 minutes,Non-compliant
AND-80043,Android,Disable Password Manager,Disabled,Non-compliant
AND-80043,Android,Enforce VPN Use for Enterprise Traffic,Enforced,Non-compliant
AND-80043,Android,Disable Sync Features,Disabled,Non-compliant
AND-80043,Android,Disable Google Assistant on Lock Screen,Disabled,Non-compliant
AND-80043,Android,Disable Automatic App Updates,Disabled or Controlled,Non-compliant
AND-80043,Android,Disable Mixed Content Loading,Blocked,Non-compliant
AND-66940,Android,Enforce Device Passcode,Enabled (Strong passcode),Non-compliant
AND-66940,Android,Disable Developer Options,Disabled,Non-compliant
AND-66940,Android,Disable Auto Sync,Disabled,Non-compliant
AND-66940,Android,Disable Camera Access,Disabled (if not required),Non-compliant
AND-66940,Android,Block Pop-ups,Blocked,Non-compliant
AND-66940,Android,Disable WebRTC IP Leakage,Enabled (Recommended),Non-compliant
AND-66940,Android,Disable Mixed Content Loading,Blocked,Non-compliant
AND-60729,Android,Disable Developer Options,Disabled,Non-compliant
AND-60729,Android,Disable Screen Capture,Disabled,Non-compliant
AND-60729,Android,Disable Auto Sync,Disabled,Non-compliant
AND-60729,Android,Disable Bluetooth Sharing,Disabled or Limited,Non-compliant
AND-60729,Android,Enable Safe Browsing Protection,Enabled,Non-compliant
AND-60729,Android,Disable WebRTC IP Leakage,Enabled (Recommended),Non-compliant
AND-48113,Android,Enforce Screen Lock Timeout,≤ 5 minutes,Non-compliant
AND-48113,Android,Disable Unknown Sources for App Installation,Disabled,Non-compliant
AND-48113,Android,Disable Screen Capture,Disabled,Non-compliant
AND-48113,Android,Disable Auto Sync,Disabled,Non-compliant
AND-48113,Android,Disable Microphone Access,Disabled (if not required),Non-compliant
AND-48113,Android,Disable Sync Features,Disabled,Non-compliant
AND-48113,Android,Disable WebRTC IP Leakage,Enabled (Recommended),Non-compliant
AND-48113,Android,Disable Mixed Content Loading,Blocked,Non-compliant
AND-52257,Android,Disable Bluetooth Sharing,Disabled or Limited,Non-compliant
AND-52257,Android,Enable Safe Browsing Protection,Enabled,Non-compliant
AND-52257,Android,Enforce VPN Use for Enterprise Traffic,Enforced,Non-compliant
AND-52257,Android,Disable Clipboard Access,Disabled or Controlled,Non-compliant
AND-52257,Android,Disable Screen Recording,Disabled,Non-compliant
AND-52257,Android,Block Third-party Cookies,Blocked,Non-compliant
AND-50190,Android,Disable Microphone Access,Disabled (if not required),Non-compliant
AND-50190,Android,Disable Autofill,Disabled,Non-compliant
AND-50190,Android,Disable Google Assistant on Lock Screen,Disabled,Non-compliant
AND-50190,Android,Block Third-party Cookies,Blocked,Non-compliant
AND-85614,Android,Disable Autofill,Disabled,Non-compliant
AND-85614,Android,Disable Clipboard Access,Disabled or Controlled,Non-compliant
AND-36524,Android,Block Installation of Unapproved Apps,Block unapproved apps,Non-compliant
AND-36524,Android,Disable USB File Transfer,Disabled,Non-compliant
AND-36524,Android,Disable Screen Capture,Disabled,Non-compliant
AND-36524,Android,Disable Flash Player,Disabled,Non-compliant
AND-97651,Android,Enforce Device Passcode,Enabled (Strong passcode),Non-compliant
AND-97651,Android,Enforce VPN Use for Enterprise Traffic,Enforced,Non-compliant
AND-88374,Android,Enforce Device Passcode,Enabled (Strong passcode),Non-compliant
AND-88374,Android,Disable Unknown Sources for App Installation,Disabled,Non-compliant
AND-88374,Android,Disable Password Manager,Disabled,Non-compliant
AND-88374,Android,Disable WebRTC IP Leakage,Enabled (Recommended),Non-compliant
AND-57831,Android,Disable Autofill,Disabled,Non-compliant
AND-57831,Android,Disable Password Manager,Disabled,Non-compliant
AND-57831,Android,Disable Google Assistant on Lock Screen,Disabled,Non-compliant
AND-57831,Android,Disable Mixed Content Loading,Blocked,Non-compliant
AND-14520,Android,Disable Screen Capture,Disabled,Non-compliant
AND-14520,Android,Enforce Encryption of Data at Rest,Enabled,Non-compliant
AND-14520,Android,Disable Sync Features,Disabled,Non-compliant
AND-14520,Android,Disable Mixed Content Loading,Blocked,Non-compliant
AND-32557,Android,Disable Camera Access,Disabled (if not required),Non-compliant
AND-32557,Android,Disable Automatic App Updates,Disabled or Controlled,Non-compliant
AND-32557,Android,Block Third-party Cookies,Blocked,Non-compliant
AND-32557,Android,Disable Mixed Content Loading,Blocked,Non-compliant
AND-20114,Android,Enforce Device Passcode,Enabled (Strong passcode),Non-compliant
AND-20114,Android,Disable Unknown Sources for App Installation,Disabled,Non-compliant
AND-20114,Android,Disable Background Data Usage,Disabled or Limited,Non-compliant
AND-20114,Android,Disable Sync Features,Disabled,Non-compliant
AND-20114,Android,Disable Automatic App Updates,Disabled or Controlled,Non-compliant
AND-28185,Android,Enforce Device Passcode,Enabled (Strong passcode),Non-compliant
AND-28185,Android,Disable Bluetooth Sharing,Disabled or Limited,Non-compliant
AND-28185,Android,Enable Safe Browsing Protection,Enabled,Non-compliant
AND-28185,Android,Disable Sync Features,Disabled,Non-compliant
AND-28185,Android,Disable Mixed Content Loading,Blocked,Non-compliant
AND-30576,Android,Enforce Device Passcode,Enabled (Strong passcode),Non-compliant
AND-30576,Android,Enforce Screen Lock Timeout,≤ 5 minutes,Non-compliant
AND-30576,Android,Enforce VPN Use for Enterprise Traffic,Enforced,Non-compliant
AND-30576,Android,Disable Google Assistant on Lock Screen,Disabled,Non-compliant
AND-30576,Android,Disable Screen Recording,Disabled,Non-compliant
AND-30576,Android,Disable Flash Player,Disabled,Non-compliant
AND-72900,Android,Disable Screen Recording,Disabled,Non-compliant
AND-72900,Android,Block Third-party Cookies,Blocked,Non-compliant
AND-84539,Android,Enforce Device Passcode,Enabled (Strong passcode),Non-compliant
AND-84539,Android,Disable Background Data Usage,Disabled or Limited,Non-compliant
AND-84539,Android,Disable Microphone Access,Disabled (if not required),Non-compliant
AND-84539,Android,Disable Automatic App Updates,Disabled or Controlled,Non-compliant
AND-84539,Android,Disable WebRTC IP Leakage,Enabled (Recommended),Non-compliant
AND-24418,Android,Enforce Screen Lock Timeout,≤ 5 minutes,Non-compliant
AND-24418,Android,Disable USB File Transfer,Disabled,Non-compliant
AND-24418,Android,Disable Screen Capture,Disabled,Non-compliant
AND-24418,Android,Disable Auto Sync,Disabled,Non-compliant
AND-24418,Android,Block Pop-ups,Blocked,Non-compliant
AND-24418,Android,Disable Automatic App Updates,Disabled or Controlled,Non-compliant
AND-24418,Android,Disable Flash Player,Disabled,Non-compliant
AND-24418,Android,Disable Mixed Content Loading,Blocked,Non-compliant
AND-37300,Android,Enforce Device Passcode,Enabled (Strong passcode),Non-compliant
AND-37300,Android,Enforce Encryption of Data at Rest,Enabled,Non-compliant
AND-37300,Android,Disable Bluetooth Sharing,Disabled or Limited,Non-compliant
AND-37300,Android,Enforce VPN Use for Enterprise Traffic,Enforced,Non-compliant
AND-37300,Android,Disable Automatic App Updates,Disabled or Controlled,Non-compliant
AND-37300,Android,Disable WebRTC IP Leakage,Enabled (Recommended),Non-compliant
AND-83675,Android,Disable Unknown Sources for App Installation,Disabled,Non-compliant
AND-83675,Android,Block Installation of Unapproved Apps,Block unapproved apps,Non-compliant
AND-83675,Android,Disable NFC,Disabled (if not needed),Non-compliant
AND-83675,Android,Disable Google Assistant on Lock Screen,Disabled,Non-compliant
AND-83675,Android,Disable Flash Player,Disabled,Non-compliant
AND-90138,Android,Disable Location Services,Disabled or Limited,Non-compliant
AND-90138,Android,Disable Password Manager,Disabled,Non-compliant
AND-90138,Android,Disable Bluetooth Sharing,Disabled or Limited,Non-compliant
AND-98675,Android,Enforce Screen Lock Timeout,≤ 5 minutes,Non-compliant
AND-98675,Android,Disable Location Services,Disabled or Limited,Non-compliant
AND-98675,Android,Enable Safe Browsing Protection,Enabled,Non-compliant
AND-98675,Android,Disable Sync Features,Disabled,Non-compliant
AND-64646,Android,Enforce Device Passcode,Enabled (Strong passcode),Non-compliant
AND-64646,Android,Enforce Screen Lock Timeout,≤ 5 minutes,Non-compliant
AND-64646,Android,Disable Autofill,Disabled,Non-compliant
AND-64646,Android,Disable Screen Recording,Disabled,Non-compliant
AND-64646,Android,Disable Automatic App Updates,Disabled or Controlled,Non-compliant
AND-54023,Android,Disable USB Debugging,Disabled,Non-compliant
AND-54023,Android,Disable Developer Options,Disabled,Non-compliant
AND-54023,Android,Disable Location Services,Disabled or Limited,Non-compliant
AND-54023,Android,Enforce Encryption of Data at Rest,Enabled,Non-compliant
AND-54023,Android,Disable Bluetooth Sharing,Disabled or Limited,Non-compliant
AND-54023,Android,Disable Sync Features,Disabled,Non-compliant
AND-54023,Android,Disable Google Assistant on Lock Screen,Disabled,Non-compliant
AND-33768,Android,Disable USB Debugging,Disabled,Non-compliant
AND-33768,Android,Enforce Encryption of Data at Rest,Enabled,Non-compliant
AND-84912,Android,Enforce Screen Lock Timeout,≤ 5 minutes,Non-compliant
AND-84912,Android,Disable Location Services,Disabled or Limited,Non-compliant
AND-84912,Android,Disable Sync Features,Disabled,Non-compliant
AND-84912,Android,Disable Flash Player,Disabled,Non-compliant
AND-73037,Android,Disable USB File Transfer,Disabled,Non-compliant
AND-77606,Android,Disable Screen Capture,Disabled,Non-compliant
AND-77606,Android,Disable Password Manager,Disabled,Non-compliant
AND-77606,Android,Disable NFC,Disabled (if not needed),Non-compliant
AND-77606,Android,Enforce VPN Use for Enterprise Traffic,Enforced,Non-compliant
AND-77606,Android,Disable Automatic App Updates,Disabled or Controlled,Non-compliant
AND-77606,Android,Block Third-party Cookies,Blocked,Non-compliant
AND-29542,Android,Enforce Device Passcode,Enabled (Strong passcode),Non-compliant
AND-29542,Android,Disable Auto Sync,Disabled,Non-compliant
AND-29542,Android,Disable Sync Features,Disabled,Non-compliant
AND-29542,Android,Disable Screen Recording,Disabled,Non-compliant
AND-15790,Android,Enforce Screen Lock Timeout,≤ 5 minutes,Non-compliant
AND-15790,Android,Disable USB Debugging,Disabled,Non-compliant
AND-15790,Android,Disable Camera Access,Disabled (if not required),Non-compliant
AND-76456,Android,Disable Developer Options,Disabled,Non-compliant
AND-76456,Android,Disable Background Data Usage,Disabled or Limited,Non-compliant
AND-76456,Android,Disable Camera Access,Disabled (if not required),Non-compliant
AND-76456,Android,Disable Google Assistant on Lock Screen,Disabled,Non-compliant
AND-76456,Android,Disable Screen Recording,Disabled,Non-compliant
AND-39024,Android,Enforce Device Passcode,Enabled (Strong passcode),Non-compliant
AND-39024,Android,Disable Location Services,Disabled or Limited,Non-compliant
AND-39024,Android,Enforce Encryption of Data at Rest,Enabled,Non-compliant
AND-39024,Android,Disable NFC,Disabled (if not needed),Non-compliant
AND-59161,Android,Disable Location Services,Disabled or Limited,Non-compliant
AND-59161,Android,Disable Bluetooth Sharing,Disabled or Limited,Non-compliant
AND-59161,Android,Disable Flash Player,Disabled,Non-compliant
AND-25544,Android,Enforce Screen Lock Timeout,≤ 5 minutes,Non-compliant
AND-25544,Android,Disable Unknown Sources for App Installation,Disabled,Non-compliant
AND-25544,Android,Disable Developer Options,Disabled,Non-compliant
AND-25544,Android,Disable Screen Capture,Disabled,Non-compliant
AND-25544,Android,Disable Background Data Usage,Disabled or Limited,Non-compliant
AND-25544,Android,Disable Auto Sync,Disabled,Non-compliant
AND-25544,Android,Disable Location Services,Disabled or Limited,Non-compliant
AND-25544,Android,Enforce Encryption of Data at Rest,Enabled,Non-compliant
AND-25544,Android,Disable Bluetooth Sharing,Disabled or Limited,Non-compliant
AND-66049,Android,Disable USB Debugging,Disabled,Non-compliant
AND-66049,Android,Disable Auto Sync,Disabled,Non-compliant
AND-66049,Android,Disable Mixed Content Loading,Blocked,Non-compliant
AND-18466,Android,Disable Developer Options,Disabled,Non-compliant
AND-18466,Android,Disable Microphone Access,Disabled (if not required),Non-compliant
AND-18466,Android,Enforce VPN Use for Enterprise Traffic,Enforced,Non-compliant
AND-18466,Android,Disable Screen Recording,Disabled,Non-compliant
AND-30155,Android,Enforce Screen Lock Timeout,≤ 5 minutes,Non-compliant
AND-30155,Android,Block Installation of Unapproved Apps,Block unapproved apps,Non-compliant
AND-30155,Android,Disable USB File Transfer,Disabled,Non-compliant
AND-30155,Android,Disable Screen Capture,Disabled,Non-compliant
AND-30155,Android,Disable Mixed Content Loading,Blocked,Non-compliant
AND-38969,Android,Enforce Screen Lock Timeout,≤ 5 minutes,Non-compliant
AND-38969,Android,Disable Unknown Sources for App Installation,Disabled,Non-compliant
AND-38969,Android,Disable Password Manager,Disabled,Non-compliant
AND-38969,Android,Disable WebRTC IP Leakage,Enabled (Recommended),Non-compliant
AND-59393,Android,Disable NFC,Disabled (if not needed),Non-compliant
AND-59393,Android,Disable Screen Recording,Disabled,Non-compliant
AND-59393,Android,Disable WebRTC IP Leakage,Enabled (Recommended),Non-compliant
AND-59393,Android,Disable Mixed Content Loading,Blocked,Non-compliant
AND-94679,Android,Disable USB File Transfer,Disabled,Non-compliant
AND-94679,Android,Disable Auto Sync,Disabled,Non-compliant
AND-94679,Android,Disable NFC,Disabled (if not needed),Non-compliant
AND-94679,Android,Enforce VPN Use for Enterprise Traffic,Enforced,Non-compliant
AND-94679,Android,Disable Clipboard Access,Disabled or Controlled,Non-compliant
AND-94679,Android,Disable Mixed Content Loading,Blocked,Non-compliant
AND-60388,Android,Disable Developer Options,Disabled,Non-compliant
AND-60388,Android,Disable Auto Sync,Disabled,Non-compliant
AND-60388,Android,Disable Microphone Access,Disabled (if not required),Non-compliant
AND-60388,Android,Disable Sync Features,Disabled,Non-compliant
AND-19492,Android,Disable Developer Options,Disabled,Non-compliant
AND-19492,Android,Disable Clipboard Access,Disabled or Controlled,Non-compliant
AND-19492,Android,Disable WebRTC IP Leakage,Enabled (Recommended),Non-compliant
AND-19492,Android,Block Third-party Cookies,Blocked,Non-compliant
AND-90133,Android,Enforce Encryption of Data at Rest,Enabled,Non-compliant
AND-90133,Android,Disable Microphone Access,Disabled (if not required),Non-compliant
AND-90133,Android,Block Pop-ups,Blocked,Non-compliant
AND-90133,Android,Disable Screen Recording,Disabled,Non-compliant
AND-90133,Android,Disable Automatic App Updates,Disabled or Controlled,Non-compliant
AND-90133,Android,Block Third-party Cookies,Blocked,Non-compliant
AND-72058,Android,Block Installation of Unapproved Apps,Block unapproved apps,Non-compliant
AND-72058,Android,Disable Auto Sync,Disabled,Non-compliant
AND-75651,Android,Disable NFC,Disabled (if not needed),Non-compliant
AND-75651,Android,Enforce VPN Use for Enterprise Traffic,Enforced,Non-compliant
AND-75651,Android,Disable Flash Player,Disabled,Non-compliant
AND-82695,Android,Block Installation of Unapproved Apps,Block unapproved apps,Non-compliant
AND-82695,Android,Enforce Encryption of Data at Rest,Enabled,Non-compliant
AND-82695,Android,Disable Autofill,Disabled,Non-compliant
AND-82695,Android,Enforce VPN Use for Enterprise Traffic,Enforced,Non-compliant
AND-82695,Android,Disable Flash Player,Disabled,Non-compliant
AND-95369,Android,Disable USB File Transfer,Disabled,Non-compliant
AND-95369,Android,Disable Auto Sync,Disabled,Non-compliant
AND-95369,Android,Disable Bluetooth Sharing,Disabled or Limited,Non-compliant
AND-95369,Android,Enable Safe Browsing Protection,Enabled,Non-compliant
AND-54646,Android,Disable Unknown Sources for App Installation,Disabled,Non-compliant
AND-54646,Android,Block Installation of Unapproved Apps,Block unapproved apps,Non-compliant
AND-54646,Android,Disable Microphone Access,Disabled (if not required),Non-compliant
AND-54646,Android,Disable Flash Player,Disabled,Non-compliant
AND-90246,Android,Block Installation of Unapproved Apps,Block unapproved apps,Non-compliant
AND-90246,Android,Disable USB File Transfer,Disabled,Non-compliant
AND-90246,Android,Disable Camera Access,Disabled (if not required),Non-compliant
AND-90246,Android,Disable Google Assistant on Lock Screen,Disabled,Non-compliant
AND-90246,Android,Disable Mixed Content Loading,Blocked,Non-compliant
AND-99108,Android,Disable Auto Sync,Disabled,Non-compliant
AND-99108,Android,Disable Password Manager,Disabled,Non-compliant
AND-99108,Android,Enable Safe Browsing Protection,Enabled,Non-compliant
AND-12495,Android,Block Pop-ups,Blocked,Non-compliant
AND-12495,Android,Disable Bluetooth Sharing,Disabled or Limited,Non-compliant
AND-12495,Android,Block Third-party Cookies,Blocked,Non-compliant
AND-86751,Android,Enforce Device Passcode,Enabled (Strong passcode),Non-compliant
AND-86751,Android,Disable Developer Options,Disabled,Non-compliant
AND-86751,Android,Disable Autofill,Disabled,Non-compliant
AND-86751,Android,Disable Sync Features,Disabled,Non-compliant
AND-86751,Android,Disable Clipboard Access,Disabled or Controlled,Non-compliant
AND-86751,Android,Disable WebRTC IP Leakage,Enabled (Recommended),Non-compliant
AND-86751,Android,Disable Flash Player,Disabled,Non-compliant
AND-19447,Android,Enforce Device Passcode,Enabled (Strong passcode),Non-compliant
AND-19447,Android,Enforce Screen Lock Timeout,≤ 5 minutes,Non-compliant
AND-19447,Android,Block Installation of Unapproved Apps,Block unapproved apps,Non-compliant
AND-19447,Android,Disable Autofill,Disabled,Non-compliant
AND-19447,Android,Disable Bluetooth Sharing,Disabled or Limited,Non-compliant
AND-19447,Android,Enable Safe Browsing Protection,Enabled,Non-compliant
AND-19447,Android,Block Third-party Cookies,Blocked,Non-compliant
AND-16097,Android,Enforce Encryption of Data at Rest,Enabled,Non-compliant
AND-16097,Android,Block Pop-ups,Blocked,Non-compliant
AND-16097,Android,Enable Safe Browsing Protection,Enabled,Non-compliant
AND-87556,Android,Disable Developer Options,Disabled,Non-compliant
AND-87556,Android,Disable Location Services,Disabled or Limited,Non-compliant
AND-87556,Android,Disable Sync Features,Disabled,Non-compliant
AND-87556,Android,Disable Google Assistant on Lock Screen,Disabled,Non-compliant
AND-87556,Android,Disable Automatic App Updates,Disabled or Controlled,Non-compliant
AND-87556,Android,Block Third-party Cookies,Blocked,Non-compliant
AND-34274,Android,Disable USB File Transfer,Disabled,Non-compliant
AND-34274,Android,Disable Background Data Usage,Disabled or Limited,Non-compliant
AND-34274,Android,Disable Password Manager,Disabled,Non-compliant
AND-34274,Android,Enable Safe Browsing Protection,Enabled,Non-compliant
AND-34274,Android,Enforce VPN Use for Enterprise Traffic,Enforced,Non-compliant
AND-34274,Android,Disable Google Assistant on Lock Screen,Disabled,Non-compliant
AND-34274,Android,Disable Screen Recording,Disabled,Non-compliant
AND-72249,Android,Disable Developer Options,Disabled,Non-compliant
AND-72249,Android,Disable Microphone Access,Disabled (if not required),Non-compliant
AND-72249,Android,Disable NFC,Disabled (if not needed),Non-compliant
AND-72249,Android,Enforce VPN Use for Enterprise Traffic,Enforced,Non-compliant
AND-72249,Android,Disable Automatic App Updates,Disabled or Controlled,Non-compliant
AND-41243,Android,Disable Auto Sync,Disabled,Non-compliant
AND-41243,Android,Disable Location Services,Disabled or Limited,Non-compliant
AND-41243,Android,Enforce Encryption of Data at Rest,Enabled,Non-compliant
AND-41243,Android,Disable Flash Player,Disabled,Non-compliant
AND-65060,Android,Disable Location Services,Disabled or Limited,Non-compliant
AND-65060,Android,Disable Bluetooth Sharing,Disabled or Limited,Non-compliant
AND-65060,Android,Disable NFC,Disabled (if not needed),Non-compliant
AND-65060,Android,Enable Safe Browsing Protection,Enabled,Non-compliant
AND-44081,Android,Disable Autofill,Disabled,Non-compliant
AND-44081,Android,Disable Mixed Content Loading,Blocked,Non-compliant
AND-54741,Android,Disable Unknown Sources for App Installation,Disabled,Non-compliant
AND-54741,Android,Disable USB File Transfer,Disabled,Non-compliant
AND-54741,Android,Disable Screen Capture,Disabled,Non-compliant
AND-54741,Android,Disable Camera Access,Disabled (if not required),Non-compliant
AND-54741,Android,Disable Bluetooth Sharing,Disabled or Limited,Non-compliant
AND-54741,Android,Disable Sync Features,Disabled,Non-compliant
AND-54741,Android,Disable Automatic App Updates,Disabled or Controlled,Non-compliant
AND-54741,Android,Disable Mixed Content Loading,Blocked,Non-compliant
AND-97223,Android,Disable Camera Access,Disabled (if not required),Non-compliant
AND-97223,Android,Disable NFC,Disabled (if not needed),Non-compliant
AND-97223,Android,Disable Screen Recording,Disabled,Non-compliant
AND-31302,Android,Disable Location Services,Disabled or Limited,Non-compliant
AND-31302,Android,Enable Safe Browsing Protection,Enabled,Non-compliant
AND-31302,Android,Disable Clipboard Access,Disabled or Controlled,Non-compliant
AND-31302,Android,Disable Google Assistant on Lock Screen,Disabled,Non-compliant
AND-31302,Android,Disable Flash Player,Disabled,Non-compliant
AND-40093,Android,Enforce Encryption of Data at Rest,Enabled,Non-compliant
AND-40093,Android,Disable Camera Access,Disabled (if not required),Non-compliant
AND-40093,Android,Disable Microphone Access,Disabled (if not required),Non-compliant
AND-40093,Android,Disable Autofill,Disabled,Non-compliant
AND-40093,Android,Disable Screen Recording,Disabled,Non-compliant
AND-46227,Android,Disable Screen Capture,Disabled,Non-compliant
AND-46227,Android,Enforce VPN Use for Enterprise Traffic,Enforced,Non-compliant
AND-46227,Android,Disable Google Assistant on Lock Screen,Disabled,Non-compliant
AND-46227,Android,Disable Automatic App Updates,Disabled or Controlled,Non-compliant
AND-46227,Android,Disable WebRTC IP Leakage,Enabled (Recommended),Non-compliant
AND-14391,Android,Enforce Device Passcode,Enabled (Strong passcode),Non-compliant
AND-14391,Android,Enforce Screen Lock Timeout,≤ 5 minutes,Non-compliant
AND-14391,Android,Disable USB Debugging,Disabled,Non-compliant
AND-14391,Android,Disable Background Data Usage,Disabled or Limited,Non-compliant
AND-14391,Android,Disable Autofill,Disabled,Non-compliant
AND-14391,Android,Enforce VPN Use for Enterprise Traffic,Enforced,Non-compliant
AND-24108,Android,Disable Microphone Access,Disabled (if not required),Non-compliant
AND-24108,Android,Disable Sync Features,Disabled,Non-compliant
AND-82020,Android,Disable Sync Features,Disabled,Non-compliant
AND-83624,Android,Disable Microphone Access,Disabled (if not required),Non-compliant
AND-83624,Android,Disable Password Manager,Disabled,Non-compliant
AND-83624,Android,Disable Sync Features,Disabled,Non-compliant
AND-83624,Android,Disable Mixed Content Loading,Blocked,Non-compliant
AND-48030,Android,Enforce Device Passcode,Enabled (Strong passcode),Non-compliant
AND-48030,Android,Block Installation of Unapproved Apps,Block unapproved apps,Non-compliant
AND-48030,Android,Disable USB Debugging,Disabled,Non-compliant
AND-35220,Android,Disable Developer Options,Disabled,Non-compliant
AND-35220,Android,Disable Autofill,Disabled,Non-compliant
AND-35220,Android,Disable Password Manager,Disabled,Non-compliant
AND-35220,Android,Disable Bluetooth Sharing,Disabled or Limited,Non-compliant
AND-35220,Android,Disable NFC,Disabled (if not needed),Non-compliant
AND-78161,Android,Enforce Device Passcode,Enabled (Strong passcode),Non-compliant
AND-78161,Android,Disable USB Debugging,Disabled,Non-compliant
AND-78161,Android,Block Pop-ups,Blocked,Non-compliant
AND-78161,Android,Disable NFC,Disabled (if not needed),Non-compliant
AND-78161,Android,Disable Sync Features,Disabled,Non-compliant
AND-78161,Android,Disable Screen Recording,Disabled,Non-compliant
AND-78161,Android,Disable Automatic App Updates,Disabled or Controlled,Non-compliant
AND-66765,Android,Disable USB File Transfer,Disabled,Non-compliant
AND-66765,Android,Disable Background Data Usage,Disabled or Limited,Non-compliant
AND-66765,Android,Disable Auto Sync,Disabled,Non-compliant
AND-66765,Android,Disable Location Services,Disabled or Limited,Non-compliant
AND-66765,Android,Enforce Encryption of Data at Rest,Enabled,Non-compliant
AND-66765,Android,Enforce VPN Use for Enterprise Traffic,Enforced,Non-compliant
AND-66765,Android,Disable Mixed Content Loading,Blocked,Non-compliant
AND-92251,Android,Disable NFC,Disabled (if not needed),Non-compliant
AND-92251,Android,Disable Google Assistant on Lock Screen,Disabled,Non-compliant
AND-92251,Android,Disable Screen Recording,Disabled,Non-compliant
AND-53854,Android,Disable Developer Options,Disabled,Non-compliant
AND-53854,Android,Disable Background Data Usage,Disabled or Limited,Non-compliant
AND-53854,Android,Enforce Encryption of Data at Rest,Enabled,Non-compliant
AND-53854,Android,Disable Microphone Access,Disabled (if not required),Non-compliant
AND-53854,Android,Disable Automatic App Updates,Disabled or Controlled,Non-compliant
AND-53854,Android,Disable Flash Player,Disabled,Non-compliant
AND-34082,Android,Enforce Screen Lock Timeout,≤ 5 minutes,Non-compliant
AND-34082,Android,Disable Unknown Sources for App Installation,Disabled,Non-compliant
AND-34082,Android,Enforce VPN Use for Enterprise Traffic,Enforced,Non-compliant
AND-34082,Android,Disable Automatic App Updates,Disabled or Controlled,Non-compliant
AND-34082,Android,Block Third-party Cookies,Blocked,Non-compliant
AND-69364,Android,Disable Background Data Usage,Disabled or Limited,Non-compliant
AND-69364,Android,Disable Camera Access,Disabled (if not required),Non-compliant
AND-69364,Android,Disable Clipboard Access,Disabled or Controlled,Non-compliant
AND-69364,Android,Disable Flash Player,Disabled,Non-compliant
AND-26793,Android,Enforce Device Passcode,Enabled (Strong passcode),Non-compliant
AND-26793,Android,Enforce Screen Lock Timeout,≤ 5 minutes,Non-compliant
AND-26793,Android,Disable USB Debugging,Disabled,Non-compliant
AND-26793,Android,Disable Location Services,Disabled or Limited,Non-compliant
AND-26793,Android,Disable WebRTC IP Leakage,Enabled (Recommended),Non-compliant
AND-83826,Android,Disable Background Data Usage,Disabled or Limited,Non-compliant
AND-83826,Android,Disable Auto Sync,Disabled,Non-compliant
AND-83826,Android,Disable Camera Access,Disabled (if not required),Non-compliant
AND-83826,Android,Disable Microphone Access,Disabled (if not required),Non-compliant
AND-83826,Android,Disable Bluetooth Sharing,Disabled or Limited,Non-compliant
AND-83826,Android,Block Third-party Cookies,Blocked,Non-compliant
AND-39697,Android,Disable Unknown Sources for App Installation,Disabled,Non-compliant
AND-39697,Android,Enforce Encryption of Data at Rest,Enabled,Non-compliant
AND-39697,Android,Disable Camera Access,Disabled (if not required),Non-compliant
AND-39697,Android,Enforce VPN Use for Enterprise Traffic,Enforced,Non-compliant
AND-39697,Android,Block Third-party Cookies,Blocked,Non-compliant
AND-82116,Android,Disable USB File Transfer,Disabled,Non-compliant
AND-82116,Android,Disable Auto Sync,Disabled,Non-compliant
AND-82116,Android,Enforce VPN Use for Enterprise Traffic,Enforced,Non-compliant
AND-82116,Android,Disable Sync Features,Disabled,Non-compliant
AND-82116,Android,Block Third-party Cookies,Blocked,Non-compliant
AND-67940,Android,Enforce Device Passcode,Enabled (Strong passcode),Non-compliant
AND-67940,Android,Disable Unknown Sources for App Installation,Disabled,Non-compliant
AND-67940,Android,Disable Auto Sync,Disabled,Non-compliant
AND-67940,Android,Disable Bluetooth Sharing,Disabled or Limited,Non-compliant
AND-67940,Android,Disable Clipboard Access,Disabled or Controlled,Non-compliant
AND-58063,Android,Enforce Encryption of Data at Rest,Enabled,Non-compliant
AND-58063,Android,Disable Clipboard Access,Disabled or Controlled,Non-compliant
AND-58063,Android,Disable Flash Player,Disabled,Non-compliant
AND-82096,Android,Block Installation of Unapproved Apps,Block unapproved apps,Non-compliant
AND-82096,Android,Disable Location Services,Disabled or Limited,Non-compliant
AND-82096,Android,Block Pop-ups,Blocked,Non-compliant
AND-82096,Android,Disable Flash Player,Disabled,Non-compliant
IOS-66475,iOS,Disable USB Restricted Mode (allow USB only when unlocked),Enabled (USB Restricted Mode),Non-compliant
IOS-66475,iOS,Enable Encryption for Data at Rest,Enabled,Non-compliant
IOS-66475,iOS,Block Pop-ups in Safari,Enabled (Block pop-ups),Non-compliant
IOS-66475,iOS,Disable Screen Recording,Disabled,Non-compliant
IOS-26070,iOS,Disable USB Restricted Mode (allow USB only when unlocked),Enabled (USB Restricted Mode),Non-compliant
IOS-26070,iOS,Enforce TLS 1.2 or Higher,Enforced,Non-compliant
IOS-26070,iOS,Disable Screen Recording,Disabled,Non-compliant
IOS-69975,iOS,Require Face ID or Touch ID for Unlock,Enabled,Non-compliant
IOS-69975,iOS,Disable USB Restricted Mode (allow USB only when unlocked),Enabled (USB Restricted Mode),Non-compliant
IOS-69975,iOS,"Disable External Media (e.g., USB drives)",Disabled,Non-compliant
IOS-34353,iOS,Enforce VPN Use for Enterprise Data,Enforced,Non-compliant
IOS-98682,iOS,Enforce Auto-Lock Time,≤ 5 minutes,Non-compliant
IOS-98682,iOS,Disable USB Restricted Mode (allow USB only when unlocked),Enabled (USB Restricted Mode),Non-compliant
IOS-98682,iOS,Block Installation of Unapproved Apps,Block unapproved apps,Non-compliant
IOS-98682,iOS,"Enable Managed Browser (e.g., Edge or Chrome)",Required,Non-compliant
IOS-98682,iOS,Disable Jailbreak Detection Bypass,Enforced,Non-compliant
IOS-98682,iOS,Enforce App Update Policy,Required,Non-compliant
IOS-79490,iOS,Require Face ID or Touch ID for Unlock,Enabled,Non-compliant
IOS-79490,iOS,Disable USB Restricted Mode (allow USB only when unlocked),Enabled (USB Restricted Mode),Non-compliant
IOS-79490,iOS,Disable Automatic App Installation,Disabled,Non-compliant
IOS-79490,iOS,Disable Siri Suggestions,Disabled,Non-compliant
IOS-90150,iOS,Enforce Device Passcode,Enabled (Complex passcode),Non-compliant
IOS-90150,iOS,Require Face ID or Touch ID for Unlock,Enabled,Non-compliant
IOS-90150,iOS,Disable Automatic App Installation,Disabled,Non-compliant
IOS-90150,iOS,Disable AirDrop,Disabled,Non-compliant
IOS-90150,iOS,Disable Background App Refresh,Disabled or Limited,Non-compliant
IOS-90150,iOS,Disable Camera Access,Disabled (if not needed),Non-compliant
IOS-90150,iOS,Disable Screen Recording,Disabled,Non-compliant
IOS-90150,iOS,Enforce App Update Policy,Required,Non-compliant
IOS-27661,iOS,Enable Encryption for Data at Rest,Enabled,Non-compliant
IOS-27661,iOS,Disable Background App Refresh,Disabled or Limited,Non-compliant
IOS-27661,iOS,Disable Screen Recording,Disabled,Non-compliant
IOS-27661,iOS,Disable Jailbreak Detection Bypass,Enforced,Non-compliant
IOS-96301,iOS,Enforce VPN Use for Enterprise Data,Enforced,Non-compliant
IOS-60314,iOS,Enforce Auto-Lock Time,≤ 5 minutes,Non-compliant
IOS-60314,iOS,Disable Automatic App Installation,Disabled,Non-compliant
IOS-60314,iOS,Block Installation of Unapproved Apps,Block unapproved apps,Non-compliant
IOS-60314,iOS,Disable Location Services for All Apps,Disabled or Controlled,Non-compliant
IOS-60314,iOS,"Enable Managed Browser (e.g., Edge or Chrome)",Required,Non-compliant
IOS-55520,iOS,Enforce Auto-Lock Time,≤ 5 minutes,Non-compliant
IOS-55520,iOS,Block Installation of Unapproved Apps,Block unapproved apps,Non-compliant
IOS-55520,iOS,Disable Background App Refresh,Disabled or Limited,Non-compliant
IOS-55520,iOS,Disable Screen Capture,Disabled (recommended),Non-compliant
IOS-55520,iOS,"Disable External Media (e.g., USB drives)",Disabled,Non-compliant
IOS-55520,iOS,Disable Jailbreak Detection Bypass,Enforced,Non-compliant
IOS-16759,iOS,Disable Background App Refresh,Disabled or Limited,Non-compliant
IOS-16759,iOS,Block Pop-ups in Safari,Enabled (Block pop-ups),Non-compliant
IOS-49447,iOS,Enforce Device Passcode,Enabled (Complex passcode),Non-compliant
IOS-49447,iOS,Require Face ID or Touch ID for Unlock,Enabled,Non-compliant
IOS-49447,iOS,Disable Automatic App Installation,Disabled,Non-compliant
IOS-49447,iOS,Disable Location Services for All Apps,Disabled or Controlled,Non-compliant
IOS-49447,iOS,Disable Screen Capture,Disabled (recommended),Non-compliant
IOS-11191,iOS,"Enable Managed Browser (e.g., Edge or Chrome)",Required,Non-compliant
IOS-11191,iOS,Disable Siri Suggestions,Disabled,Non-compliant
IOS-15138,iOS,Enforce Device Passcode,Enabled (Complex passcode),Non-compliant
IOS-15138,iOS,Disable Automatic App Installation,Disabled,Non-compliant
IOS-15138,iOS,Block Installation of Unapproved Apps,Block unapproved apps,Non-compliant
IOS-15138,iOS,Block Pop-ups in Safari,Enabled (Block pop-ups),Non-compliant
IOS-15138,iOS,"Disable External Media (e.g., USB drives)",Disabled,Non-compliant
IOS-15138,iOS,Enforce App Update Policy,Required,Non-compliant
IOS-21172,iOS,Require Face ID or Touch ID for Unlock,Enabled,Non-compliant
IOS-21172,iOS,Disable iCloud Backup,Disabled (recommended),Non-compliant
IOS-21172,iOS,Disable Camera Access,Disabled (if not needed),Non-compliant
IOS-32824,iOS,Enable Encryption for Data at Rest,Enabled,Non-compliant
IOS-32824,iOS,Enforce TLS 1.2 or Higher,Enforced,Non-compliant
IOS-32824,iOS,Disable Siri Suggestions,Disabled,Non-compliant
IOS-22570,iOS,Enforce Device Passcode,Enabled (Complex passcode),Non-compliant
IOS-22570,iOS,Disable Automatic App Installation,Disabled,Non-compliant
IOS-22570,iOS,Block Installation of Unapproved Apps,Block unapproved apps,Non-compliant
IOS-22570,iOS,Enforce TLS 1.2 or Higher,Enforced,Non-compliant
IOS-22570,iOS,"Disable External Media (e.g., USB drives)",Disabled,Non-compliant
IOS-52021,iOS,Enforce Auto-Lock Time,≤ 5 minutes,Non-compliant
IOS-52021,iOS,Disable Siri on Lock Screen,Disabled,Non-compliant
IOS-52021,iOS,Enable Encryption for Data at Rest,Enabled,Non-compliant
IOS-52021,iOS,Enforce TLS 1.2 or Higher,Enforced,Non-compliant
IOS-52021,iOS,Disable Screen Recording,Disabled,Non-compliant
IOS-52021,iOS,Enforce App Update Policy,Required,Non-compliant
IOS-76599,iOS,Enforce Device Passcode,Enabled (Complex passcode),Non-compliant
IOS-76599,iOS,Enable Encryption for Data at Rest,Enabled,Non-compliant
IOS-76599,iOS,Disable AirDrop,Disabled,Non-compliant
IOS-76599,iOS,Disable Location Services for All Apps,Disabled or Controlled,Non-compliant
IOS-76599,iOS,"Enable Managed Browser (e.g., Edge or Chrome)",Required,Non-compliant
IOS-56570,iOS,Enforce Auto-Lock Time,≤ 5 minutes,Non-compliant
IOS-56570,iOS,Disable Siri on Lock Screen,Disabled,Non-compliant
IOS-35615,iOS,Disable Background App Refresh,Disabled or Limited,Non-compliant
IOS-35615,iOS,Disable Screen Capture,Disabled (recommended),Non-compliant
IOS-35615,iOS,Block Pop-ups in Safari,Enabled (Block pop-ups),Non-compliant
IOS-35615,iOS,Disable Microphone Access,Disabled (if not needed),Non-compliant
IOS-35615,iOS,Enforce VPN Use for Enterprise Data,Enforced,Non-compliant
IOS-35615,iOS,Disable Jailbreak Detection Bypass,Enforced,Non-compliant
IOS-94305,iOS,Enforce Device Passcode,Enabled (Complex passcode),Non-compliant
IOS-94305,iOS,Enforce Auto-Lock Time,≤ 5 minutes,Non-compliant
IOS-94305,iOS,Disable USB Restricted Mode (allow USB only when unlocked),Enabled (USB Restricted Mode),Non-compliant
IOS-94305,iOS,Enable Encryption for Data at Rest,Enabled,Non-compliant
IOS-94305,iOS,Disable Location Services for All Apps,Disabled or Controlled,Non-compliant
IOS-94305,iOS,Disable Jailbreak Detection Bypass,Enforced,Non-compliant
IOS-79220,iOS,Disable Background App Refresh,Disabled or Limited,Non-compliant
IOS-26675,iOS,Disable iCloud Backup,Disabled (recommended),Non-compliant
IOS-26675,iOS,"Disable External Media (e.g., USB drives)",Disabled,Non-compliant
IOS-82889,iOS,Disable Microphone Access,Disabled (if not needed),Non-compliant
IOS-19054,iOS,Enforce Auto-Lock Time,≤ 5 minutes,Non-compliant
IOS-19054,iOS,Disable Siri on Lock Screen,Disabled,Non-compliant
IOS-19054,iOS,Disable AirDrop,Disabled,Non-compliant
IOS-19054,iOS,Enforce TLS 1.2 or Higher,Enforced,Non-compliant
IOS-19054,iOS,Disable Microphone Access,Disabled (if not needed),Non-compliant
IOS-55257,iOS,Disable AirDrop,Disabled,Non-compliant
IOS-55257,iOS,Disable Microphone Access,Disabled (if not needed),Non-compliant
IOS-55257,iOS,"Disable External Media (e.g., USB drives)",Disabled,Non-compliant
IOS-73043,iOS,Disable AirDrop,Disabled,Non-compliant
IOS-73043,iOS,Disable Background App Refresh,Disabled or Limited,Non-compliant
IOS-37653,iOS,Disable Location Services for All Apps,Disabled or Controlled,Non-compliant
IOS-37653,iOS,Enforce TLS 1.2 or Higher,Enforced,Non-compliant
IOS-22958,iOS,Enable Encryption for Data at Rest,Enabled,Non-compliant
IOS-22958,iOS,Disable Safari Autofill,Disabled,Non-compliant
IOS-43249,iOS,Enable Encryption for Data at Rest,Enabled,Non-compliant
IOS-43249,iOS,Disable Screen Capture,Disabled (recommended),Non-compliant
IOS-43249,iOS,Enforce App Update Policy,Required,Non-compliant
IOS-47327,iOS,Block Installation of Unapproved Apps,Block unapproved apps,Non-compliant
IOS-47327,iOS,Disable Location Services for All Apps,Disabled or Controlled,Non-compliant
IOS-47327,iOS,"Disable External Media (e.g., USB drives)",Disabled,Non-compliant
IOS-14757,iOS,"Enable Managed Browser (e.g., Edge or Chrome)",Required,Non-compliant
IOS-14757,iOS,Disable Screen Recording,Disabled,Non-compliant
IOS-85732,iOS,Enforce Auto-Lock Time,≤ 5 minutes,Non-compliant
IOS-85732,iOS,Disable Microphone Access,Disabled (if not needed),Non-compliant
IOS-61176,iOS,Enforce Device Passcode,Enabled (Complex passcode),Non-compliant
IOS-61176,iOS,Disable Siri on Lock Screen,Disabled,Non-compliant
IOS-61176,iOS,Disable Automatic App Installation,Disabled,Non-compliant
IOS-61176,iOS,Disable Screen Capture,Disabled (recommended),Non-compliant
IOS-76918,iOS,Enforce Auto-Lock Time,≤ 5 minutes,Non-compliant
IOS-76918,iOS,"Disable External Media (e.g., USB drives)",Disabled,Non-compliant
IOS-76918,iOS,Disable Jailbreak Detection Bypass,Enforced,Non-compliant
IOS-10139,iOS,Enable Encryption for Data at Rest,Enabled,Non-compliant
IOS-10139,iOS,Disable Camera Access,Disabled (if not needed),Non-compliant
IOS-27717,iOS,Disable AirDrop,Disabled,Non-compliant
IOS-27717,iOS,Disable Location Services for All Apps,Disabled or Controlled,Non-compliant
IOS-27717,iOS,Disable Siri Suggestions,Disabled,Non-compliant
IOS-86340,iOS,Disable Microphone Access,Disabled (if not needed),Non-compliant
IOS-86340,iOS,Disable Siri Suggestions,Disabled,Non-compliant
IOS-76044,iOS,Disable USB Restricted Mode (allow USB only when unlocked),Enabled (USB Restricted Mode),Non-compliant
IOS-76044,iOS,Disable Automatic App Installation,Disabled,Non-compliant
IOS-76044,iOS,Disable Location Services for All Apps,Disabled or Controlled,Non-compliant
IOS-76044,iOS,Block Pop-ups in Safari,Enabled (Block pop-ups),Non-compliant
IOS-76044,iOS,Disable Camera Access,Disabled (if not needed),Non-compliant
IOS-76044,iOS,Disable Screen Recording,Disabled,Non-compliant
IOS-53828,iOS,Enable Encryption for Data at Rest,Enabled,Non-compliant
IOS-53828,iOS,Disable Background App Refresh,Disabled or Limited,Non-compliant
IOS-53828,iOS,Disable Screen Capture,Disabled (recommended),Non-compliant
IOS-53828,iOS,Disable Safari Autofill,Disabled,Non-compliant
IOS-96446,iOS,Require Face ID or Touch ID for Unlock,Enabled,Non-compliant
IOS-96446,iOS,Disable Location Services for All Apps,Disabled or Controlled,Non-compliant
IOS-96446,iOS,"Enable Managed Browser (e.g., Edge or Chrome)",Required,Non-compliant
IOS-96446,iOS,Disable Microphone Access,Disabled (if not needed),Non-compliant
IOS-96446,iOS,Enforce VPN Use for Enterprise Data,Enforced,Non-compliant
IOS-96446,iOS,Enforce App Update Policy,Required,Non-compliant
IOS-29910,iOS,Enable Encryption for Data at Rest,Enabled,Non-compliant
IOS-29910,iOS,Disable iCloud Backup,Disabled (recommended),Non-compliant
IOS-29910,iOS,Block Pop-ups in Safari,Enabled (Block pop-ups),Non-compliant
IOS-29910,iOS,Enforce TLS 1.2 or Higher,Enforced,Non-compliant
IOS-29910,iOS,Enforce VPN Use for Enterprise Data,Enforced,Non-compliant
IOS-29910,iOS,Disable Screen Recording,Disabled,Non-compliant
IOS-54800,iOS,Disable USB Restricted Mode (allow USB only when unlocked),Enabled (USB Restricted Mode),Non-compliant
IOS-54800,iOS,Enable Encryption for Data at Rest,Enabled,Non-compliant
IOS-54800,iOS,Disable Screen Capture,Disabled (recommended),Non-compliant
IOS-54800,iOS,Enforce TLS 1.2 or Higher,Enforced,Non-compliant
IOS-58442,iOS,Disable AirDrop,Disabled,Non-compliant
IOS-58442,iOS,Block Pop-ups in Safari,Enabled (Block pop-ups),Non-compliant
IOS-58442,iOS,"Disable External Media (e.g., USB drives)",Disabled,Non-compliant
IOS-88871,iOS,Disable USB Restricted Mode (allow USB only when unlocked),Enabled (USB Restricted Mode),Non-compliant
IOS-88871,iOS,Disable Jailbreak Detection Bypass,Enforced,Non-compliant
IOS-48031,iOS,Disable AirDrop,Disabled,Non-compliant
IOS-48031,iOS,Disable iCloud Backup,Disabled (recommended),Non-compliant
IOS-13904,iOS,Enforce Device Passcode,Enabled (Complex passcode),Non-compliant
IOS-13904,iOS,Disable Automatic App Installation,Disabled,Non-compliant
IOS-13904,iOS,Disable Screen Capture,Disabled (recommended),Non-compliant
IOS-13904,iOS,Enforce TLS 1.2 or Higher,Enforced,Non-compliant
IOS-13904,iOS,"Disable External Media (e.g., USB drives)",Disabled,Non-compliant
IOS-32130,iOS,Block Installation of Unapproved Apps,Block unapproved apps,Non-compliant
IOS-32130,iOS,"Enable Managed Browser (e.g., Edge or Chrome)",Required,Non-compliant
IOS-32130,iOS,Enforce VPN Use for Enterprise Data,Enforced,Non-compliant
IOS-32130,iOS,Disable Screen Recording,Disabled,Non-compliant
IOS-32130,iOS,Enforce App Update Policy,Required,Non-compliant
IOS-32130,iOS,Disable Siri Suggestions,Disabled,Non-compliant
IOS-87120,iOS,Enforce Auto-Lock Time,≤ 5 minutes,Non-compliant
IOS-87120,iOS,Disable Background App Refresh,Disabled or Limited,Non-compliant
IOS-87120,iOS,Block Pop-ups in Safari,Enabled (Block pop-ups),Non-compliant
IOS-32889,iOS,Enforce Device Passcode,Enabled (Complex passcode),Non-compliant
IOS-32889,iOS,Block Installation of Unapproved Apps,Block unapproved apps,Non-compliant
IOS-32889,iOS,Enforce TLS 1.2 or Higher,Enforced,Non-compliant
IOS-32889,iOS,Disable Screen Recording,Disabled,Non-compliant
IOS-32889,iOS,Disable Jailbreak Detection Bypass,Enforced,Non-compliant
IOS-42671,iOS,Block Installation of Unapproved Apps,Block unapproved apps,Non-compliant
IOS-42671,iOS,Disable Background App Refresh,Disabled or Limited,Non-compliant
IOS-42671,iOS,Disable Microphone Access,Disabled (if not needed),Non-compliant
IOS-42671,iOS,"Disable External Media (e.g., USB drives)",Disabled,Non-compliant
IOS-88620,iOS,Disable USB Restricted Mode (allow USB only when unlocked),Enabled (USB Restricted Mode),Non-compliant
IOS-88620,iOS,Disable Screen Capture,Disabled (recommended),Non-compliant
IOS-88620,iOS,Disable Safari Autofill,Disabled,Non-compliant
IOS-88620,iOS,Enforce VPN Use for Enterprise Data,Enforced,Non-compliant
IOS-58874,iOS,Disable Camera Access,Disabled (if not needed),Non-compliant
IOS-26211,iOS,Disable Automatic App Installation,Disabled,Non-compliant
IOS-26211,iOS,Disable Microphone Access,Disabled (if not needed),Non-compliant
IOS-17006,iOS,Require Face ID or Touch ID for Unlock,Enabled,Non-compliant
IOS-17006,iOS,Disable Location Services for All Apps,Disabled or Controlled,Non-compliant
IOS-17006,iOS,Disable Background App Refresh,Disabled or Limited,Non-compliant
IOS-17006,iOS,Disable iCloud Backup,Disabled (recommended),Non-compliant
IOS-17006,iOS,"Enable Managed Browser (e.g., Edge or Chrome)",Required,Non-compliant
IOS-17006,iOS,Enforce VPN Use for Enterprise Data,Enforced,Non-compliant
IOS-17006,iOS,Enforce App Update Policy,Required,Non-compliant
IOS-99102,iOS,Disable Background App Refresh,Disabled or Limited,Non-compliant
IOS-99102,iOS,Enforce TLS 1.2 or Higher,Enforced,Non-compliant
IOS-99102,iOS,Disable Microphone Access,Disabled (if not needed),Non-compliant
IOS-99102,iOS,Disable Jailbreak Detection Bypass,Enforced,Non-compliant
IOS-82010,iOS,Enforce Device Passcode,Enabled (Complex passcode),Non-compliant
IOS-82010,iOS,Enforce Auto-Lock Time,≤ 5 minutes,Non-compliant
IOS-82010,iOS,Disable Camera Access,Disabled (if not needed),Non-compliant
IOS-82010,iOS,Enforce VPN Use for Enterprise Data,Enforced,Non-compliant
IOS-82010,iOS,Disable Screen Recording,Disabled,Non-compliant
IOS-82010,iOS,Disable Siri Suggestions,Disabled,Non-compliant
IOS-45627,iOS,Disable Background App Refresh,Disabled or Limited,Non-compliant
IOS-45627,iOS,"Enable Managed Browser (e.g., Edge or Chrome)",Required,Non-compliant
IOS-45627,iOS,Disable Screen Recording,Disabled,Non-compliant
IOS-45627,iOS,Disable Jailbreak Detection Bypass,Enforced,Non-compliant
IOS-83787,iOS,Enforce Auto-Lock Time,≤ 5 minutes,Non-compliant
IOS-83787,iOS,Disable USB Restricted Mode (allow USB only when unlocked),Enabled (USB Restricted Mode),Non-compliant
IOS-83787,iOS,Block Installation of Unapproved Apps,Block unapproved apps,Non-compliant
IOS-83787,iOS,Disable AirDrop,Disabled,Non-compliant
IOS-83787,iOS,"Enable Managed Browser (e.g., Edge or Chrome)",Required,Non-compliant
IOS-80890,iOS,Require Face ID or Touch ID for Unlock,Enabled,Non-compliant
IOS-80890,iOS,Disable USB Restricted Mode (allow USB only when unlocked),Enabled (USB Restricted Mode),Non-compliant
IOS-80890,iOS,Disable Location Services for All Apps,Disabled or Controlled,Non-compliant
IOS-94665,iOS,Disable Siri on Lock Screen,Disabled,Non-compliant
IOS-66371,iOS,Require Face ID or Touch ID for Unlock,Enabled,Non-compliant
IOS-66371,iOS,Disable AirDrop,Disabled,Non-compliant
IOS-66371,iOS,Disable Background App Refresh,Disabled or Limited,Non-compliant
IOS-66371,iOS,Disable Screen Capture,Disabled (recommended),Non-compliant
IOS-66371,iOS,Enforce VPN Use for Enterprise Data,Enforced,Non-compliant
IOS-66371,iOS,"Disable External Media (e.g., USB drives)",Disabled,Non-compliant
IOS-88535,iOS,Enforce Auto-Lock Time,≤ 5 minutes,Non-compliant
IOS-88535,iOS,Disable Automatic App Installation,Disabled,Non-compliant
IOS-90321,iOS,Disable Camera Access,Disabled (if not needed),Non-compliant
IOS-45791,iOS,Enforce Device Passcode,Enabled (Complex passcode),Non-compliant
IOS-45791,iOS,Block Installation of Unapproved Apps,Block unapproved apps,Non-compliant
IOS-45791,iOS,Disable Location Services for All Apps,Disabled or Controlled,Non-compliant
IOS-45791,iOS,Disable Screen Capture,Disabled (recommended),Non-compliant
IOS-45791,iOS,Disable Microphone Access,Disabled (if not needed),Non-compliant
IOS-80442,iOS,Disable Automatic App Installation,Disabled,Non-compliant
IOS-80442,iOS,Block Pop-ups in Safari,Enabled (Block pop-ups),Non-compliant
IOS-80442,iOS,"Enable Managed Browser (e.g., Edge or Chrome)",Required,Non-compliant
IOS-80442,iOS,Enforce TLS 1.2 or Higher,Enforced,Non-compliant
IOS-80442,iOS,Enforce App Update Policy,Required,Non-compliant
IOS-15747,iOS,Enforce Device Passcode,Enabled (Complex passcode),Non-compliant
IOS-15747,iOS,Disable Siri on Lock Screen,Disabled,Non-compliant
IOS-15747,iOS,Disable AirDrop,Disabled,Non-compliant
IOS-15747,iOS,Disable Background App Refresh,Disabled or Limited,Non-compliant
IOS-15747,iOS,Disable iCloud Backup,Disabled (recommended),Non-compliant
IOS-15747,iOS,Enforce TLS 1.2 or Higher,Enforced,Non-compliant
IOS-15747,iOS,"Disable External Media (e.g., USB drives)",Disabled,Non-compliant
IOS-99963,iOS,Disable Background App Refresh,Disabled or Limited,Non-compliant
IOS-99963,iOS,Enforce VPN Use for Enterprise Data,Enforced,Non-compliant
IOS-99963,iOS,Disable Siri Suggestions,Disabled,Non-compliant
IOS-65004,iOS,Disable Microphone Access,Disabled (if not needed),Non-compliant
IOS-94299,iOS,Enforce Auto-Lock Time,≤ 5 minutes,Non-compliant
IOS-94299,iOS,Disable Siri on Lock Screen,Disabled,Non-compliant
IOS-94299,iOS,Disable USB Restricted Mode (allow USB only when unlocked),Enabled (USB Restricted Mode),Non-compliant
IOS-94299,iOS,"Enable Managed Browser (e.g., Edge or Chrome)",Required,Non-compliant
IOS-94299,iOS,Disable Siri Suggestions,Disabled,Non-compliant
IOS-46519,iOS,Disable AirDrop,Disabled,Non-compliant
IOS-46519,iOS,Enforce VPN Use for Enterprise Data,Enforced,Non-compliant
IOS-78883,iOS,Disable Siri on Lock Screen,Disabled,Non-compliant
IOS-78883,iOS,Disable AirDrop,Disabled,Non-compliant
IOS-78883,iOS,Disable Screen Recording,Disabled,Non-compliant
IOS-78883,iOS,"Disable External Media (e.g., USB drives)",Disabled,Non-compliant
IOS-63695,iOS,Require Face ID or Touch ID for Unlock,Enabled,Non-compliant
IOS-63695,iOS,Disable USB Restricted Mode (allow USB only when unlocked),Enabled (USB Restricted Mode),Non-compliant
IOS-21684,iOS,Enable Encryption for Data at Rest,Enabled,Non-compliant
IOS-21684,iOS,Disable Screen Recording,Disabled,Non-compliant
IOS-86299,iOS,Enforce Device Passcode,Enabled (Complex passcode),Non-compliant
IOS-86299,iOS,Enable Encryption for Data at Rest,Enabled,Non-compliant
IOS-86299,iOS,Disable Screen Capture,Disabled (recommended),Non-compliant
IOS-86299,iOS,Block Pop-ups in Safari,Enabled (Block pop-ups),Non-compliant
IOS-86299,iOS,"Enable Managed Browser (e.g., Edge or Chrome)",Required,Non-compliant
IOS-86299,iOS,Disable Jailbreak Detection Bypass,Enforced,Non-compliant
IOS-12012,iOS,Require Face ID or Touch ID for Unlock,Enabled,Non-compliant
IOS-12012,iOS,Disable iCloud Backup,Disabled (recommended),Non-compliant
IOS-12012,iOS,Disable Safari Autofill,Disabled,Non-compliant
IOS-12012,iOS,Enforce TLS 1.2 or Higher,Enforced,Non-compliant
IOS-12012,iOS,Disable Jailbreak Detection Bypass,Enforced,Non-compliant
IOS-12012,iOS,Enforce App Update Policy,Required,Non-compliant
IOS-15875,iOS,Enforce Device Passcode,Enabled (Complex passcode),Non-compliant
IOS-15875,iOS,Enforce Auto-Lock Time,≤ 5 minutes,Non-compliant
IOS-15875,iOS,Disable Safari Autofill,Disabled,Non-compliant
IOS-15875,iOS,Enforce TLS 1.2 or Higher,Enforced,Non-compliant
IOS-19732,iOS,Disable Location Services for All Apps,Disabled or Controlled,Non-compliant
IOS-19732,iOS,Disable Background App Refresh,Disabled or Limited,Non-compliant
IOS-19732,iOS,Disable Jailbreak Detection Bypass,Enforced,Non-compliant
IOS-61007,iOS,Enforce Device Passcode,Enabled (Complex passcode),Non-compliant
IOS-61007,iOS,Disable Automatic App Installation,Disabled,Non-compliant
IOS-61007,iOS,Block Installation of Unapproved Apps,Block unapproved apps,Non-compliant
IOS-61007,iOS,Enforce TLS 1.2 or Higher,Enforced,Non-compliant
IOS-61007,iOS,Enforce App Update Policy,Required,Non-compliant
IOS-16946,iOS,Enforce Auto-Lock Time,≤ 5 minutes,Non-compliant
IOS-16946,iOS,Enable Encryption for Data at Rest,Enabled,Non-compliant
IOS-16946,iOS,Disable Background App Refresh,Disabled or Limited,Non-compliant
IOS-36251,iOS,Disable Location Services for All Apps,Disabled or Controlled,Non-compliant
IOS-36251,iOS,Disable iCloud Backup,Disabled (recommended),Non-compliant
IOS-36251,iOS,"Enable Managed Browser (e.g., Edge or Chrome)",Required,Non-compliant
IOS-36251,iOS,Disable Jailbreak Detection Bypass,Enforced,Non-compliant
IOS-20730,iOS,Require Face ID or Touch ID for Unlock,Enabled,Non-compliant
IOS-20730,iOS,Enforce Auto-Lock Time,≤ 5 minutes,Non-compliant
IOS-20730,iOS,Enable Encryption for Data at Rest,Enabled,Non-compliant
IOS-20730,iOS,Disable Automatic App Installation,Disabled,Non-compliant
IOS-20730,iOS,Enforce VPN Use for Enterprise Data,Enforced,Non-compliant
IOS-36151,iOS,Enable Encryption for Data at Rest,Enabled,Non-compliant
IOS-36151,iOS,Disable Location Services for All Apps,Disabled or Controlled,Non-compliant
IOS-36151,iOS,Enforce TLS 1.2 or Higher,Enforced,Non-compliant
IOS-36151,iOS,"Disable External Media (e.g., USB drives)",Disabled,Non-compliant
IOS-36151,iOS,Enforce App Update Policy,Required,Non-compliant
IOS-41250,iOS,Disable Siri on Lock Screen,Disabled,Non-compliant
IOS-41250,iOS,Disable Siri Suggestions,Disabled,Non-compliant
IOS-44655,iOS,Require Face ID or Touch ID for Unlock,Enabled,Non-compliant
IOS-44655,iOS,Enforce VPN Use for Enterprise Data,Enforced,Non-compliant
IOS-83254,iOS,Require Face ID or Touch ID for Unlock,Enabled,Non-compliant
IOS-83254,iOS,Disable AirDrop,Disabled,Non-compliant
IOS-83254,iOS,Disable Safari Autofill,Disabled,Non-compliant
IOS-83254,iOS,Disable Camera Access,Disabled (if not needed),Non-compliant
IOS-45892,iOS,Enable Encryption for Data at Rest,Enabled,Non-compliant
IOS-45892,iOS,Block Installation of Unapproved Apps,Block unapproved apps,Non-compliant
IOS-45892,iOS,Disable Screen Capture,Disabled (recommended),Non-compliant
IOS-45892,iOS,Enforce App Update Policy,Required,Non-compliant
IOS-23104,iOS,Enable Encryption for Data at Rest,Enabled,Non-compliant
IOS-23104,iOS,Disable Screen Recording,Disabled,Non-compliant
IOS-23104,iOS,"Disable External Media (e.g., USB drives)",Disabled,Non-compliant
IOS-11143,iOS,Disable Safari Autofill,Disabled,Non-compliant
IOS-11143,iOS,Disable Camera Access,Disabled (if not needed),Non-compliant
IOS-11143,iOS,Enforce VPN Use for Enterprise Data,Enforced,Non-compliant
IOS-11143,iOS,"Disable External Media (e.g., USB drives)",Disabled,Non-compliant
IOS-96449,iOS,Disable Siri on Lock Screen,Disabled,Non-compliant
IOS-96449,iOS,Block Installation of Unapproved Apps,Block unapproved apps,Non-compliant
IOS-96449,iOS,Disable Background App Refresh,Disabled or Limited,Non-compliant
IOS-96449,iOS,Disable Screen Capture,Disabled (recommended),Non-compliant
IOS-28164,iOS,Disable Screen Capture,Disabled (recommended),Non-compliant
IOS-28164,iOS,Disable Safari Autofill,Disabled,Non-compliant
IOS-28164,iOS,Disable Siri Suggestions,Disabled,Non-compliant
IOS-46754,iOS,Disable Siri on Lock Screen,Disabled,Non-compliant
IOS-46754,iOS,Disable Location Services for All Apps,Disabled or Controlled,Non-compliant
IOS-46754,iOS,Disable iCloud Backup,Disabled (recommended),Non-compliant
IOS-46754,iOS,Disable Screen Capture,Disabled (recommended),Non-compliant
IOS-46754,iOS,Disable Siri Suggestions,Disabled,Non-compliant
IOS-68278,iOS,Disable Microphone Access,Disabled (if not needed),Non-compliant
IOS-68278,iOS,Disable Screen Recording,Disabled,Non-compliant
IOS-55173,iOS,Disable Siri on Lock Screen,Disabled,Non-compliant
IOS-55173,iOS,Disable Background App Refresh,Disabled or Limited,Non-compliant
IOS-55173,iOS,Disable Siri Suggestions,Disabled,Non-compliant
IOS-32266,iOS,Require Face ID or Touch ID for Unlock,Enabled,Non-compliant
IOS-32266,iOS,Enforce App Update Policy,Required,Non-compliant
IOS-33102,iOS,Enforce Device Passcode,Enabled (Complex passcode),Non-compliant
IOS-33102,iOS,Require Face ID or Touch ID for Unlock,Enabled,Non-compliant
IOS-33102,iOS,Disable Automatic App Installation,Disabled,Non-compliant
IOS-33102,iOS,Disable Location Services for All Apps,Disabled or Controlled,Non-compliant
IOS-33102,iOS,"Enable Managed Browser (e.g., Edge or Chrome)",Required,Non-compliant
IOS-33102,iOS,Disable Camera Access,Disabled (if not needed),Non-compliant
IOS-33102,iOS,Disable Jailbreak Detection Bypass,Enforced,Non-compliant
IOS-11110,iOS,Disable USB Restricted Mode (allow USB only when unlocked),Enabled (USB Restricted Mode),Non-compliant
IOS-11110,iOS,Block Installation of Unapproved Apps,Block unapproved apps,Non-compliant
IOS-11110,iOS,"Enable Managed Browser (e.g., Edge or Chrome)",Required,Non-compliant
IOS-11110,iOS,Disable Camera Access,Disabled (if not needed),Non-compliant
IOS-11110,iOS,Disable Jailbreak Detection Bypass,Enforced,Non-compliant
IOS-11110,iOS,Disable Siri Suggestions,Disabled,Non-compliant
IOS-85137,iOS,Require Face ID or Touch ID for Unlock,Enabled,Non-compliant
IOS-85137,iOS,Block Installation of Unapproved Apps,Block unapproved apps,Non-compliant
IOS-85137,iOS,Disable Location Services for All Apps,Disabled or Controlled,Non-compliant
IOS-85137,iOS,Disable Jailbreak Detection Bypass,Enforced,Non-compliant
IOS-79487,iOS,Disable USB Restricted Mode (allow USB only when unlocked),Enabled (USB Restricted Mode),Non-compliant
IOS-79487,iOS,Disable AirDrop,Disabled,Non-compliant
IOS-79487,iOS,"Disable External Media (e.g., USB drives)",Disabled,Non-compliant
IOS-62579,iOS,Enforce Device Passcode,Enabled (Complex passcode),Non-compliant
IOS-62579,iOS,Enable Encryption for Data at Rest,Enabled,Non-compliant
IOS-62579,iOS,Disable Screen Capture,Disabled (recommended),Non-compliant
IOS-62579,iOS,Enforce TLS 1.2 or Higher,Enforced,Non-compliant
IOS-62579,iOS,Enforce App Update Policy,Required,Non-compliant
IOS-69465,iOS,Require Face ID or Touch ID for Unlock,Enabled,Non-compliant
IOS-69465,iOS,Disable Siri on Lock Screen,Disabled,Non-compliant
IOS-69465,iOS,Disable USB Restricted Mode (allow USB only when unlocked),Enabled (USB Restricted Mode),Non-compliant
IOS-69465,iOS,Disable Microphone Access,Disabled (if not needed),Non-compliant
IOS-79645,iOS,Enforce Auto-Lock Time,≤ 5 minutes,Non-compliant
IOS-79645,iOS,Disable Safari Autofill,Disabled,Non-compliant
IOS-79645,iOS,Enforce TLS 1.2 or Higher,Enforced,Non-compliant
IOS-34019,iOS,Disable AirDrop,Disabled,Non-compliant
IOS-34019,iOS,Disable Location Services for All Apps,Disabled or Controlled,Non-compliant
IOS-34019,iOS,Disable Screen Capture,Disabled (recommended),Non-compliant
IOS-34019,iOS,"Disable External Media (e.g., USB drives)",Disabled,Non-compliant
IOS-53348,iOS,Enforce Device Passcode,Enabled (Complex passcode),Non-compliant
IOS-53348,iOS,Disable Siri on Lock Screen,Disabled,Non-compliant
IOS-53348,iOS,Disable USB Restricted Mode (allow USB only when unlocked),Enabled (USB Restricted Mode),Non-compliant
IOS-53348,iOS,Block Installation of Unapproved Apps,Block unapproved apps,Non-compliant
IOS-53348,iOS,Disable AirDrop,Disabled,Non-compliant
IOS-53348,iOS,Disable Location Services for All Apps,Disabled or Controlled,Non-compliant
IOS-53348,iOS,Disable Background App Refresh,Disabled or Limited,Non-compliant
IOS-53348,iOS,Disable Jailbreak Detection Bypass,Enforced,Non-compliant
IOS-32187,iOS,Disable Screen Capture,Disabled (recommended),Non-compliant
IOS-32187,iOS,"Enable Managed Browser (e.g., Edge or Chrome)",Required,Non-compliant
IOS-95697,iOS,"Enable Managed Browser (e.g., Edge or Chrome)",Required,Non-compliant
IOS-95697,iOS,Disable Jailbreak Detection Bypass,Enforced,Non-compliant
IOS-93050,iOS,Require Face ID or Touch ID for Unlock,Enabled,Non-compliant
IOS-93050,iOS,Disable Siri on Lock Screen,Disabled,Non-compliant
IOS-93050,iOS,Enable Encryption for Data at Rest,Enabled,Non-compliant
IOS-93050,iOS,Disable Location Services for All Apps,Disabled or Controlled,Non-compliant
IOS-93050,iOS,Disable Microphone Access,Disabled (if not needed),Non-compliant
IOS-68910,iOS,Disable Screen Capture,Disabled (recommended),Non-compliant
IOS-68910,iOS,Disable Safari Autofill,Disabled,Non-compliant
IOS-17893,iOS,Enforce Auto-Lock Time,≤ 5 minutes,Non-compliant
IOS-17893,iOS,Disable USB Restricted Mode (allow USB only when unlocked),Enabled (USB Restricted Mode),Non-compliant
IOS-17893,iOS,Block Pop-ups in Safari,Enabled (Block pop-ups),Non-compliant
IOS-17893,iOS,"Enable Managed Browser (e.g., Edge or Chrome)",Required,Non-compliant
IOS-17893,iOS,Disable Camera Access,Disabled (if not needed),Non-compliant
IOS-47984,iOS,Enforce Device Passcode,Enabled (Complex passcode),Non-compliant
IOS-47984,iOS,Disable iCloud Backup,Disabled (recommended),Non-compliant
IOS-47984,iOS,Disable Screen Capture,Disabled (recommended),Non-compliant
IOS-47984,iOS,Enforce App Update Policy,Required,Non-compliant
IOS-94456,iOS,Disable Siri on Lock Screen,Disabled,Non-compliant
IOS-94456,iOS,Disable Jailbreak Detection Bypass,Enforced,Non-compliant
IOS-94456,iOS,Enforce App Update Policy,Required,Non-compliant
IOS-33758,iOS,Enforce Device Passcode,Enabled (Complex passcode),Non-compliant
IOS-67042,iOS,Enforce Device Passcode,Enabled (Complex passcode),Non-compliant
IOS-67042,iOS,Disable USB Restricted Mode (allow USB only when unlocked),Enabled (USB Restricted Mode),Non-compliant
IOS-67042,iOS,Disable Automatic App Installation,Disabled,Non-compliant
IOS-67042,iOS,Block Installation of Unapproved Apps,Block unapproved apps,Non-compliant
IOS-67042,iOS,Enforce TLS 1.2 or Higher,Enforced,Non-compliant
IOS-67042,iOS,Disable Microphone Access,Disabled (if not needed),Non-compliant
IOS-43660,iOS,Enforce Auto-Lock Time,≤ 5 minutes,Non-compliant
IOS-43660,iOS,Disable Siri on Lock Screen,Disabled,Non-compliant
IOS-43660,iOS,"Enable Managed Browser (e.g., Edge or Chrome)",Required,Non-compliant
IOS-43660,iOS,"Disable External Media (e.g., USB drives)",Disabled,Non-compliant
IOS-18097,iOS,Enable Encryption for Data at Rest,Enabled,Non-compliant
IOS-18097,iOS,Enforce App Update Policy,Required,Non-compliant
IOS-69993,iOS,Disable AirDrop,Disabled,Non-compliant
IOS-69993,iOS,Enforce VPN Use for Enterprise Data,Enforced,Non-compliant
IOS-69993,iOS,"Disable External Media (e.g., USB drives)",Disabled,Non-compliant
IOS-63905,iOS,Enable Encryption for Data at Rest,Enabled,Non-compliant
IOS-63905,iOS,Disable iCloud Backup,Disabled (recommended),Non-compliant
IOS-94617,iOS,Disable USB Restricted Mode (allow USB only when unlocked),Enabled (USB Restricted Mode),Non-compliant
IOS-94617,iOS,Block Installation of Unapproved Apps,Block unapproved apps,Non-compliant
IOS-94617,iOS,Enforce TLS 1.2 or Higher,Enforced,Non-compliant
IOS-71130,iOS,Enforce TLS 1.2 or Higher,Enforced,Non-compliant
IOS-49832,iOS,Disable USB Restricted Mode (allow USB only when unlocked),Enabled (USB Restricted Mode),Non-compliant
IOS-49832,iOS,Enable Encryption for Data at Rest,Enabled,Non-compliant
IOS-66072,iOS,Disable Siri on Lock Screen,Disabled,Non-compliant
IOS-43922,iOS,Enable Encryption for Data at Rest,Enabled,Non-compliant
IOS-43922,iOS,"Enable Managed Browser (e.g., Edge or Chrome)",Required,Non-compliant
IOS-43922,iOS,Disable Camera Access,Disabled (if not needed),Non-compliant
IOS-43922,iOS,Disable Microphone Access,Disabled (if not needed),Non-compliant
IOS-43922,iOS,Enforce VPN Use for Enterprise Data,Enforced,Non-compliant
IOS-43922,iOS,Disable Siri Suggestions,Disabled,Non-compliant
IOS-84182,iOS,Block Pop-ups in Safari,Enabled (Block pop-ups),Non-compliant
IOS-84182,iOS,Disable Camera Access,Disabled (if not needed),Non-compliant
IOS-84182,iOS,Disable Microphone Access,Disabled (if not needed),Non-compliant
IOS-84182,iOS,Enforce VPN Use for Enterprise Data,Enforced,Non-compliant
IOS-51872,iOS,Enable Encryption for Data at Rest,Enabled,Non-compliant
IOS-51872,iOS,Disable Microphone Access,Disabled (if not needed),Non-compliant
IOS-51872,iOS,"Disable External Media (e.g., USB drives)",Disabled,Non-compliant
IOS-38442,iOS,Block Installation of Unapproved Apps,Block unapproved apps,Non-compliant
IOS-38442,iOS,Disable Location Services for All Apps,Disabled or Controlled,Non-compliant
IOS-38442,iOS,Disable Screen Capture,Disabled (recommended),Non-compliant
IOS-38442,iOS,"Enable Managed Browser (e.g., Edge or Chrome)",Required,Non-compliant
IOS-38442,iOS,Disable Screen Recording,Disabled,Non-compliant
IOS-38442,iOS,Enforce App Update Policy,Required,Non-compliant
IOS-96295,iOS,Enforce Device Passcode,Enabled (Complex passcode),Non-compliant
IOS-96295,iOS,Disable Siri on Lock Screen,Disabled,Non-compliant
IOS-96295,iOS,Disable Safari Autofill,Disabled,Non-compliant
IOS-57375,iOS,Block Installation of Unapproved Apps,Block unapproved apps,Non-compliant
IOS-57375,iOS,Disable Background App Refresh,Disabled or Limited,Non-compliant
IOS-52535,iOS,Disable AirDrop,Disabled,Non-compliant
IOS-52535,iOS,Disable iCloud Backup,Disabled (recommended),Non-compliant
IOS-52535,iOS,Disable Screen Capture,Disabled (recommended),Non-compliant
IOS-52535,iOS,Disable Microphone Access,Disabled (if not needed),Non-compliant
IOS-52535,iOS,Enforce App Update Policy,Required,Non-compliant
IOS-52535,iOS,Disable Siri Suggestions,Disabled,Non-compliant
IOS-48204,iOS,Disable AirDrop,Disabled,Non-compliant
IOS-48204,iOS,Disable Background App Refresh,Disabled or Limited,Non-compliant
IOS-48204,iOS,Disable Screen Capture,Disabled (recommended),Non-compliant
IOS-48204,iOS,Disable Safari Autofill,Disabled,Non-compliant
IOS-48204,iOS,Disable Screen Recording,Disabled,Non-compliant
IOS-48204,iOS,"Disable External Media (e.g., USB drives)",Disabled,Non-compliant
IOS-22725,iOS,Block Pop-ups in Safari,Enabled (Block pop-ups),Non-compliant
IOS-22725,iOS,Disable Screen Recording,Disabled,Non-compliant
IOS-22725,iOS,"Disable External Media (e.g., USB drives)",Disabled,Non-compliant
IOS-54267,iOS,Require Face ID or Touch ID for Unlock,Enabled,Non-compliant
IOS-54267,iOS,Enforce Auto-Lock Time,≤ 5 minutes,Non-compliant
IOS-54267,iOS,Disable Automatic App Installation,Disabled,Non-compliant
IOS-54267,iOS,Disable Background App Refresh,Disabled or Limited,Non-compliant
IOS-50043,iOS,"Enable Managed Browser (e.g., Edge or Chrome)",Required,Non-compliant
IOS-50043,iOS,"Disable External Media (e.g., USB drives)",Disabled,Non-compliant
IOS-14772,iOS,Enable Encryption for Data at Rest,Enabled,Non-compliant
IOS-14772,iOS,Disable Automatic App Installation,Disabled,Non-compliant
IOS-14772,iOS,Block Installation of Unapproved Apps,Block unapproved apps,Non-compliant
IOS-14772,iOS,"Enable Managed Browser (e.g., Edge or Chrome)",Required,Non-compliant
IOS-14772,iOS,Disable Screen Recording,Disabled,Non-compliant
IOS-79353,iOS,Block Installation of Unapproved Apps,Block unapproved apps,Non-compliant
IOS-70844,iOS,Enforce Auto-Lock Time,≤ 5 minutes,Non-compliant
IOS-70844,iOS,Disable Microphone Access,Disabled (if not needed),Non-compliant
IOS-70844,iOS,Disable Jailbreak Detection Bypass,Enforced,Non-compliant
IOS-80033,iOS,Enable Encryption for Data at Rest,Enabled,Non-compliant
IOS-80033,iOS,Disable Safari Autofill,Disabled,Non-compliant
IOS-80033,iOS,"Enable Managed Browser (e.g., Edge or Chrome)",Required,Non-compliant
IOS-80033,iOS,Enforce VPN Use for Enterprise Data,Enforced,Non-compliant
IOS-80033,iOS,"Disable External Media (e.g., USB drives)",Disabled,Non-compliant
IOS-80033,iOS,Disable Siri Suggestions,Disabled,Non-compliant
IOS-81127,iOS,Enforce Auto-Lock Time,≤ 5 minutes,Non-compliant
IOS-81127,iOS,Enable Encryption for Data at Rest,Enabled,Non-compliant
IOS-81127,iOS,Disable iCloud Backup,Disabled (recommended),Non-compliant
IOS-81127,iOS,Disable Screen Recording,Disabled,Non-compliant
IOS-37298,iOS,Enforce Device Passcode,Enabled (Complex passcode),Non-compliant
IOS-37298,iOS,Enable Encryption for Data at Rest,Enabled,Non-compliant
IOS-37298,iOS,Disable Safari Autofill,Disabled,Non-compliant
IOS-37298,iOS,Block Pop-ups in Safari,Enabled (Block pop-ups),Non-compliant
IOS-37298,iOS,"Enable Managed Browser (e.g., Edge or Chrome)",Required,Non-compliant
IOS-37298,iOS,Disable Siri Suggestions,Disabled,Non-compliant
IOS-16474,iOS,Disable Siri on Lock Screen,Disabled,Non-compliant
IOS-16474,iOS,Enforce TLS 1.2 or Higher,Enforced,Non-compliant
IOS-16474,iOS,Disable Camera Access,Disabled (if not needed),Non-compliant
IOS-75205,iOS,Enforce Auto-Lock Time,≤ 5 minutes,Non-compliant
IOS-75205,iOS,Block Installation of Unapproved Apps,Block unapproved apps,Non-compliant
IOS-75205,iOS,Enforce TLS 1.2 or Higher,Enforced,Non-compliant
IOS-75205,iOS,Disable Microphone Access,Disabled (if not needed),Non-compliant
IOS-75205,iOS,Disable Jailbreak Detection Bypass,Enforced,Non-compliant
IOS-68281,iOS,Disable AirDrop,Disabled,Non-compliant
IOS-94321,iOS,Disable Screen Recording,Disabled,Non-compliant
IOS-94321,iOS,Disable Siri Suggestions,Disabled,Non-compliant
IOS-82278,iOS,Disable USB Restricted Mode (allow USB only when unlocked),Enabled (USB Restricted Mode),Non-compliant
IOS-82278,iOS,Enable Encryption for Data at Rest,Enabled,Non-compliant
IOS-82278,iOS,Disable Automatic App Installation,Disabled,Non-compliant
IOS-82278,iOS,Enforce TLS 1.2 or Higher,Enforced,Non-compliant
IOS-16746,iOS,Require Face ID or Touch ID for Unlock,Enabled,Non-compliant
IOS-16746,iOS,Disable Camera Access,Disabled (if not needed),Non-compliant
IOS-16746,iOS,Disable Microphone Access,Disabled (if not needed),Non-compliant
IOS-16746,iOS,Enforce VPN Use for Enterprise Data,Enforced,Non-compliant
IOS-40233,iOS,Enforce Device Passcode,Enabled (Complex passcode),Non-compliant
IOS-40233,iOS,Enforce Auto-Lock Time,≤ 5 minutes,Non-compliant
IOS-40233,iOS,Disable Automatic App Installation,Disabled,Non-compliant
IOS-40233,iOS,Disable Background App Refresh,Disabled or Limited,Non-compliant
IOS-40233,iOS,Disable iCloud Backup,Disabled (recommended),Non-compliant
IOS-40233,iOS,Disable Camera Access,Disabled (if not needed),Non-compliant
IOS-40233,iOS,Enforce VPN Use for Enterprise Data,Enforced,Non-compliant
IOS-90791,iOS,Disable Camera Access,Disabled (if not needed),Non-compliant
IOS-90791,iOS,Enforce App Update Policy,Required,Non-compliant
IOS-90791,iOS,Disable Siri Suggestions,Disabled,Non-compliant
IOS-35471,iOS,Enforce Auto-Lock Time,≤ 5 minutes,Non-compliant
IOS-35471,iOS,Disable Background App Refresh,Disabled or Limited,Non-compliant
IOS-35471,iOS,"Enable Managed Browser (e.g., Edge or Chrome)",Required,Non-compliant
IOS-65541,iOS,Enforce Auto-Lock Time,≤ 5 minutes,Non-compliant
IOS-65541,iOS,Disable USB Restricted Mode (allow USB only when unlocked),Enabled (USB Restricted Mode),Non-compliant
IOS-65541,iOS,Disable Camera Access,Disabled (if not needed),Non-compliant
IOS-65541,iOS,Enforce VPN Use for Enterprise Data,Enforced,Non-compliant
IOS-65541,iOS,Disable Screen Recording,Disabled,Non-compliant
IOS-40474,iOS,Require Face ID or Touch ID for Unlock,Enabled,Non-compliant
IOS-40474,iOS,Disable AirDrop,Disabled,Non-compliant
IOS-40474,iOS,Disable Location Services for All Apps,Disabled or Controlled,Non-compliant
IOS-40474,iOS,Disable Screen Capture,Disabled (recommended),Non-compliant
IOS-40474,iOS,Disable Microphone Access,Disabled (if not needed),Non-compliant
IOS-61106,iOS,Disable Automatic App Installation,Disabled,Non-compliant
IOS-17814,iOS,Enforce Device Passcode,Enabled (Complex passcode),Non-compliant
IOS-17814,iOS,Disable USB Restricted Mode (allow USB only when unlocked),Enabled (USB Restricted Mode),Non-compliant
IOS-17814,iOS,Enable Encryption for Data at Rest,Enabled,Non-compliant
IOS-17814,iOS,Block Installation of Unapproved Apps,Block unapproved apps,Non-compliant
IOS-17814,iOS,Block Pop-ups in Safari,Enabled (Block pop-ups),Non-compliant
IOS-53342,iOS,Require Face ID or Touch ID for Unlock,Enabled,Non-compliant
IOS-53342,iOS,Disable iCloud Backup,Disabled (recommended),Non-compliant
IOS-53342,iOS,Disable Screen Recording,Disabled,Non-compliant
IOS-53342,iOS,Enforce App Update Policy,Required,Non-compliant
IOS-74055,iOS,Block Pop-ups in Safari,Enabled (Block pop-ups),Non-compliant
IOS-50960,iOS,Require Face ID or Touch ID for Unlock,Enabled,Non-compliant
IOS-50960,iOS,Block Installation of Unapproved Apps,Block unapproved apps,Non-compliant
IOS-50960,iOS,Disable iCloud Backup,Disabled (recommended),Non-compliant
IOS-50960,iOS,Disable Jailbreak Detection Bypass,Enforced,Non-compliant
IOS-50960,iOS,Enforce App Update Policy,Required,Non-compliant
IOS-25059,iOS,Enforce Device Passcode,Enabled (Complex passcode),Non-compliant
IOS-25059,iOS,Disable Automatic App Installation,Disabled,Non-compliant
IOS-25059,iOS,Block Installation of Unapproved Apps,Block unapproved apps,Non-compliant
IOS-25059,iOS,"Disable External Media (e.g., USB drives)",Disabled,Non-compliant
IOS-65167,iOS,Disable AirDrop,Disabled,Non-compliant
IOS-99518,iOS,Enforce Device Passcode,Enabled (Complex passcode),Non-compliant
IOS-99518,iOS,Enforce Auto-Lock Time,≤ 5 minutes,Non-compliant
IOS-99518,iOS,Disable Automatic App Installation,Disabled,Non-compliant
IOS-99518,iOS,Disable AirDrop,Disabled,Non-compliant
IOS-99518,iOS,Disable Safari Autofill,Disabled,Non-compliant
IOS-99518,iOS,Enforce TLS 1.2 or Higher,Enforced,Non-compliant
IOS-99518,iOS,Disable Microphone Access,Disabled (if not needed),Non-compliant
IOS-99518,iOS,Disable Siri Suggestions,Disabled,Non-compliant
IOS-57850,iOS,Enforce Auto-Lock Time,≤ 5 minutes,Non-compliant
IOS-57850,iOS,Disable Siri on Lock Screen,Disabled,Non-compliant
IOS-57850,iOS,Disable Automatic App Installation,Disabled,Non-compliant
IOS-57850,iOS,Disable Background App Refresh,Disabled or Limited,Non-compliant
IOS-57850,iOS,Disable Camera Access,Disabled (if not needed),Non-compliant
IOS-57850,iOS,Disable Microphone Access,Disabled (if not needed),Non-compliant
IOS-76339,iOS,Enable Encryption for Data at Rest,Enabled,Non-compliant
IOS-76339,iOS,Disable Location Services for All Apps,Disabled or Controlled,Non-compliant
IOS-76339,iOS,Disable Camera Access,Disabled (if not needed),Non-compliant
IOS-76339,iOS,Disable Jailbreak Detection Bypass,Enforced,Non-compliant
IOS-53412,iOS,Block Installation of Unapproved Apps,Block unapproved apps,Non-compliant
IOS-53412,iOS,Disable Screen Capture,Disabled (recommended),Non-compliant
IOS-53412,iOS,Block Pop-ups in Safari,Enabled (Block pop-ups),Non-compliant
IOS-53412,iOS,"Enable Managed Browser (e.g., Edge or Chrome)",Required,Non-compliant
IOS-53412,iOS,Disable Screen Recording,Disabled,Non-compliant
IOS-53412,iOS,"Disable External Media (e.g., USB drives)",Disabled,Non-compliant
IOS-53412,iOS,Disable Siri Suggestions,Disabled,Non-compliant
IOS-80677,iOS,Disable Automatic App Installation,Disabled,Non-compliant
IOS-80677,iOS,Disable AirDrop,Disabled,Non-compliant
IOS-80677,iOS,Disable Safari Autofill,Disabled,Non-compliant
IOS-80677,iOS,Disable Screen Recording,Disabled,Non-compliant
IOS-96918,iOS,Disable Automatic App Installation,Disabled,Non-compliant
IOS-96918,iOS,Disable Location Services for All Apps,Disabled or Controlled,Non-compliant
IOS-96918,iOS,"Enable Managed Browser (e.g., Edge or Chrome)",Required,Non-compliant
IOS-96918,iOS,Enforce TLS 1.2 or Higher,Enforced,Non-compliant
IOS-96918,iOS,Disable Microphone Access,Disabled (if not needed),Non-compliant
IOS-96918,iOS,Disable Siri Suggestions,Disabled,Non-compliant
IOS-40405,iOS,Require Face ID or Touch ID for Unlock,Enabled,Non-compliant
IOS-40405,iOS,Disable USB Restricted Mode (allow USB only when unlocked),Enabled (USB Restricted Mode),Non-compliant
IOS-40405,iOS,"Enable Managed Browser (e.g., Edge or Chrome)",Required,Non-compliant
IOS-40405,iOS,"Disable External Media (e.g., USB drives)",Disabled,Non-compliant
IOS-39091,iOS,Disable USB Restricted Mode (allow USB only when unlocked),Enabled (USB Restricted Mode),Non-compliant
IOS-39091,iOS,Enforce TLS 1.2 or Higher,Enforced,Non-compliant
IOS-39091,iOS,"Disable External Media (e.g., USB drives)",Disabled,Non-compliant
IOS-39091,iOS,Disable Siri Suggestions,Disabled,Non-compliant
IOS-97547,iOS,Disable USB Restricted Mode (allow USB only when unlocked),Enabled (USB Restricted Mode),Non-compliant
IOS-97547,iOS,Enforce TLS 1.2 or Higher,Enforced,Non-compliant
IOS-97547,iOS,"Disable External Media (e.g., USB drives)",Disabled,Non-compliant
IOS-91520,iOS,Disable Camera Access,Disabled (if not needed),Non-compliant
IOS-83442,iOS,Disable Automatic App Installation,Disabled,Non-compliant
IOS-83442,iOS,Disable Location Services for All Apps,Disabled or Controlled,Non-compliant
IOS-83442,iOS,Enforce TLS 1.2 or Higher,Enforced,Non-compliant
IOS-39180,iOS,Disable Automatic App Installation,Disabled,Non-compliant
IOS-39180,iOS,Disable Location Services for All Apps,Disabled or Controlled,Non-compliant
IOS-39180,iOS,Disable iCloud Backup,Disabled (recommended),Non-compliant
IOS-39180,iOS,Disable Safari Autofill,Disabled,Non-compliant
IOS-39180,iOS,Enforce TLS 1.2 or Higher,Enforced,Non-compliant
IOS-39180,iOS,Enforce VPN Use for Enterprise Data,Enforced,Non-compliant
IOS-39180,iOS,Disable Siri Suggestions,Disabled,Non-compliant
IOS-46802,iOS,Enable Encryption for Data at Rest,Enabled,Non-compliant
IOS-46802,iOS,Disable AirDrop,Disabled,Non-compliant
IOS-46802,iOS,Disable Location Services for All Apps,Disabled or Controlled,Non-compliant
IOS-46802,iOS,Disable Jailbreak Detection Bypass,Enforced,Non-compliant
IOS-46802,iOS,Enforce App Update Policy,Required,Non-compliant
IOS-15533,iOS,Enforce Device Passcode,Enabled (Complex passcode),Non-compliant
IOS-15533,iOS,Enforce TLS 1.2 or Higher,Enforced,Non-compliant
IOS-15533,iOS,Disable Camera Access,Disabled (if not needed),Non-compliant
IOS-15533,iOS,Disable Screen Recording,Disabled,Non-compliant
IOS-24010,iOS,Block Installation of Unapproved Apps,Block unapproved apps,Non-compliant
IOS-24010,iOS,Disable Location Services for All Apps,Disabled or Controlled,Non-compliant
IOS-24010,iOS,Disable Microphone Access,Disabled (if not needed),Non-compliant
IOS-24010,iOS,Disable Siri Suggestions,Disabled,Non-compliant
IOS-57663,iOS,Disable Background App Refresh,Disabled or Limited,Non-compliant
IOS-57663,iOS,Disable iCloud Backup,Disabled (recommended),Non-compliant
IOS-57663,iOS,"Enable Managed Browser (e.g., Edge or Chrome)",Required,Non-compliant
IOS-57663,iOS,Disable Jailbreak Detection Bypass,Enforced,Non-compliant
IOS-51645,iOS,Require Face ID or Touch ID for Unlock,Enabled,Non-compliant
IOS-51645,iOS,Enable Encryption for Data at Rest,Enabled,Non-compliant
IOS-51645,iOS,Disable Automatic App Installation,Disabled,Non-compliant
IOS-51645,iOS,Disable iCloud Backup,Disabled (recommended),Non-compliant
IOS-51645,iOS,"Enable Managed Browser (e.g., Edge or Chrome)",Required,Non-compliant
IOS-51645,iOS,Enforce TLS 1.2 or Higher,Enforced,Non-compliant
IOS-17936,iOS,Enforce Device Passcode,Enabled (Complex passcode),Non-compliant
IOS-17936,iOS,Require Face ID or Touch ID for Unlock,Enabled,Non-compliant
IOS-17936,iOS,Disable Location Services for All Apps,Disabled or Controlled,Non-compliant
IOS-17936,iOS,Disable Screen Capture,Disabled (recommended),Non-compliant
IOS-17936,iOS,Enforce TLS 1.2 or Higher,Enforced,Non-compliant
IOS-77039,iOS,Disable Automatic App Installation,Disabled,Non-compliant
IOS-77039,iOS,Disable Location Services for All Apps,Disabled or Controlled,Non-compliant
IOS-77039,iOS,Disable Safari Autofill,Disabled,Non-compliant
IOS-77039,iOS,"Enable Managed Browser (e.g., Edge or Chrome)",Required,Non-compliant
IOS-77039,iOS,Disable Siri Suggestions,Disabled,Non-compliant
IOS-46041,iOS,Enforce Auto-Lock Time,≤ 5 minutes,Non-compliant
IOS-46041,iOS,Disable Siri on Lock Screen,Disabled,Non-compliant
IOS-46041,iOS,Disable Automatic App Installation,Disabled,Non-compliant
IOS-46041,iOS,Disable AirDrop,Disabled,Non-compliant
IOS-46041,iOS,Block Pop-ups in Safari,Enabled (Block pop-ups),Non-compliant
IOS-29908,iOS,Disable AirDrop,Disabled,Non-compliant
IOS-29908,iOS,Disable Screen Capture,Disabled (recommended),Non-compliant
IOS-29908,iOS,Enforce TLS 1.2 or Higher,Enforced,Non-compliant
IOS-29908,iOS,Disable Siri Suggestions,Disabled,Non-compliant
IOS-49123,iOS,Disable Safari Autofill,Disabled,Non-compliant
IOS-49123,iOS,Disable Camera Access,Disabled (if not needed),Non-compliant
IOS-49123,iOS,Enforce VPN Use for Enterprise Data,Enforced,Non-compliant
IOS-41755,iOS,Require Face ID or Touch ID for Unlock,Enabled,Non-compliant
IOS-41755,iOS,Disable Siri on Lock Screen,Disabled,Non-compliant
IOS-41755,iOS,Block Installation of Unapproved Apps,Block unapproved apps,Non-compliant
IOS-41755,iOS,Disable Background App Refresh,Disabled or Limited,Non-compliant
IOS-41755,iOS,Disable Safari Autofill,Disabled,Non-compliant
IOS-42891,iOS,Enable Encryption for Data at Rest,Enabled,Non-compliant
IOS-42891,iOS,Disable AirDrop,Disabled,Non-compliant
IOS-42891,iOS,Enforce VPN Use for Enterprise Data,Enforced,Non-compliant
IOS-79463,iOS,Block Pop-ups in Safari,Enabled (Block pop-ups),Non-compliant
IOS-79463,iOS,Enforce TLS 1.2 or Higher,Enforced,Non-compliant
IOS-79463,iOS,Disable Microphone Access,Disabled (if not needed),Non-compliant
IOS-79463,iOS,Enforce VPN Use for Enterprise Data,Enforced,Non-compliant
IOS-79463,iOS,Disable Siri Suggestions,Disabled,Non-compliant
IOS-44787,iOS,Enforce Device Passcode,Enabled (Complex passcode),Non-compliant
IOS-44787,iOS,Disable Location Services for All Apps,Disabled or Controlled,Non-compliant
IOS-44787,iOS,Disable Background App Refresh,Disabled or Limited,Non-compliant
IOS-13683,iOS,"Disable External Media (e.g., USB drives)",Disabled,Non-compliant
IOS-11182,iOS,Enable Encryption for Data at Rest,Enabled,Non-compliant
IOS-11182,iOS,Disable Location Services for All Apps,Disabled or Controlled,Non-compliant
IOS-11182,iOS,"Enable Managed Browser (e.g., Edge or Chrome)",Required,Non-compliant
IOS-11182,iOS,Disable Microphone Access,Disabled (if not needed),Non-compliant
IOS-18520,iOS,Enforce Device Passcode,Enabled (Complex passcode),Non-compliant
IOS-18520,iOS,Disable Screen Capture,Disabled (recommended),Non-compliant
IOS-55877,iOS,Disable iCloud Backup,Disabled (recommended),Non-compliant
IOS-55877,iOS,Block Pop-ups in Safari,Enabled (Block pop-ups),Non-compliant
IOS-55877,iOS,"Disable External Media (e.g., USB drives)",Disabled,Non-compliant
IOS-55877,iOS,Disable Jailbreak Detection Bypass,Enforced,Non-compliant
IOS-55877,iOS,Disable Siri Suggestions,Disabled,Non-compliant
IOS-60925,iOS,Disable Siri Suggestions,Disabled,Non-compliant
IOS-54850,iOS,Enforce Auto-Lock Time,≤ 5 minutes,Non-compliant
IOS-54850,iOS,Disable Safari Autofill,Disabled,Non-compliant
IOS-54850,iOS,Enforce TLS 1.2 or Higher,Enforced,Non-compliant
IOS-54850,iOS,Disable Camera Access,Disabled (if not needed),Non-compliant
IOS-54850,iOS,Enforce VPN Use for Enterprise Data,Enforced,Non-compliant
IOS-54850,iOS,Enforce App Update Policy,Required,Non-compliant
IOS-23099,iOS,Require Face ID or Touch ID for Unlock,Enabled,Non-compliant
IOS-23099,iOS,Disable Siri on Lock Screen,Disabled,Non-compliant
IOS-23099,iOS,"Disable External Media (e.g., USB drives)",Disabled,Non-compliant
IOS-73846,iOS,Disable AirDrop,Disabled,Non-compliant
IOS-73846,iOS,"Disable External Media (e.g., USB drives)",Disabled,Non-compliant
IOS-73862,iOS,Disable Siri on Lock Screen,Disabled,Non-compliant
IOS-73862,iOS,Disable AirDrop,Disabled,Non-compliant
IOS-73862,iOS,"Enable Managed Browser (e.g., Edge or Chrome)",Required,Non-compliant
IOS-73862,iOS,Disable Siri Suggestions,Disabled,Non-compliant
IOS-49229,iOS,Disable USB Restricted Mode (allow USB only when unlocked),Enabled (USB Restricted Mode),Non-compliant
IOS-49229,iOS,Enable Encryption for Data at Rest,Enabled,Non-compliant
IOS-49229,iOS,Disable Screen Capture,Disabled (recommended),Non-compliant
IOS-49229,iOS,Block Pop-ups in Safari,Enabled (Block pop-ups),Non-compliant
IOS-49229,iOS,Enforce TLS 1.2 or Higher,Enforced,Non-compliant
IOS-49229,iOS,Disable Microphone Access,Disabled (if not needed),Non-compliant
IOS-49229,iOS,Disable Jailbreak Detection Bypass,Enforced,Non-compliant
IOS-49229,iOS,Enforce App Update Policy,Required,Non-compliant
IOS-54338,iOS,Disable Screen Recording,Disabled,Non-compliant
IOS-67430,iOS,Enable Encryption for Data at Rest,Enabled,Non-compliant
IOS-67430,iOS,Disable iCloud Backup,Disabled (recommended),Non-compliant
IOS-67430,iOS,"Enable Managed Browser (e.g., Edge or Chrome)",Required,Non-compliant
IOS-67430,iOS,Disable Camera Access,Disabled (if not needed),Non-compliant
IOS-67430,iOS,"Disable External Media (e.g., USB drives)",Disabled,Non-compliant
IOS-78220,iOS,Block Installation of Unapproved Apps,Block unapproved apps,Non-compliant
IOS-78220,iOS,Disable Background App Refresh,Disabled or Limited,Non-compliant
IOS-78220,iOS,Disable Jailbreak Detection Bypass,Enforced,Non-compliant
CHR-96337,Chrome,Enable Google Safe Browsing,Enabled,Non-compliant
CHR-96337,Chrome,Disable Password Manager,Disabled,Non-compliant
CHR-96337,Chrome,Disable Autofill for Forms,Disabled,Non-compliant
CHR-96337,Chrome,Block Installation of Unapproved Extensions,Block All / Whitelist Specific,Non-compliant
CHR-96337,Chrome,Disable Background Apps after Browser Close,Disabled,Non-compliant
CHR-96337,Chrome,Disable Password Reveal Button,Disabled,Non-compliant
CHR-96337,Chrome,Disable Sync Features,Disabled,Non-compliant
CHR-96337,Chrome,Disable Sending Browser Data to Google,Disabled,Non-compliant
CHR-96337,Chrome,Disable Media Autoplay,Disabled,Non-compliant
CHR-96337,Chrome,Disable Autofill Credit Card Save,Disabled,Non-compliant
CHR-80357,Chrome,Disable Autofill for Forms,Disabled,Non-compliant
CHR-80357,Chrome,Disable Desktop Notifications,Disabled,Non-compliant
CHR-80357,Chrome,Disable Sync Features,Disabled,Non-compliant
CHR-80357,Chrome,Block Pop-ups,Blocked,Non-compliant
CHR-80357,Chrome,Disable Location Access,Blocked,Non-compliant
CHR-80357,Chrome,Disable Camera Access,Blocked,Non-compliant
CHR-80357,Chrome,Disable Mixed Content Loading,Blocked,Non-compliant
CHR-67338,Chrome,Disable QUIC Protocol,Disabled,Non-compliant
CHR-67338,Chrome,Disable Extension Install Sources Other Than Store,Whitelist only,Non-compliant
CHR-67338,Chrome,Disable Autofill Credit Card Save,Disabled,Non-compliant
CHR-87028,Chrome,Disable Autofill Address Profile,Disabled,Non-compliant
CHR-87028,Chrome,Enforce DNS-over-HTTPS (DoH) Settings,Enforced or Disabled,Non-compliant
CHR-87028,Chrome,Disable Password Reveal Button,Disabled,Non-compliant
CHR-87028,Chrome,Block Pop-ups,Blocked,Non-compliant
CHR-87028,Chrome,Disable Media Autoplay,Disabled,Non-compliant
CHR-87028,Chrome,Disable Flash Player,Disabled,Non-compliant
CHR-87028,Chrome,Enable Strict Site Isolation,Enabled,Non-compliant
CHR-19407,Chrome,Disable Autofill for Forms,Disabled,Non-compliant
CHR-19407,Chrome,Disable Autofill for Payment Methods,Disabled,Non-compliant
CHR-19407,Chrome,Disable QUIC Protocol,Disabled,Non-compliant
CHR-19407,Chrome,Enforce DNS-over-HTTPS (DoH) Settings,Enforced or Disabled,Non-compliant
CHR-19407,Chrome,Block Third-party Cookies,Blocked,Non-compliant
CHR-19407,Chrome,Disable Location Access,Blocked,Non-compliant
CHR-19407,Chrome,Disable Clipboard Read/Write Access,Disabled (Recommended),Non-compliant
CHR-47646,Chrome,Block Developer Tools Usage,Disabled / Block Access,Non-compliant
CHR-47646,Chrome,Disable Automatic Profile Switching,Disabled,Non-compliant
CHR-47646,Chrome,Disable Clipboard Read/Write Access,Disabled (Recommended),Non-compliant
CHR-47646,Chrome,Disable WebRTC IP Leakage,Enabled (Recommended),Non-compliant
CHR-87927,Chrome,Disable Autofill for Payment Methods,Disabled,Non-compliant
CHR-87927,Chrome,Disable QUIC Protocol,Disabled,Non-compliant
CHR-87927,Chrome,Block Developer Tools Usage,Disabled / Block Access,Non-compliant
CHR-87927,Chrome,Disable Clipboard Read/Write Access,Disabled (Recommended),Non-compliant
CHR-24042,Chrome,Disable Password Manager,Disabled,Non-compliant
CHR-24042,Chrome,Disable Autofill for Forms,Disabled,Non-compliant
CHR-24042,Chrome,Enforce DNS-over-HTTPS (DoH) Settings,Enforced or Disabled,Non-compliant
CHR-90706,Chrome,Disable Autofill Address Profile,Disabled,Non-compliant
CHR-90706,Chrome,Enforce DNS-over-HTTPS (DoH) Settings,Enforced or Disabled,Non-compliant
CHR-90706,Chrome,Block Third-party Cookies,Blocked,Non-compliant
CHR-90706,Chrome,Disable Clipboard Read/Write Access,Disabled (Recommended),Non-compliant
CHR-92175,Chrome,Enable Google Safe Browsing,Enabled,Non-compliant
CHR-92175,Chrome,Disable Autofill for Forms,Disabled,Non-compliant
CHR-92175,Chrome,Block Installation of Unapproved Extensions,Block All / Whitelist Specific,Non-compliant
CHR-92175,Chrome,Enforce DNS-over-HTTPS (DoH) Settings,Enforced or Disabled,Non-compliant
CHR-92175,Chrome,Disable WebRTC IP Leakage,Enabled (Recommended),Non-compliant
CHR-92175,Chrome,Disable Mixed Content Loading,Blocked,Non-compliant
CHR-54295,Chrome,Enforce DNS-over-HTTPS (DoH) Settings,Enforced or Disabled,Non-compliant
CHR-54295,Chrome,Disable Autofill Credit Card Save,Disabled,Non-compliant
CHR-14948,Chrome,Enable Google Safe Browsing,Enabled,Non-compliant
CHR-14948,Chrome,Disable Form Data Saving,Disabled,Non-compliant
CHR-14948,Chrome,Disable Media Autoplay,Disabled,Non-compliant
CHR-71221,Chrome,Disable Password Reveal Button,Disabled,Non-compliant
CHR-71221,Chrome,Enable Site Isolation Mode,Enabled,Non-compliant
CHR-71221,Chrome,Block Pop-ups,Blocked,Non-compliant
CHR-71221,Chrome,Disable Flash Player,Disabled,Non-compliant
CHR-90563,Chrome,Block Installation of Unapproved Extensions,Block All / Whitelist Specific,Non-compliant
CHR-90563,Chrome,Disable QUIC Protocol,Disabled,Non-compliant
CHR-90563,Chrome,Enforce DNS-over-HTTPS (DoH) Settings,Enforced or Disabled,Non-compliant
CHR-90563,Chrome,Block Developer Tools Usage,Disabled / Block Access,Non-compliant
CHR-90563,Chrome,Disable Automatic Profile Switching,Disabled,Non-compliant
CHR-90563,Chrome,Disable Media Autoplay,Disabled,Non-compliant
CHR-90563,Chrome,Disable Camera Access,Blocked,Non-compliant
CHR-90563,Chrome,Enable Strict Site Isolation,Enabled,Non-compliant
CHR-85125,Chrome,Disable Autofill for Forms,Disabled,Non-compliant
CHR-85125,Chrome,Disable Autofill for Payment Methods,Disabled,Non-compliant
CHR-85125,Chrome,Disable Background Apps after Browser Close,Disabled,Non-compliant
CHR-85125,Chrome,Enforce DNS-over-HTTPS (DoH) Settings,Enforced or Disabled,Non-compliant
CHR-85125,Chrome,Disable Microphone Access,Blocked,Non-compliant
CHR-85125,Chrome,Enable Strict Site Isolation,Enabled,Non-compliant
CHR-25305,Chrome,Disable Autofill for Payment Methods,Disabled,Non-compliant
CHR-25305,Chrome,Disable Saving Browsing History,Disabled (Recommended),Non-compliant
CHR-25305,Chrome,Disable Sending Browser Data to Google,Disabled,Non-compliant
CHR-25305,Chrome,Disable Extension Install Sources Other Than Store,Whitelist only,Non-compliant
CHR-25305,Chrome,Block Third-party Cookies,Blocked,Non-compliant
CHR-25305,Chrome,Disable Microphone Access,Blocked,Non-compliant
CHR-25305,Chrome,Disable Clipboard Read/Write Access,Disabled (Recommended),Non-compliant
CHR-92720,Chrome,Disable Background Apps after Browser Close,Disabled,Non-compliant
CHR-92720,Chrome,Disable Desktop Notifications,Disabled,Non-compliant
CHR-92720,Chrome,Disable QUIC Protocol,Disabled,Non-compliant
CHR-92720,Chrome,Disable Media Autoplay,Disabled,Non-compliant
CHR-92720,Chrome,Disable Location Access,Blocked,Non-compliant
CHR-92720,Chrome,Disable Clipboard Read/Write Access,Disabled (Recommended),Non-compliant
CHR-78899,Chrome,Enable Site Isolation Mode,Enabled,Non-compliant
CHR-78899,Chrome,Disable Automatic Profile Switching,Disabled,Non-compliant
CHR-78899,Chrome,Enable Tracking Protection,Enabled,Non-compliant
CHR-78899,Chrome,Disable Autofill Credit Card Save,Disabled,Non-compliant
CHR-96330,Chrome,Block Pop-ups,Blocked,Non-compliant
CHR-96330,Chrome,Disable Extension Install Sources Other Than Store,Whitelist only,Non-compliant
CHR-96330,Chrome,Disable Camera Access,Blocked,Non-compliant
CHR-96330,Chrome,Disable Microphone Access,Blocked,Non-compliant
CHR-50973,Chrome,Enforce DNS-over-HTTPS (DoH) Settings,Enforced or Disabled,Non-compliant
CHR-71017,Chrome,Disable QUIC Protocol,Disabled,Non-compliant
CHR-71017,Chrome,Disable Saving Browsing History,Disabled (Recommended),Non-compliant
CHR-71017,Chrome,Block Pop-ups,Blocked,Non-compliant
CHR-71017,Chrome,Disable Form Data Saving,Disabled,Non-compliant
CHR-71017,Chrome,Disable Flash Player,Disabled,Non-compliant
CHR-71017,Chrome,Disable WebRTC IP Leakage,Enabled (Recommended),Non-compliant
CHR-71017,Chrome,Disable Mixed Content Loading,Blocked,Non-compliant
CHR-49771,Chrome,Disable Autofill Address Profile,Disabled,Non-compliant
CHR-49771,Chrome,Block Developer Tools Usage,Disabled / Block Access,Non-compliant
CHR-49771,Chrome,Block Third-party Cookies,Blocked,Non-compliant
CHR-92167,Chrome,Disable Autofill for Forms,Disabled,Non-compliant
CHR-92167,Chrome,Disable Background Apps after Browser Close,Disabled,Non-compliant
CHR-92167,Chrome,Disable Desktop Notifications,Disabled,Non-compliant
CHR-92167,Chrome,Disable QUIC Protocol,Disabled,Non-compliant
CHR-92167,Chrome,Disable Password Reveal Button,Disabled,Non-compliant
CHR-92167,Chrome,Disable Sync Features,Disabled,Non-compliant
CHR-92167,Chrome,Block Pop-ups,Blocked,Non-compliant
CHR-92167,Chrome,Block Third-party Cookies,Blocked,Non-compliant
CHR-92167,Chrome,Disable Location Access,Blocked,Non-compliant
CHR-69113,Chrome,Block Installation of Unapproved Extensions,Block All / Whitelist Specific,Non-compliant
CHR-69113,Chrome,Disable Desktop Notifications,Disabled,Non-compliant
CHR-69113,Chrome,Enforce DNS-over-HTTPS (DoH) Settings,Enforced or Disabled,Non-compliant
CHR-69113,Chrome,Block Developer Tools Usage,Disabled / Block Access,Non-compliant
CHR-69113,Chrome,Disable Extension Install Sources Other Than Store,Whitelist only,Non-compliant
CHR-69113,Chrome,Disable Automatic Profile Switching,Disabled,Non-compliant
CHR-69113,Chrome,Disable Form Data Saving,Disabled,Non-compliant
CHR-26622,Chrome,Disable Autofill for Forms,Disabled,Non-compliant
CHR-26622,Chrome,Disable QUIC Protocol,Disabled,Non-compliant
CHR-26622,Chrome,Disable Saving Browsing History,Disabled (Recommended),Non-compliant
CHR-26622,Chrome,Disable Media Autoplay,Disabled,Non-compliant
CHR-26622,Chrome,Disable Location Access,Blocked,Non-compliant
CHR-26622,Chrome,Disable Microphone Access,Blocked,Non-compliant
CHR-26622,Chrome,Disable WebRTC IP Leakage,Enabled (Recommended),Non-compliant
CHR-70199,Chrome,Disable Autofill for Forms,Disabled,Non-compliant
CHR-70199,Chrome,Disable Sync Features,Disabled,Non-compliant
CHR-70199,Chrome,Disable Sending Browser Data to Google,Disabled,Non-compliant
CHR-70199,Chrome,Disable Extension Install Sources Other Than Store,Whitelist only,Non-compliant
CHR-31277,Chrome,Disable Password Reveal Button,Disabled,Non-compliant
CHR-31277,Chrome,Block Developer Tools Usage,Disabled / Block Access,Non-compliant
CHR-31277,Chrome,Block Pop-ups,Blocked,Non-compliant
CHR-31277,Chrome,Disable Media Autoplay,Disabled,Non-compliant
CHR-31277,Chrome,Disable Microphone Access,Blocked,Non-compliant
CHR-31277,Chrome,Disable WebRTC IP Leakage,Enabled (Recommended),Non-compliant
CHR-75992,Chrome,Enable Google Safe Browsing,Enabled,Non-compliant
CHR-75992,Chrome,Disable Password Manager,Disabled,Non-compliant
CHR-75992,Chrome,Disable Autofill Address Profile,Disabled,Non-compliant
CHR-75992,Chrome,Disable Desktop Notifications,Disabled,Non-compliant
CHR-75992,Chrome,Disable QUIC Protocol,Disabled,Non-compliant
CHR-75992,Chrome,Disable Password Reveal Button,Disabled,Non-compliant
CHR-75992,Chrome,Enable Site Isolation Mode,Enabled,Non-compliant
CHR-29034,Chrome,Block Installation of Unapproved Extensions,Block All / Whitelist Specific,Non-compliant
CHR-29034,Chrome,Enforce DNS-over-HTTPS (DoH) Settings,Enforced or Disabled,Non-compliant
CHR-29034,Chrome,Block Third-party Cookies,Blocked,Non-compliant
CHR-29034,Chrome,Disable WebRTC IP Leakage,Enabled (Recommended),Non-compliant
CHR-29034,Chrome,Disable Mixed Content Loading,Blocked,Non-compliant
CHR-15924,Chrome,Enable Google Safe Browsing,Enabled,Non-compliant
CHR-15924,Chrome,Enable Site Isolation Mode,Enabled,Non-compliant
CHR-54840,Chrome,Disable Password Manager,Disabled,Non-compliant
CHR-54840,Chrome,Disable Background Apps after Browser Close,Disabled,Non-compliant
CHR-54840,Chrome,Disable Automatic Profile Switching,Disabled,Non-compliant
CHR-54840,Chrome,Disable Media Autoplay,Disabled,Non-compliant
CHR-54840,Chrome,Disable Camera Access,Blocked,Non-compliant
CHR-54840,Chrome,Disable Microphone Access,Blocked,Non-compliant
CHR-15145,Chrome,Disable Sending Browser Data to Google,Disabled,Non-compliant
CHR-15145,Chrome,Disable Form Data Saving,Disabled,Non-compliant
CHR-15145,Chrome,Disable Autofill Credit Card Save,Disabled,Non-compliant
CHR-15145,Chrome,Disable WebRTC IP Leakage,Enabled (Recommended),Non-compliant
CHR-89231,Chrome,Block Installation of Unapproved Extensions,Block All / Whitelist Specific,Non-compliant
CHR-89231,Chrome,Disable Saving Browsing History,Disabled (Recommended),Non-compliant
CHR-89231,Chrome,Disable Autofill Credit Card Save,Disabled,Non-compliant
CHR-89231,Chrome,Disable WebRTC IP Leakage,Enabled (Recommended),Non-compliant
CHR-89231,Chrome,Enable Strict Site Isolation,Enabled,Non-compliant
CHR-58045,Chrome,Disable Password Manager,Disabled,Non-compliant
CHR-58045,Chrome,Disable Form Data Saving,Disabled,Non-compliant
CHR-58045,Chrome,Disable Camera Access,Blocked,Non-compliant
CHR-89006,Chrome,Disable Background Apps after Browser Close,Disabled,Non-compliant
CHR-89006,Chrome,Disable Desktop Notifications,Disabled,Non-compliant
CHR-89006,Chrome,Disable Extension Install Sources Other Than Store,Whitelist only,Non-compliant
CHR-89006,Chrome,Disable Microphone Access,Blocked,Non-compliant
CHR-89006,Chrome,Enable Tracking Protection,Enabled,Non-compliant
CHR-89006,Chrome,Disable Clipboard Read/Write Access,Disabled (Recommended),Non-compliant
CHR-33231,Chrome,Enable Google Safe Browsing,Enabled,Non-compliant
CHR-33231,Chrome,Enforce DNS-over-HTTPS (DoH) Settings,Enforced or Disabled,Non-compliant
CHR-33231,Chrome,Block Developer Tools Usage,Disabled / Block Access,Non-compliant
CHR-33231,Chrome,Disable Media Autoplay,Disabled,Non-compliant
CHR-33231,Chrome,Disable Mixed Content Loading,Blocked,Non-compliant
CHR-51223,Chrome,Block Installation of Unapproved Extensions,Block All / Whitelist Specific,Non-compliant
CHR-51223,Chrome,Disable Password Reveal Button,Disabled,Non-compliant
CHR-51223,Chrome,Enable Site Isolation Mode,Enabled,Non-compliant
CHR-51223,Chrome,Disable Flash Player,Disabled,Non-compliant
CHR-51223,Chrome,Block URL Redirection to Unsecure Sites,Blocked (Recommended),Non-compliant
CHR-55845,Chrome,Enable Site Isolation Mode,Enabled,Non-compliant
CHR-55845,Chrome,Block URL Redirection to Unsecure Sites,Blocked (Recommended),Non-compliant
CHR-98971,Chrome,Enable Google Safe Browsing,Enabled,Non-compliant
CHR-98971,Chrome,Block Installation of Unapproved Extensions,Block All / Whitelist Specific,Non-compliant
CHR-98971,Chrome,Disable Saving Browsing History,Disabled (Recommended),Non-compliant
CHR-57495,Chrome,Disable QUIC Protocol,Disabled,Non-compliant
CHR-57495,Chrome,Block Developer Tools Usage,Disabled / Block Access,Non-compliant
CHR-57495,Chrome,Disable Sync Features,Disabled,Non-compliant
CHR-57495,Chrome,Disable WebRTC IP Leakage,Enabled (Recommended),Non-compliant
CHR-57495,Chrome,Block URL Redirection to Unsecure Sites,Blocked (Recommended),Non-compliant
CHR-55153,Chrome,Disable Autofill for Forms,Disabled,Non-compliant
CHR-55153,Chrome,Enforce DNS-over-HTTPS (DoH) Settings,Enforced or Disabled,Non-compliant
CHR-55153,Chrome,Enable Site Isolation Mode,Enabled,Non-compliant
CHR-55153,Chrome,Disable Automatic Profile Switching,Disabled,Non-compliant
CHR-55153,Chrome,Disable Camera Access,Blocked,Non-compliant
CHR-55153,Chrome,Enable Tracking Protection,Enabled,Non-compliant
CHR-55153,Chrome,Disable WebRTC IP Leakage,Enabled (Recommended),Non-compliant
CHR-79058,Chrome,Disable Password Manager,Disabled,Non-compliant
CHR-79058,Chrome,Disable Password Reveal Button,Disabled,Non-compliant
CHR-79058,Chrome,Block Pop-ups,Blocked,Non-compliant
CHR-79058,Chrome,Disable Automatic Profile Switching,Disabled,Non-compliant
CHR-79058,Chrome,Block Third-party Cookies,Blocked,Non-compliant
CHR-17724,Chrome,Disable Autofill for Forms,Disabled,Non-compliant
CHR-17724,Chrome,Disable Background Apps after Browser Close,Disabled,Non-compliant
CHR-17724,Chrome,Disable QUIC Protocol,Disabled,Non-compliant
CHR-17724,Chrome,Disable Extension Install Sources Other Than Store,Whitelist only,Non-compliant
CHR-17724,Chrome,Enable Tracking Protection,Enabled,Non-compliant
CHR-17724,Chrome,Disable WebRTC IP Leakage,Enabled (Recommended),Non-compliant
CHR-34172,Chrome,Disable Autofill for Payment Methods,Disabled,Non-compliant
CHR-34172,Chrome,Disable Password Reveal Button,Disabled,Non-compliant
CHR-34172,Chrome,Disable Saving Browsing History,Disabled (Recommended),Non-compliant
CHR-34172,Chrome,Block Pop-ups,Blocked,Non-compliant
CHR-10066,Chrome,Disable Autofill Address Profile,Disabled,Non-compliant
CHR-10066,Chrome,Disable QUIC Protocol,Disabled,Non-compliant
CHR-10066,Chrome,Block Developer Tools Usage,Disabled / Block Access,Non-compliant
CHR-10066,Chrome,Block Pop-ups,Blocked,Non-compliant
CHR-10066,Chrome,Disable WebRTC IP Leakage,Enabled (Recommended),Non-compliant
CHR-23411,Chrome,Block Installation of Unapproved Extensions,Block All / Whitelist Specific,Non-compliant
CHR-23411,Chrome,Disable Saving Browsing History,Disabled (Recommended),Non-compliant
CHR-23411,Chrome,Block Pop-ups,Blocked,Non-compliant
CHR-23411,Chrome,Disable Sending Browser Data to Google,Disabled,Non-compliant
CHR-23411,Chrome,Disable Flash Player,Disabled,Non-compliant
CHR-28649,Chrome,Disable Saving Browsing History,Disabled (Recommended),Non-compliant
CHR-28649,Chrome,Disable Extension Install Sources Other Than Store,Whitelist only,Non-compliant
CHR-21803,Chrome,Disable Password Reveal Button,Disabled,Non-compliant
CHR-21803,Chrome,Enable Site Isolation Mode,Enabled,Non-compliant
CHR-21803,Chrome,Disable Extension Install Sources Other Than Store,Whitelist only,Non-compliant
CHR-21803,Chrome,Block Third-party Cookies,Blocked,Non-compliant
CHR-21803,Chrome,Disable Media Autoplay,Disabled,Non-compliant
CHR-21803,Chrome,Disable Microphone Access,Blocked,Non-compliant
CHR-21803,Chrome,Disable Clipboard Read/Write Access,Disabled (Recommended),Non-compliant
CHR-21803,Chrome,Disable Autofill Credit Card Save,Disabled,Non-compliant
CHR-47977,Chrome,Disable Desktop Notifications,Disabled,Non-compliant
CHR-47977,Chrome,Enforce DNS-over-HTTPS (DoH) Settings,Enforced or Disabled,Non-compliant
CHR-48047,Chrome,Disable Autofill for Forms,Disabled,Non-compliant
CHR-48047,Chrome,Disable Desktop Notifications,Disabled,Non-compliant
CHR-48047,Chrome,Disable QUIC Protocol,Disabled,Non-compliant
CHR-48047,Chrome,Block Pop-ups,Blocked,Non-compliant
CHR-48047,Chrome,Enable Tracking Protection,Enabled,Non-compliant
CHR-19811,Chrome,Disable Password Manager,Disabled,Non-compliant
CHR-19811,Chrome,Disable Background Apps after Browser Close,Disabled,Non-compliant
CHR-19811,Chrome,Block Third-party Cookies,Blocked,Non-compliant
CHR-19811,Chrome,Disable Media Autoplay,Disabled,Non-compliant
CHR-19811,Chrome,Disable Camera Access,Blocked,Non-compliant
CHR-19811,Chrome,Enable Tracking Protection,Enabled,Non-compliant
CHR-19811,Chrome,Block URL Redirection to Unsecure Sites,Blocked (Recommended),Non-compliant
CHR-43822,Chrome,Block Developer Tools Usage,Disabled / Block Access,Non-compliant
CHR-43822,Chrome,Disable Location Access,Blocked,Non-compliant
CHR-43822,Chrome,Disable Clipboard Read/Write Access,Disabled (Recommended),Non-compliant
CHR-43822,Chrome,Disable Autofill Credit Card Save,Disabled,Non-compliant
CHR-43822,Chrome,Disable Mixed Content Loading,Blocked,Non-compliant
CHR-85856,Chrome,Disable Autofill for Forms,Disabled,Non-compliant
CHR-85856,Chrome,Enable Site Isolation Mode,Enabled,Non-compliant
CHR-85856,Chrome,Block Third-party Cookies,Blocked,Non-compliant
CHR-85856,Chrome,Disable Media Autoplay,Disabled,Non-compliant
CHR-85856,Chrome,Enable Tracking Protection,Enabled,Non-compliant
CHR-98256,Chrome,Disable Flash Player,Disabled,Non-compliant
CHR-98256,Chrome,Disable Mixed Content Loading,Blocked,Non-compliant
CHR-22417,Chrome,Enable Google Safe Browsing,Enabled,Non-compliant
CHR-22417,Chrome,Disable Desktop Notifications,Disabled,Non-compliant
CHR-22417,Chrome,Enforce DNS-over-HTTPS (DoH) Settings,Enforced or Disabled,Non-compliant
CHR-22417,Chrome,Disable Password Reveal Button,Disabled,Non-compliant
CHR-68873,Chrome,Enable Google Safe Browsing,Enabled,Non-compliant
CHR-68873,Chrome,Disable Autofill for Payment Methods,Disabled,Non-compliant
CHR-68873,Chrome,Disable Background Apps after Browser Close,Disabled,Non-compliant
CHR-68873,Chrome,Block URL Redirection to Unsecure Sites,Blocked (Recommended),Non-compliant
CHR-41950,Chrome,Disable Autofill for Forms,Disabled,Non-compliant
CHR-41950,Chrome,Disable Autofill for Payment Methods,Disabled,Non-compliant
CHR-41950,Chrome,Disable Autofill Address Profile,Disabled,Non-compliant
CHR-41950,Chrome,Disable QUIC Protocol,Disabled,Non-compliant
CHR-41950,Chrome,Enable Site Isolation Mode,Enabled,Non-compliant
CHR-41950,Chrome,Disable Extension Install Sources Other Than Store,Whitelist only,Non-compliant
CHR-41950,Chrome,Disable Flash Player,Disabled,Non-compliant
CHR-95503,Chrome,Disable Desktop Notifications,Disabled,Non-compliant
CHR-95503,Chrome,Disable Sync Features,Disabled,Non-compliant
CHR-95503,Chrome,Disable Saving Browsing History,Disabled (Recommended),Non-compliant
CHR-95503,Chrome,Disable Form Data Saving,Disabled,Non-compliant
CHR-59958,Chrome,Disable Password Manager,Disabled,Non-compliant
CHR-59958,Chrome,Disable Autofill for Forms,Disabled,Non-compliant
CHR-59958,Chrome,Disable Autofill for Payment Methods,Disabled,Non-compliant
CHR-59958,Chrome,Disable Background Apps after Browser Close,Disabled,Non-compliant
CHR-59958,Chrome,Disable Location Access,Blocked,Non-compliant
CHR-59958,Chrome,Enable Tracking Protection,Enabled,Non-compliant
CHR-42795,Chrome,Disable Password Reveal Button,Disabled,Non-compliant
CHR-42795,Chrome,Disable Extension Install Sources Other Than Store,Whitelist only,Non-compliant
CHR-42795,Chrome,Disable Camera Access,Blocked,Non-compliant
CHR-42795,Chrome,Disable Mixed Content Loading,Blocked,Non-compliant
CHR-42795,Chrome,Block URL Redirection to Unsecure Sites,Blocked (Recommended),Non-compliant
CHR-66473,Chrome,Enforce DNS-over-HTTPS (DoH) Settings,Enforced or Disabled,Non-compliant
CHR-66473,Chrome,Block Developer Tools Usage,Disabled / Block Access,Non-compliant
CHR-66473,Chrome,Disable Extension Install Sources Other Than Store,Whitelist only,Non-compliant
CHR-66473,Chrome,Disable Location Access,Blocked,Non-compliant
CHR-66473,Chrome,Enable Tracking Protection,Enabled,Non-compliant
CHR-66473,Chrome,Disable Autofill Credit Card Save,Disabled,Non-compliant
CHR-52365,Chrome,Disable Autofill Address Profile,Disabled,Non-compliant
CHR-52365,Chrome,Disable Sending Browser Data to Google,Disabled,Non-compliant
CHR-52365,Chrome,Disable Form Data Saving,Disabled,Non-compliant
CHR-70940,Chrome,Enforce DNS-over-HTTPS (DoH) Settings,Enforced or Disabled,Non-compliant
CHR-70940,Chrome,Enable Site Isolation Mode,Enabled,Non-compliant
CHR-70940,Chrome,Disable Extension Install Sources Other Than Store,Whitelist only,Non-compliant
CHR-70940,Chrome,Disable Media Autoplay,Disabled,Non-compliant
CHR-70940,Chrome,Disable Location Access,Blocked,Non-compliant
CHR-70940,Chrome,Disable Flash Player,Disabled,Non-compliant
CHR-70940,Chrome,Disable WebRTC IP Leakage,Enabled (Recommended),Non-compliant
CHR-70940,Chrome,Enable Strict Site Isolation,Enabled,Non-compliant
CHR-70940,Chrome,Block URL Redirection to Unsecure Sites,Blocked (Recommended),Non-compliant
CHR-15649,Chrome,Disable Password Manager,Disabled,Non-compliant
CHR-15649,Chrome,Disable Autofill Address Profile,Disabled,Non-compliant
CHR-15649,Chrome,Enable Site Isolation Mode,Enabled,Non-compliant
CHR-15649,Chrome,Disable Sync Features,Disabled,Non-compliant
CHR-15649,Chrome,Disable Saving Browsing History,Disabled (Recommended),Non-compliant
CHR-15649,Chrome,Disable Mixed Content Loading,Blocked,Non-compliant
CHR-56600,Chrome,Enforce DNS-over-HTTPS (DoH) Settings,Enforced or Disabled,Non-compliant
CHR-56600,Chrome,Block Pop-ups,Blocked,Non-compliant
CHR-56600,Chrome,Block Third-party Cookies,Blocked,Non-compliant
CHR-56600,Chrome,Disable Flash Player,Disabled,Non-compliant
CHR-40243,Chrome,Disable Background Apps after Browser Close,Disabled,Non-compliant
CHR-40243,Chrome,Disable Desktop Notifications,Disabled,Non-compliant
CHR-40243,Chrome,Enable Site Isolation Mode,Enabled,Non-compliant
CHR-40243,Chrome,Disable Location Access,Blocked,Non-compliant
CHR-40243,Chrome,Disable Flash Player,Disabled,Non-compliant
CHR-40243,Chrome,Disable Mixed Content Loading,Blocked,Non-compliant
CHR-42990,Chrome,Disable Autofill for Forms,Disabled,Non-compliant
CHR-42990,Chrome,Block Installation of Unapproved Extensions,Block All / Whitelist Specific,Non-compliant
CHR-42990,Chrome,Enforce DNS-over-HTTPS (DoH) Settings,Enforced or Disabled,Non-compliant
CHR-42990,Chrome,Disable Sync Features,Disabled,Non-compliant
CHR-42990,Chrome,Disable Saving Browsing History,Disabled (Recommended),Non-compliant
CHR-42990,Chrome,Block URL Redirection to Unsecure Sites,Blocked (Recommended),Non-compliant
CHR-51526,Chrome,Disable Desktop Notifications,Disabled,Non-compliant
CHR-51526,Chrome,Enable Tracking Protection,Enabled,Non-compliant
CHR-51526,Chrome,Disable WebRTC IP Leakage,Enabled (Recommended),Non-compliant
CHR-89960,Chrome,Disable Password Manager,Disabled,Non-compliant
CHR-89960,Chrome,Disable Autofill for Forms,Disabled,Non-compliant
CHR-89960,Chrome,Disable Sync Features,Disabled,Non-compliant
CHR-89960,Chrome,Disable Saving Browsing History,Disabled (Recommended),Non-compliant
CHR-89960,Chrome,Disable Extension Install Sources Other Than Store,Whitelist only,Non-compliant
CHR-89960,Chrome,Disable Automatic Profile Switching,Disabled,Non-compliant
CHR-89960,Chrome,Block Third-party Cookies,Blocked,Non-compliant
CHR-89960,Chrome,Disable Camera Access,Blocked,Non-compliant
CHR-31059,Chrome,Disable Autofill for Payment Methods,Disabled,Non-compliant
CHR-31059,Chrome,Enforce DNS-over-HTTPS (DoH) Settings,Enforced or Disabled,Non-compliant
CHR-31059,Chrome,Disable Sync Features,Disabled,Non-compliant
CHR-31059,Chrome,Block Pop-ups,Blocked,Non-compliant
CHR-31059,Chrome,Disable Form Data Saving,Disabled,Non-compliant
CHR-31059,Chrome,Block URL Redirection to Unsecure Sites,Blocked (Recommended),Non-compliant
CHR-29700,Chrome,Enable Google Safe Browsing,Enabled,Non-compliant
CHR-29700,Chrome,Disable Autofill for Forms,Disabled,Non-compliant
CHR-29700,Chrome,Disable Autofill Address Profile,Disabled,Non-compliant
CHR-29700,Chrome,Block Developer Tools Usage,Disabled / Block Access,Non-compliant
CHR-29700,Chrome,Enable Site Isolation Mode,Enabled,Non-compliant
CHR-29700,Chrome,Disable Clipboard Read/Write Access,Disabled (Recommended),Non-compliant
CHR-29700,Chrome,Disable WebRTC IP Leakage,Enabled (Recommended),Non-compliant
CHR-32521,Chrome,Block Developer Tools Usage,Disabled / Block Access,Non-compliant
CHR-32521,Chrome,Disable Sending Browser Data to Google,Disabled,Non-compliant
CHR-32521,Chrome,Disable Media Autoplay,Disabled,Non-compliant
CHR-82757,Chrome,Disable Password Manager,Disabled,Non-compliant
CHR-82757,Chrome,Disable Autofill for Payment Methods,Disabled,Non-compliant
CHR-82757,Chrome,Disable Autofill Address Profile,Disabled,Non-compliant
CHR-82757,Chrome,Disable Sending Browser Data to Google,Disabled,Non-compliant
CHR-82757,Chrome,Enable Tracking Protection,Enabled,Non-compliant
CHR-57371,Chrome,Disable Password Manager,Disabled,Non-compliant
CHR-57371,Chrome,Enforce DNS-over-HTTPS (DoH) Settings,Enforced or Disabled,Non-compliant
CHR-57371,Chrome,Disable Password Reveal Button,Disabled,Non-compliant
CHR-57371,Chrome,Disable Sync Features,Disabled,Non-compliant
CHR-26643,Chrome,Disable QUIC Protocol,Disabled,Non-compliant
CHR-26643,Chrome,Disable Camera Access,Blocked,Non-compliant
CHR-82647,Chrome,Disable Desktop Notifications,Disabled,Non-compliant
CHR-82647,Chrome,Block Third-party Cookies,Blocked,Non-compliant
CHR-82647,Chrome,Disable Microphone Access,Blocked,Non-compliant
CHR-82647,Chrome,Disable Clipboard Read/Write Access,Disabled (Recommended),Non-compliant
CHR-49074,Chrome,Block Installation of Unapproved Extensions,Block All / Whitelist Specific,Non-compliant
CHR-49074,Chrome,Enable Site Isolation Mode,Enabled,Non-compliant
CHR-49074,Chrome,Disable Sync Features,Disabled,Non-compliant
CHR-49074,Chrome,Block Pop-ups,Blocked,Non-compliant
CHR-49074,Chrome,Enable Tracking Protection,Enabled,Non-compliant
CHR-49074,Chrome,Enable Strict Site Isolation,Enabled,Non-compliant
CHR-80041,Chrome,Block Installation of Unapproved Extensions,Block All / Whitelist Specific,Non-compliant
CHR-80041,Chrome,Disable Media Autoplay,Disabled,Non-compliant
CHR-18901,Chrome,Enable Google Safe Browsing,Enabled,Non-compliant
CHR-18901,Chrome,Disable QUIC Protocol,Disabled,Non-compliant
CHR-18901,Chrome,Enforce DNS-over-HTTPS (DoH) Settings,Enforced or Disabled,Non-compliant
CHR-18901,Chrome,Disable Sync Features,Disabled,Non-compliant
CHR-18901,Chrome,Disable Saving Browsing History,Disabled (Recommended),Non-compliant
CHR-18901,Chrome,Disable Sending Browser Data to Google,Disabled,Non-compliant
CHR-18901,Chrome,Block Third-party Cookies,Blocked,Non-compliant
CHR-18901,Chrome,Disable Location Access,Blocked,Non-compliant
CHR-81787,Chrome,Disable Autofill for Payment Methods,Disabled,Non-compliant
CHR-81787,Chrome,Block Developer Tools Usage,Disabled / Block Access,Non-compliant
CHR-81787,Chrome,Disable Extension Install Sources Other Than Store,Whitelist only,Non-compliant
CHR-81787,Chrome,Disable Autofill Credit Card Save,Disabled,Non-compliant
CHR-45534,Chrome,Disable Background Apps after Browser Close,Disabled,Non-compliant
CHR-45534,Chrome,Disable QUIC Protocol,Disabled,Non-compliant
CHR-45534,Chrome,Enforce DNS-over-HTTPS (DoH) Settings,Enforced or Disabled,Non-compliant
CHR-45534,Chrome,Disable WebRTC IP Leakage,Enabled (Recommended),Non-compliant
CHR-81898,Chrome,Disable Autofill for Forms,Disabled,Non-compliant
CHR-81898,Chrome,Disable Desktop Notifications,Disabled,Non-compliant
CHR-81898,Chrome,Enforce DNS-over-HTTPS (DoH) Settings,Enforced or Disabled,Non-compliant
CHR-81898,Chrome,Disable Automatic Profile Switching,Disabled,Non-compliant
CHR-81898,Chrome,Disable Media Autoplay,Disabled,Non-compliant
CHR-81898,Chrome,Disable Flash Player,Disabled,Non-compliant
CHR-29960,Chrome,Disable Password Reveal Button,Disabled,Non-compliant
CHR-29960,Chrome,Block Third-party Cookies,Blocked,Non-compliant
CHR-29960,Chrome,Enable Tracking Protection,Enabled,Non-compliant
CHR-29960,Chrome,Disable Flash Player,Disabled,Non-compliant
CHR-29960,Chrome,Block URL Redirection to Unsecure Sites,Blocked (Recommended),Non-compliant
CHR-80732,Chrome,Enable Site Isolation Mode,Enabled,Non-compliant
CHR-80732,Chrome,Disable Sync Features,Disabled,Non-compliant
CHR-80732,Chrome,Disable Saving Browsing History,Disabled (Recommended),Non-compliant
CHR-80732,Chrome,Disable Extension Install Sources Other Than Store,Whitelist only,Non-compliant
CHR-80732,Chrome,Disable Flash Player,Disabled,Non-compliant
CHR-96153,Chrome,Disable Autofill Address Profile,Disabled,Non-compliant
CHR-96153,Chrome,Block Installation of Unapproved Extensions,Block All / Whitelist Specific,Non-compliant
CHR-96153,Chrome,Enforce DNS-over-HTTPS (DoH) Settings,Enforced or Disabled,Non-compliant
CHR-96153,Chrome,Enable Site Isolation Mode,Enabled,Non-compliant
CHR-96153,Chrome,Disable Sync Features,Disabled,Non-compliant
CHR-96153,Chrome,Disable Form Data Saving,Disabled,Non-compliant
CHR-96153,Chrome,Disable Autofill Credit Card Save,Disabled,Non-compliant
CHR-96153,Chrome,Block URL Redirection to Unsecure Sites,Blocked (Recommended),Non-compliant
CHR-15829,Chrome,Disable Password Manager,Disabled,Non-compliant
CHR-15829,Chrome,Disable Autofill for Payment Methods,Disabled,Non-compliant
CHR-15829,Chrome,Disable Background Apps after Browser Close,Disabled,Non-compliant
CHR-15829,Chrome,Enable Strict Site Isolation,Enabled,Non-compliant
CHR-15829,Chrome,Block URL Redirection to Unsecure Sites,Blocked (Recommended),Non-compliant
CHR-37728,Chrome,Disable Autofill Address Profile,Disabled,Non-compliant
CHR-37728,Chrome,Disable QUIC Protocol,Disabled,Non-compliant
CHR-37728,Chrome,Block Pop-ups,Blocked,Non-compliant
CHR-37728,Chrome,Disable Flash Player,Disabled,Non-compliant
CHR-37728,Chrome,Enable Strict Site Isolation,Enabled,Non-compliant
CHR-81633,Chrome,Disable Password Manager,Disabled,Non-compliant
CHR-81633,Chrome,Disable Password Reveal Button,Disabled,Non-compliant
CHR-81633,Chrome,Disable Saving Browsing History,Disabled (Recommended),Non-compliant
CHR-81633,Chrome,Disable Extension Install Sources Other Than Store,Whitelist only,Non-compliant
CHR-81633,Chrome,Block Third-party Cookies,Blocked,Non-compliant
CHR-81633,Chrome,Enable Tracking Protection,Enabled,Non-compliant
CHR-81633,Chrome,Enable Strict Site Isolation,Enabled,Non-compliant
CHR-30777,Chrome,Enforce DNS-over-HTTPS (DoH) Settings,Enforced or Disabled,Non-compliant
CHR-30777,Chrome,Disable Sending Browser Data to Google,Disabled,Non-compliant
CHR-30777,Chrome,Disable Extension Install Sources Other Than Store,Whitelist only,Non-compliant
CHR-30777,Chrome,Disable Media Autoplay,Disabled,Non-compliant
CHR-81232,Chrome,Enable Google Safe Browsing,Enabled,Non-compliant
CHR-81232,Chrome,Disable Automatic Profile Switching,Disabled,Non-compliant
CHR-81232,Chrome,Disable Media Autoplay,Disabled,Non-compliant
CHR-81232,Chrome,Disable Autofill Credit Card Save,Disabled,Non-compliant
CHR-81232,Chrome,Disable WebRTC IP Leakage,Enabled (Recommended),Non-compliant
CHR-24476,Chrome,Disable Autofill Address Profile,Disabled,Non-compliant
CHR-24476,Chrome,Block Installation of Unapproved Extensions,Block All / Whitelist Specific,Non-compliant
CHR-24476,Chrome,Disable Background Apps after Browser Close,Disabled,Non-compliant
CHR-24476,Chrome,Disable Sync Features,Disabled,Non-compliant
CHR-24476,Chrome,Disable Saving Browsing History,Disabled (Recommended),Non-compliant
CHR-24476,Chrome,Block Pop-ups,Blocked,Non-compliant
CHR-24476,Chrome,Enable Tracking Protection,Enabled,Non-compliant
CHR-24476,Chrome,Disable Autofill Credit Card Save,Disabled,Non-compliant
CHR-43622,Chrome,Disable QUIC Protocol,Disabled,Non-compliant
CHR-43622,Chrome,Disable Camera Access,Blocked,Non-compliant
CHR-43622,Chrome,Enable Tracking Protection,Enabled,Non-compliant
CHR-54456,Chrome,Disable Password Manager,Disabled,Non-compliant
CHR-54456,Chrome,Enable Site Isolation Mode,Enabled,Non-compliant
CHR-54456,Chrome,Disable Location Access,Blocked,Non-compliant
CHR-98515,Chrome,Disable Autofill Address Profile,Disabled,Non-compliant
CHR-98515,Chrome,Enforce DNS-over-HTTPS (DoH) Settings,Enforced or Disabled,Non-compliant
CHR-98515,Chrome,Disable Password Reveal Button,Disabled,Non-compliant
CHR-98515,Chrome,Block Developer Tools Usage,Disabled / Block Access,Non-compliant
CHR-98515,Chrome,Block Pop-ups,Blocked,Non-compliant
CHR-98515,Chrome,Block Third-party Cookies,Blocked,Non-compliant
CHR-58381,Chrome,Disable Sync Features,Disabled,Non-compliant
CHR-58381,Chrome,Disable Form Data Saving,Disabled,Non-compliant
CHR-58381,Chrome,Disable Camera Access,Blocked,Non-compliant
CHR-58381,Chrome,Disable WebRTC IP Leakage,Enabled (Recommended),Non-compliant
CHR-14617,Chrome,Disable Autofill for Payment Methods,Disabled,Non-compliant
CHR-14617,Chrome,Disable Autofill Address Profile,Disabled,Non-compliant
CHR-14617,Chrome,Enforce DNS-over-HTTPS (DoH) Settings,Enforced or Disabled,Non-compliant
CHR-14617,Chrome,Enable Site Isolation Mode,Enabled,Non-compliant
CHR-14617,Chrome,Disable Mixed Content Loading,Blocked,Non-compliant
CHR-22535,Chrome,Disable Autofill for Payment Methods,Disabled,Non-compliant
CHR-85878,Chrome,Disable Desktop Notifications,Disabled,Non-compliant
CHR-85878,Chrome,Disable Password Reveal Button,Disabled,Non-compliant
CHR-85878,Chrome,Disable Saving Browsing History,Disabled (Recommended),Non-compliant
CHR-85878,Chrome,Disable Sending Browser Data to Google,Disabled,Non-compliant
CHR-85878,Chrome,Disable Extension Install Sources Other Than Store,Whitelist only,Non-compliant
CHR-85878,Chrome,Disable Form Data Saving,Disabled,Non-compliant
CHR-85878,Chrome,Enable Tracking Protection,Enabled,Non-compliant
CHR-85878,Chrome,Disable Mixed Content Loading,Blocked,Non-compliant
CHR-72437,Chrome,Enable Google Safe Browsing,Enabled,Non-compliant
CHR-72437,Chrome,Disable Password Reveal Button,Disabled,Non-compliant
CHR-72437,Chrome,Disable Sync Features,Disabled,Non-compliant
CHR-72437,Chrome,Enable Strict Site Isolation,Enabled,Non-compliant
CHR-99193,Chrome,Enable Google Safe Browsing,Enabled,Non-compliant
CHR-99193,Chrome,Disable Desktop Notifications,Disabled,Non-compliant
CHR-99193,Chrome,Disable Password Reveal Button,Disabled,Non-compliant
CHR-99193,Chrome,Disable Clipboard Read/Write Access,Disabled (Recommended),Non-compliant
CHR-99193,Chrome,Disable WebRTC IP Leakage,Enabled (Recommended),Non-compliant
CHR-47054,Chrome,Disable Autofill for Forms,Disabled,Non-compliant
CHR-47054,Chrome,Disable Background Apps after Browser Close,Disabled,Non-compliant
CHR-47054,Chrome,Block Developer Tools Usage,Disabled / Block Access,Non-compliant
CHR-47054,Chrome,Disable Sync Features,Disabled,Non-compliant
CHR-47054,Chrome,Block Pop-ups,Blocked,Non-compliant
CHR-47054,Chrome,Disable Camera Access,Blocked,Non-compliant
CHR-47054,Chrome,Disable Clipboard Read/Write Access,Disabled (Recommended),Non-compliant
CHR-47054,Chrome,Block URL Redirection to Unsecure Sites,Blocked (Recommended),Non-compliant
CHR-62288,Chrome,Disable WebRTC IP Leakage,Enabled (Recommended),Non-compliant
CHR-44058,Chrome,Disable Desktop Notifications,Disabled,Non-compliant
CHR-44058,Chrome,Block Developer Tools Usage,Disabled / Block Access,Non-compliant
CHR-44058,Chrome,Disable Flash Player,Disabled,Non-compliant
CHR-44058,Chrome,Enable Strict Site Isolation,Enabled,Non-compliant
CHR-15188,Chrome,Disable Autofill Address Profile,Disabled,Non-compliant
CHR-15188,Chrome,Block Installation of Unapproved Extensions,Block All / Whitelist Specific,Non-compliant
CHR-15188,Chrome,Disable Form Data Saving,Disabled,Non-compliant
CHR-15188,Chrome,Disable Autofill Credit Card Save,Disabled,Non-compliant
CHR-15188,Chrome,Disable Flash Player,Disabled,Non-compliant
CHR-15188,Chrome,Disable WebRTC IP Leakage,Enabled (Recommended),Non-compliant
CHR-82752,Chrome,Disable Autofill Address Profile,Disabled,Non-compliant
CHR-82752,Chrome,Block Installation of Unapproved Extensions,Block All / Whitelist Specific,Non-compliant
CHR-82752,Chrome,Enable Site Isolation Mode,Enabled,Non-compliant
CHR-82752,Chrome,Disable Saving Browsing History,Disabled (Recommended),Non-compliant
CHR-82752,Chrome,Disable Clipboard Read/Write Access,Disabled (Recommended),Non-compliant
CHR-82752,Chrome,Disable Mixed Content Loading,Blocked,Non-compliant
CHR-30884,Chrome,Disable Background Apps after Browser Close,Disabled,Non-compliant
CHR-30884,Chrome,Disable QUIC Protocol,Disabled,Non-compliant
CHR-30884,Chrome,Enforce DNS-over-HTTPS (DoH) Settings,Enforced or Disabled,Non-compliant
CHR-30884,Chrome,Disable Saving Browsing History,Disabled (Recommended),Non-compliant
CHR-30884,Chrome,Disable Automatic Profile Switching,Disabled,Non-compliant
CHR-30884,Chrome,Disable Location Access,Blocked,Non-compliant
CHR-30884,Chrome,Disable Camera Access,Blocked,Non-compliant
CHR-30884,Chrome,Disable Mixed Content Loading,Blocked,Non-compliant
CHR-68031,Chrome,Enable Google Safe Browsing,Enabled,Non-compliant
CHR-68031,Chrome,Disable Desktop Notifications,Disabled,Non-compliant
CHR-68031,Chrome,Disable Password Reveal Button,Disabled,Non-compliant
CHR-68031,Chrome,Block Developer Tools Usage,Disabled / Block Access,Non-compliant
CHR-68031,Chrome,Block Pop-ups,Blocked,Non-compliant
CHR-68031,Chrome,Disable Media Autoplay,Disabled,Non-compliant
CHR-68031,Chrome,Enable Tracking Protection,Enabled,Non-compliant
CHR-68031,Chrome,Block URL Redirection to Unsecure Sites,Blocked (Recommended),Non-compliant
CHR-26699,Chrome,Disable Desktop Notifications,Disabled,Non-compliant
CHR-26699,Chrome,Block Pop-ups,Blocked,Non-compliant
CHR-26699,Chrome,Disable Extension Install Sources Other Than Store,Whitelist only,Non-compliant
CHR-26699,Chrome,Enable Strict Site Isolation,Enabled,Non-compliant
CHR-39559,Chrome,Disable Autofill for Forms,Disabled,Non-compliant
CHR-39559,Chrome,Disable Autofill for Payment Methods,Disabled,Non-compliant
CHR-39559,Chrome,Disable Location Access,Blocked,Non-compliant
CHR-39559,Chrome,Enable Strict Site Isolation,Enabled,Non-compliant
CHR-39559,Chrome,Disable Mixed Content Loading,Blocked,Non-compliant
CHR-39559,Chrome,Block URL Redirection to Unsecure Sites,Blocked (Recommended),Non-compliant
CHR-92770,Chrome,Disable Autofill Address Profile,Disabled,Non-compliant
CHR-92770,Chrome,Disable Background Apps after Browser Close,Disabled,Non-compliant
CHR-92770,Chrome,Enforce DNS-over-HTTPS (DoH) Settings,Enforced or Disabled,Non-compliant
CHR-92770,Chrome,Disable Password Reveal Button,Disabled,Non-compliant
CHR-92770,Chrome,Enable Site Isolation Mode,Enabled,Non-compliant
CHR-92770,Chrome,Disable Sync Features,Disabled,Non-compliant
CHR-92770,Chrome,Block Pop-ups,Blocked,Non-compliant
CHR-92770,Chrome,Disable Automatic Profile Switching,Disabled,Non-compliant
CHR-92770,Chrome,Disable Camera Access,Blocked,Non-compliant
CHR-92770,Chrome,Enable Strict Site Isolation,Enabled,Non-compliant
CHR-60832,Chrome,Disable Password Manager,Disabled,Non-compliant
CHR-60832,Chrome,Enforce DNS-over-HTTPS (DoH) Settings,Enforced or Disabled,Non-compliant
CHR-60832,Chrome,Disable Sync Features,Disabled,Non-compliant
CHR-60832,Chrome,Disable Microphone Access,Blocked,Non-compliant
CHR-60832,Chrome,Enable Strict Site Isolation,Enabled,Non-compliant
CHR-79658,Chrome,Disable Desktop Notifications,Disabled,Non-compliant
CHR-79658,Chrome,Disable Saving Browsing History,Disabled (Recommended),Non-compliant
CHR-79658,Chrome,Block Third-party Cookies,Blocked,Non-compliant
CHR-79658,Chrome,Disable Media Autoplay,Disabled,Non-compliant
CHR-59029,Chrome,Disable Sending Browser Data to Google,Disabled,Non-compliant
CHR-59029,Chrome,Disable Camera Access,Blocked,Non-compliant
CHR-59029,Chrome,Disable Microphone Access,Blocked,Non-compliant
CHR-59029,Chrome,Disable WebRTC IP Leakage,Enabled (Recommended),Non-compliant
CHR-79842,Chrome,Disable Autofill for Forms,Disabled,Non-compliant
CHR-79842,Chrome,Block Installation of Unapproved Extensions,Block All / Whitelist Specific,Non-compliant
CHR-79842,Chrome,Disable Background Apps after Browser Close,Disabled,Non-compliant
CHR-79842,Chrome,Disable Saving Browsing History,Disabled (Recommended),Non-compliant
CHR-79842,Chrome,Disable Form Data Saving,Disabled,Non-compliant
CHR-79842,Chrome,Disable Media Autoplay,Disabled,Non-compliant
CHR-79842,Chrome,Disable Camera Access,Blocked,Non-compliant
CHR-79842,Chrome,Disable Mixed Content Loading,Blocked,Non-compliant
CHR-39114,Chrome,Disable Autofill for Forms,Disabled,Non-compliant
CHR-39114,Chrome,Enable Site Isolation Mode,Enabled,Non-compliant
CHR-39114,Chrome,Disable Media Autoplay,Disabled,Non-compliant
CHR-39114,Chrome,Disable Location Access,Blocked,Non-compliant
CHR-39114,Chrome,Disable Autofill Credit Card Save,Disabled,Non-compliant
CHR-39114,Chrome,Enable Strict Site Isolation,Enabled,Non-compliant
CHR-34528,Chrome,Disable Autofill Address Profile,Disabled,Non-compliant
CHR-34528,Chrome,Disable QUIC Protocol,Disabled,Non-compliant
CHR-34528,Chrome,Disable Camera Access,Blocked,Non-compliant
CHR-34528,Chrome,Disable Autofill Credit Card Save,Disabled,Non-compliant
CHR-34528,Chrome,Disable WebRTC IP Leakage,Enabled (Recommended),Non-compliant
CHR-34528,Chrome,Disable Mixed Content Loading,Blocked,Non-compliant
CHR-34528,Chrome,Block URL Redirection to Unsecure Sites,Blocked (Recommended),Non-compliant
CHR-33796,Chrome,Disable Password Manager,Disabled,Non-compliant
CHR-33796,Chrome,Disable Sending Browser Data to Google,Disabled,Non-compliant
CHR-33796,Chrome,Disable Automatic Profile Switching,Disabled,Non-compliant
CHR-85835,Chrome,Disable Background Apps after Browser Close,Disabled,Non-compliant
CHR-85835,Chrome,Disable QUIC Protocol,Disabled,Non-compliant
CHR-85835,Chrome,Enable Site Isolation Mode,Enabled,Non-compliant
CHR-85835,Chrome,Block Pop-ups,Blocked,Non-compliant
CHR-85835,Chrome,Disable Camera Access,Blocked,Non-compliant
CHR-85835,Chrome,Enable Tracking Protection,Enabled,Non-compliant
CHR-85835,Chrome,Disable Clipboard Read/Write Access,Disabled (Recommended),Non-compliant
CHR-85835,Chrome,Disable Autofill Credit Card Save,Disabled,Non-compliant
CHR-85835,Chrome,Disable Flash Player,Disabled,Non-compliant
CHR-31686,Chrome,Enable Google Safe Browsing,Enabled,Non-compliant
CHR-31686,Chrome,Disable Background Apps after Browser Close,Disabled,Non-compliant
CHR-31686,Chrome,Disable Password Reveal Button,Disabled,Non-compliant
CHR-31686,Chrome,Disable Sync Features,Disabled,Non-compliant
CHR-71190,Chrome,Disable Autofill for Forms,Disabled,Non-compliant
CHR-71190,Chrome,Disable Desktop Notifications,Disabled,Non-compliant
CHR-71190,Chrome,Disable Sync Features,Disabled,Non-compliant
CHR-71190,Chrome,Disable Form Data Saving,Disabled,Non-compliant
CHR-71190,Chrome,Disable Autofill Credit Card Save,Disabled,Non-compliant
CHR-71190,Chrome,Block URL Redirection to Unsecure Sites,Blocked (Recommended),Non-compliant
CHR-63377,Chrome,Block Developer Tools Usage,Disabled / Block Access,Non-compliant
CHR-63377,Chrome,Disable Clipboard Read/Write Access,Disabled (Recommended),Non-compliant
CHR-86336,Chrome,Disable QUIC Protocol,Disabled,Non-compliant
CHR-86336,Chrome,Enforce DNS-over-HTTPS (DoH) Settings,Enforced or Disabled,Non-compliant
CHR-86336,Chrome,Enable Site Isolation Mode,Enabled,Non-compliant
CHR-86336,Chrome,Disable Extension Install Sources Other Than Store,Whitelist only,Non-compliant
CHR-69299,Chrome,Disable Autofill Address Profile,Disabled,Non-compliant
CHR-69299,Chrome,Disable Background Apps after Browser Close,Disabled,Non-compliant
CHR-69299,Chrome,Disable Camera Access,Blocked,Non-compliant
CHR-69299,Chrome,Enable Tracking Protection,Enabled,Non-compliant
CHR-69299,Chrome,Disable Mixed Content Loading,Blocked,Non-compliant
CHR-69299,Chrome,Block URL Redirection to Unsecure Sites,Blocked (Recommended),Non-compliant
CHR-85000,Chrome,Block Installation of Unapproved Extensions,Block All / Whitelist Specific,Non-compliant
CHR-85000,Chrome,Disable Sending Browser Data to Google,Disabled,Non-compliant
CHR-85000,Chrome,Block Third-party Cookies,Blocked,Non-compliant
CHR-26069,Chrome,Enable Google Safe Browsing,Enabled,Non-compliant
CHR-26069,Chrome,Disable Autofill for Payment Methods,Disabled,Non-compliant
CHR-26069,Chrome,Block Third-party Cookies,Blocked,Non-compliant
CHR-26069,Chrome,Disable Autofill Credit Card Save,Disabled,Non-compliant
CHR-60357,Chrome,Disable Autofill Address Profile,Disabled,Non-compliant
CHR-60357,Chrome,Disable Password Reveal Button,Disabled,Non-compliant
CHR-46088,Chrome,Enable Site Isolation Mode,Enabled,Non-compliant
CHR-46088,Chrome,Disable Saving Browsing History,Disabled (Recommended),Non-compliant
CHR-46088,Chrome,Disable Automatic Profile Switching,Disabled,Non-compliant
CHR-46088,Chrome,Disable Clipboard Read/Write Access,Disabled (Recommended),Non-compliant
CHR-46088,Chrome,Enable Strict Site Isolation,Enabled,Non-compliant
CHR-46088,Chrome,Disable Mixed Content Loading,Blocked,Non-compliant
CHR-55453,Chrome,Block Installation of Unapproved Extensions,Block All / Whitelist Specific,Non-compliant
CHR-55453,Chrome,Disable Desktop Notifications,Disabled,Non-compliant
CHR-55453,Chrome,Disable Extension Install Sources Other Than Store,Whitelist only,Non-compliant
CHR-76756,Chrome,Enforce DNS-over-HTTPS (DoH) Settings,Enforced or Disabled,Non-compliant
CHR-76756,Chrome,Disable Media Autoplay,Disabled,Non-compliant
CHR-76756,Chrome,Enable Tracking Protection,Enabled,Non-compliant
CHR-52470,Chrome,Disable Autofill Address Profile,Disabled,Non-compliant
CHR-52470,Chrome,Block Developer Tools Usage,Disabled / Block Access,Non-compliant
CHR-52470,Chrome,Disable Saving Browsing History,Disabled (Recommended),Non-compliant
CHR-52470,Chrome,Disable Extension Install Sources Other Than Store,Whitelist only,Non-compliant
CHR-52470,Chrome,Disable Form Data Saving,Disabled,Non-compliant
CHR-52470,Chrome,Disable Camera Access,Blocked,Non-compliant
CHR-52470,Chrome,Enable Tracking Protection,Enabled,Non-compliant
CHR-52470,Chrome,Disable Mixed Content Loading,Blocked,Non-compliant
CHR-90118,Chrome,Disable Sync Features,Disabled,Non-compliant
CHR-90118,Chrome,Block Pop-ups,Blocked,Non-compliant
CHR-90118,Chrome,Disable Media Autoplay,Disabled,Non-compliant
CHR-90118,Chrome,Enable Tracking Protection,Enabled,Non-compliant
CHR-90118,Chrome,Disable Clipboard Read/Write Access,Disabled (Recommended),Non-compliant
CHR-23618,Chrome,Disable Password Manager,Disabled,Non-compliant
CHR-23618,Chrome,Enforce DNS-over-HTTPS (DoH) Settings,Enforced or Disabled,Non-compliant
CHR-23618,Chrome,Disable Sending Browser Data to Google,Disabled,Non-compliant
CHR-23618,Chrome,Disable Extension Install Sources Other Than Store,Whitelist only,Non-compliant
CHR-23618,Chrome,Block Third-party Cookies,Blocked,Non-compliant
CHR-23618,Chrome,Disable Mixed Content Loading,Blocked,Non-compliant
CHR-10544,Chrome,Disable Mixed Content Loading,Blocked,Non-compliant
CHR-19640,Chrome,Disable Autofill for Payment Methods,Disabled,Non-compliant
CHR-19640,Chrome,Disable Background Apps after Browser Close,Disabled,Non-compliant
CHR-19640,Chrome,Disable Flash Player,Disabled,Non-compliant
CHR-57201,Chrome,Disable Password Manager,Disabled,Non-compliant
CHR-57201,Chrome,Disable Autofill for Forms,Disabled,Non-compliant
CHR-57201,Chrome,Disable Autofill for Payment Methods,Disabled,Non-compliant
CHR-57201,Chrome,Enforce DNS-over-HTTPS (DoH) Settings,Enforced or Disabled,Non-compliant
CHR-57201,Chrome,Block Pop-ups,Blocked,Non-compliant
CHR-57201,Chrome,Disable Location Access,Blocked,Non-compliant
CHR-57201,Chrome,Disable Autofill Credit Card Save,Disabled,Non-compliant
CHR-57201,Chrome,Enable Strict Site Isolation,Enabled,Non-compliant
CHR-57201,Chrome,Block URL Redirection to Unsecure Sites,Blocked (Recommended),Non-compliant
CHR-22183,Chrome,Disable Background Apps after Browser Close,Disabled,Non-compliant
CHR-22183,Chrome,Disable Desktop Notifications,Disabled,Non-compliant
CHR-22183,Chrome,Enforce DNS-over-HTTPS (DoH) Settings,Enforced or Disabled,Non-compliant
CHR-22183,Chrome,Disable Sync Features,Disabled,Non-compliant
CHR-22183,Chrome,Block Pop-ups,Blocked,Non-compliant
CHR-43823,Chrome,Block Installation of Unapproved Extensions,Block All / Whitelist Specific,Non-compliant
CHR-43823,Chrome,Disable Password Reveal Button,Disabled,Non-compliant
CHR-43823,Chrome,Disable Saving Browsing History,Disabled (Recommended),Non-compliant
CHR-43823,Chrome,Disable Media Autoplay,Disabled,Non-compliant
CHR-43823,Chrome,Disable Camera Access,Blocked,Non-compliant
CHR-43823,Chrome,Disable Flash Player,Disabled,Non-compliant
CHR-16216,Chrome,Enable Google Safe Browsing,Enabled,Non-compliant
CHR-16216,Chrome,Block Installation of Unapproved Extensions,Block All / Whitelist Specific,Non-compliant
CHR-16216,Chrome,Disable Extension Install Sources Other Than Store,Whitelist only,Non-compliant
CHR-16216,Chrome,Disable Automatic Profile Switching,Disabled,Non-compliant
CHR-16216,Chrome,Block Third-party Cookies,Blocked,Non-compliant
CHR-16216,Chrome,Disable Microphone Access,Blocked,Non-compliant
CHR-16216,Chrome,Enable Strict Site Isolation,Enabled,Non-compliant
CHR-35375,Chrome,Disable Autofill for Payment Methods,Disabled,Non-compliant
CHR-35375,Chrome,Disable Desktop Notifications,Disabled,Non-compliant
CHR-35375,Chrome,Enforce DNS-over-HTTPS (DoH) Settings,Enforced or Disabled,Non-compliant
CHR-35375,Chrome,Block Pop-ups,Blocked,Non-compliant
CHR-35375,Chrome,Disable Extension Install Sources Other Than Store,Whitelist only,Non-compliant
CHR-35375,Chrome,Disable Flash Player,Disabled,Non-compliant
CHR-63298,Chrome,Disable Password Manager,Disabled,Non-compliant
CHR-63298,Chrome,Disable Autofill Address Profile,Disabled,Non-compliant
CHR-63298,Chrome,Disable QUIC Protocol,Disabled,Non-compliant
CHR-63298,Chrome,Disable Sending Browser Data to Google,Disabled,Non-compliant
CHR-63298,Chrome,Disable Form Data Saving,Disabled,Non-compliant
CHR-63298,Chrome,Enable Tracking Protection,Enabled,Non-compliant
CHR-63298,Chrome,Disable WebRTC IP Leakage,Enabled (Recommended),Non-compliant
CHR-98753,Chrome,Disable Location Access,Blocked,Non-compliant
CHR-98753,Chrome,Disable Camera Access,Blocked,Non-compliant
CHR-98753,Chrome,Disable Flash Player,Disabled,Non-compliant
CHR-53509,Chrome,Disable Autofill for Forms,Disabled,Non-compliant
CHR-53509,Chrome,Disable Password Reveal Button,Disabled,Non-compliant
CHR-53509,Chrome,Disable Sync Features,Disabled,Non-compliant
CHR-86552,Chrome,Enable Google Safe Browsing,Enabled,Non-compliant
CHR-86552,Chrome,Disable Autofill for Forms,Disabled,Non-compliant
CHR-86552,Chrome,Disable Autofill Address Profile,Disabled,Non-compliant
CHR-86552,Chrome,Disable Sync Features,Disabled,Non-compliant
CHR-86552,Chrome,Disable Media Autoplay,Disabled,Non-compliant
CHR-86552,Chrome,Disable Mixed Content Loading,Blocked,Non-compliant
CHR-84976,Chrome,Enable Site Isolation Mode,Enabled,Non-compliant
CHR-84976,Chrome,Block Pop-ups,Blocked,Non-compliant
CHR-84976,Chrome,Block Third-party Cookies,Blocked,Non-compliant
CHR-84976,Chrome,Disable Form Data Saving,Disabled,Non-compliant
CHR-84976,Chrome,Disable Clipboard Read/Write Access,Disabled (Recommended),Non-compliant
CHR-64221,Chrome,Enable Google Safe Browsing,Enabled,Non-compliant
CHR-64221,Chrome,Disable Sync Features,Disabled,Non-compliant
CHR-64221,Chrome,Block Pop-ups,Blocked,Non-compliant
CHR-64221,Chrome,Disable Automatic Profile Switching,Disabled,Non-compliant
CHR-64221,Chrome,Block Third-party Cookies,Blocked,Non-compliant
CHR-64221,Chrome,Enable Tracking Protection,Enabled,Non-compliant
CHR-51440,Chrome,Disable Autofill for Forms,Disabled,Non-compliant
CHR-51440,Chrome,Disable Background Apps after Browser Close,Disabled,Non-compliant
CHR-51440,Chrome,Block Pop-ups,Blocked,Non-compliant
CHR-51440,Chrome,Disable Sending Browser Data to Google,Disabled,Non-compliant
CHR-51440,Chrome,Disable Media Autoplay,Disabled,Non-compliant
CHR-51440,Chrome,Disable Microphone Access,Blocked,Non-compliant
CHR-51440,Chrome,Disable Clipboard Read/Write Access,Disabled (Recommended),Non-compliant
CHR-51440,Chrome,Enable Strict Site Isolation,Enabled,Non-compliant
CHR-77098,Chrome,Enable Site Isolation Mode,Enabled,Non-compliant
CHR-77098,Chrome,Disable Saving Browsing History,Disabled (Recommended),Non-compliant
CHR-77098,Chrome,Disable Extension Install Sources Other Than Store,Whitelist only,Non-compliant
CHR-77098,Chrome,Enable Tracking Protection,Enabled,Non-compliant
CHR-77098,Chrome,Disable WebRTC IP Leakage,Enabled (Recommended),Non-compliant
CHR-48199,Chrome,Disable Autofill for Forms,Disabled,Non-compliant
CHR-48199,Chrome,Block Installation of Unapproved Extensions,Block All / Whitelist Specific,Non-compliant
CHR-48199,Chrome,Disable Desktop Notifications,Disabled,Non-compliant
CHR-48199,Chrome,Disable Form Data Saving,Disabled,Non-compliant
CHR-83253,Chrome,Disable Autofill for Payment Methods,Disabled,Non-compliant
CHR-83253,Chrome,Disable Microphone Access,Blocked,Non-compliant
CHR-83253,Chrome,Disable Flash Player,Disabled,Non-compliant
CHR-83253,Chrome,Disable WebRTC IP Leakage,Enabled (Recommended),Non-compliant
CHR-83253,Chrome,Disable Mixed Content Loading,Blocked,Non-compliant
CHR-83253,Chrome,Block URL Redirection to Unsecure Sites,Blocked (Recommended),Non-compliant
CHR-57277,Chrome,Enable Google Safe Browsing,Enabled,Non-compliant
CHR-98946,Chrome,Disable Camera Access,Blocked,Non-compliant
CHR-98946,Chrome,Disable Microphone Access,Blocked,Non-compliant
CHR-34274,Chrome,Enforce DNS-over-HTTPS (DoH) Settings,Enforced or Disabled,Non-compliant
CHR-34274,Chrome,Disable Flash Player,Disabled,Non-compliant
CHR-34274,Chrome,Disable Mixed Content Loading,Blocked,Non-compliant
CHR-34274,Chrome,Block URL Redirection to Unsecure Sites,Blocked (Recommended),Non-compliant
CHR-72625,Chrome,Enable Google Safe Browsing,Enabled,Non-compliant
CHR-72625,Chrome,Disable Autofill for Forms,Disabled,Non-compliant
CHR-72625,Chrome,Block Installation of Unapproved Extensions,Block All / Whitelist Specific,Non-compliant
CHR-72625,Chrome,Disable Saving Browsing History,Disabled (Recommended),Non-compliant
CHR-72625,Chrome,Block Pop-ups,Blocked,Non-compliant
CHR-72625,Chrome,Disable Media Autoplay,Disabled,Non-compliant
CHR-72625,Chrome,Disable Location Access,Blocked,Non-compliant
CHR-72625,Chrome,Enable Tracking Protection,Enabled,Non-compliant
CHR-72625,Chrome,Disable WebRTC IP Leakage,Enabled (Recommended),Non-compliant
CHR-23001,Chrome,Block Pop-ups,Blocked,Non-compliant
CHR-23257,Chrome,Disable Password Reveal Button,Disabled,Non-compliant
CHR-23257,Chrome,Disable Microphone Access,Blocked,Non-compliant
CHR-25385,Chrome,Block Developer Tools Usage,Disabled / Block Access,Non-compliant
CHR-25385,Chrome,Disable WebRTC IP Leakage,Enabled (Recommended),Non-compliant
CHR-63766,Chrome,Disable Autofill Address Profile,Disabled,Non-compliant
CHR-63766,Chrome,Enforce DNS-over-HTTPS (DoH) Settings,Enforced or Disabled,Non-compliant
CHR-63766,Chrome,Disable Password Reveal Button,Disabled,Non-compliant
CHR-63766,Chrome,Block Developer Tools Usage,Disabled / Block Access,Non-compliant
CHR-63766,Chrome,Disable Automatic Profile Switching,Disabled,Non-compliant
CHR-63766,Chrome,Disable Media Autoplay,Disabled,Non-compliant
CHR-41147,Chrome,Enable Google Safe Browsing,Enabled,Non-compliant
CHR-41147,Chrome,Disable Autofill for Forms,Disabled,Non-compliant
CHR-41147,Chrome,Disable Desktop Notifications,Disabled,Non-compliant
CHR-41147,Chrome,Disable Clipboard Read/Write Access,Disabled (Recommended),Non-compliant
CHR-41147,Chrome,Disable WebRTC IP Leakage,Enabled (Recommended),Non-compliant
CHR-78377,Chrome,Enforce DNS-over-HTTPS (DoH) Settings,Enforced or Disabled,Non-compliant
CHR-78377,Chrome,Disable Password Reveal Button,Disabled,Non-compliant
CHR-78377,Chrome,Block Pop-ups,Blocked,Non-compliant
CHR-78377,Chrome,Disable Camera Access,Blocked,Non-compliant
CHR-78377,Chrome,Enable Tracking Protection,Enabled,Non-compliant
CHR-78377,Chrome,Disable Clipboard Read/Write Access,Disabled (Recommended),Non-compliant
CHR-78377,Chrome,Block URL Redirection to Unsecure Sites,Blocked (Recommended),Non-compliant
CHR-99944,Chrome,Enable Google Safe Browsing,Enabled,Non-compliant
CHR-99944,Chrome,Disable Autofill Address Profile,Disabled,Non-compliant
CHR-99944,Chrome,Block Third-party Cookies,Blocked,Non-compliant
CHR-99944,Chrome,Disable Form Data Saving,Disabled,Non-compliant
CHR-99944,Chrome,Disable Microphone Access,Blocked,Non-compliant
CHR-75412,Chrome,Disable Autofill for Forms,Disabled,Non-compliant
CHR-75412,Chrome,Disable Background Apps after Browser Close,Disabled,Non-compliant
CHR-75412,Chrome,Block Developer Tools Usage,Disabled / Block Access,Non-compliant
CHR-75412,Chrome,Disable Camera Access,Blocked,Non-compliant
CHR-75412,Chrome,Disable Flash Player,Disabled,Non-compliant
CHR-75412,Chrome,Enable Strict Site Isolation,Enabled,Non-compliant
CHR-75412,Chrome,Disable Mixed Content Loading,Blocked,Non-compliant
CHR-55830,Chrome,Enable Google Safe Browsing,Enabled,Non-compliant
CHR-55830,Chrome,Block Developer Tools Usage,Disabled / Block Access,Non-compliant
CHR-55830,Chrome,Disable Automatic Profile Switching,Disabled,Non-compliant
CHR-55830,Chrome,Disable Clipboard Read/Write Access,Disabled (Recommended),Non-compliant
CHR-35049,Chrome,Disable Password Manager,Disabled,Non-compliant
CHR-35049,Chrome,Disable Password Reveal Button,Disabled,Non-compliant
CHR-35049,Chrome,Disable Microphone Access,Blocked,Non-compliant
CHR-35049,Chrome,Disable Clipboard Read/Write Access,Disabled (Recommended),Non-compliant
CHR-13487,Chrome,Disable Autofill Credit Card Save,Disabled,Non-compliant
CHR-85588,Chrome,Enable Google Safe Browsing,Enabled,Non-compliant
CHR-85588,Chrome,Block Pop-ups,Blocked,Non-compliant
CHR-92954,Chrome,Disable Autofill for Payment Methods,Disabled,Non-compliant
CHR-92954,Chrome,Disable Background Apps after Browser Close,Disabled,Non-compliant
CHR-92954,Chrome,Disable Desktop Notifications,Disabled,Non-compliant
CHR-92954,Chrome,Disable Autofill Credit Card Save,Disabled,Non-compliant
CHR-92954,Chrome,Disable Mixed Content Loading,Blocked,Non-compliant
CHR-57179,Chrome,Enable Google Safe Browsing,Enabled,Non-compliant
CHR-57179,Chrome,Enable Strict Site Isolation,Enabled,Non-compliant
CHR-33372,Chrome,Disable Autofill for Payment Methods,Disabled,Non-compliant
CHR-33372,Chrome,Enable Site Isolation Mode,Enabled,Non-compliant
CHR-33372,Chrome,Disable Form Data Saving,Disabled,Non-compliant
CHR-33372,Chrome,Disable Flash Player,Disabled,Non-compliant
CHR-33372,Chrome,Disable Mixed Content Loading,Blocked,Non-compliant
CHR-79850,Chrome,Enable Google Safe Browsing,Enabled,Non-compliant
CHR-79850,Chrome,Disable Autofill Address Profile,Disabled,Non-compliant
CHR-79850,Chrome,Enable Tracking Protection,Enabled,Non-compliant
CHR-66348,Chrome,Disable QUIC Protocol,Disabled,Non-compliant
CHR-66348,Chrome,Enforce DNS-over-HTTPS (DoH) Settings,Enforced or Disabled,Non-compliant
CHR-66348,Chrome,Disable Camera Access,Blocked,Non-compliant
CHR-66348,Chrome,Disable Microphone Access,Blocked,Non-compliant
CHR-66348,Chrome,Disable Autofill Credit Card Save,Disabled,Non-compliant
CHR-45185,Chrome,Enable Google Safe Browsing,Enabled,Non-compliant
CHR-45185,Chrome,Disable Autofill Address Profile,Disabled,Non-compliant
CHR-45185,Chrome,Enable Site Isolation Mode,Enabled,Non-compliant
CHR-45185,Chrome,Disable Sync Features,Disabled,Non-compliant
CHR-45185,Chrome,Disable Camera Access,Blocked,Non-compliant
CHR-45185,Chrome,Disable Autofill Credit Card Save,Disabled,Non-compliant
CHR-45185,Chrome,Disable Flash Player,Disabled,Non-compliant
CHR-39763,Chrome,Disable Background Apps after Browser Close,Disabled,Non-compliant
CHR-39763,Chrome,Disable QUIC Protocol,Disabled,Non-compliant
CHR-39763,Chrome,Disable Sync Features,Disabled,Non-compliant
CHR-39763,Chrome,Disable Clipboard Read/Write Access,Disabled (Recommended),Non-compliant
CHR-64260,Chrome,Disable Microphone Access,Blocked,Non-compliant
CHR-64260,Chrome,Enable Tracking Protection,Enabled,Non-compliant
CHR-79337,Chrome,Enable Google Safe Browsing,Enabled,Non-compliant
CHR-79337,Chrome,Disable Background Apps after Browser Close,Disabled,Non-compliant
CHR-79337,Chrome,Disable Saving Browsing History,Disabled (Recommended),Non-compliant
CHR-79337,Chrome,Disable Extension Install Sources Other Than Store,Whitelist only,Non-compliant
CHR-79337,Chrome,Disable Microphone Access,Blocked,Non-compliant
CHR-75459,Chrome,Disable Autofill for Payment Methods,Disabled,Non-compliant
CHR-75459,Chrome,Disable Background Apps after Browser Close,Disabled,Non-compliant
CHR-28146,Chrome,Enable Google Safe Browsing,Enabled,Non-compliant
CHR-28146,Chrome,Disable Password Manager,Disabled,Non-compliant
CHR-28146,Chrome,Disable Autofill for Forms,Disabled,Non-compliant
CHR-28146,Chrome,Block Developer Tools Usage,Disabled / Block Access,Non-compliant
CHR-28146,Chrome,Disable WebRTC IP Leakage,Enabled (Recommended),Non-compliant
CHR-95291,Chrome,Disable Background Apps after Browser Close,Disabled,Non-compliant
CHR-95291,Chrome,Disable Extension Install Sources Other Than Store,Whitelist only,Non-compliant
CHR-95291,Chrome,Enable Tracking Protection,Enabled,Non-compliant
CHR-95291,Chrome,Disable WebRTC IP Leakage,Enabled (Recommended),Non-compliant
CHR-95291,Chrome,Block URL Redirection to Unsecure Sites,Blocked (Recommended),Non-compliant
CHR-71689,Chrome,Enforce DNS-over-HTTPS (DoH) Settings,Enforced or Disabled,Non-compliant
CHR-71689,Chrome,Disable Sync Features,Disabled,Non-compliant
CHR-71689,Chrome,Disable Automatic Profile Switching,Disabled,Non-compliant
CHR-71689,Chrome,Disable WebRTC IP Leakage,Enabled (Recommended),Non-compliant
CHR-71689,Chrome,Disable Mixed Content Loading,Blocked,Non-compliant
CHR-12707,Chrome,Disable Background Apps after Browser Close,Disabled,Non-compliant
CHR-12707,Chrome,Block Developer Tools Usage,Disabled / Block Access,Non-compliant
CHR-12707,Chrome,Disable Automatic Profile Switching,Disabled,Non-compliant
CHR-12707,Chrome,Disable Form Data Saving,Disabled,Non-compliant
CHR-12707,Chrome,Enable Tracking Protection,Enabled,Non-compliant
CHR-19431,Chrome,Enable Site Isolation Mode,Enabled,Non-compliant
CHR-19431,Chrome,Disable Location Access,Blocked,Non-compliant
CHR-19431,Chrome,Disable Camera Access,Blocked,Non-compliant
CHR-45016,Chrome,Disable Autofill for Payment Methods,Disabled,Non-compliant
CHR-45016,Chrome,Enforce DNS-over-HTTPS (DoH) Settings,Enforced or Disabled,Non-compliant
CHR-45016,Chrome,Disable Sync Features,Disabled,Non-compliant
CHR-45016,Chrome,Block Third-party Cookies,Blocked,Non-compliant
CHR-65749,Chrome,Enable Google Safe Browsing,Enabled,Non-compliant
CHR-65749,Chrome,Disable Extension Install Sources Other Than Store,Whitelist only,Non-compliant
CHR-65749,Chrome,Block Third-party Cookies,Blocked,Non-compliant
CHR-83700,Chrome,Disable Camera Access,Blocked,Non-compliant
CHR-83700,Chrome,Disable Clipboard Read/Write Access,Disabled (Recommended),Non-compliant
CHR-83700,Chrome,Enable Strict Site Isolation,Enabled,Non-compliant
CHR-52670,Chrome,Block Installation of Unapproved Extensions,Block All / Whitelist Specific,Non-compliant
CHR-52670,Chrome,Disable Desktop Notifications,Disabled,Non-compliant
CHR-52670,Chrome,Block Developer Tools Usage,Disabled / Block Access,Non-compliant
CHR-52670,Chrome,Block Third-party Cookies,Blocked,Non-compliant
CHR-15846,Chrome,Disable Autofill Address Profile,Disabled,Non-compliant
CHR-15846,Chrome,Disable QUIC Protocol,Disabled,Non-compliant
CHR-15846,Chrome,Block Developer Tools Usage,Disabled / Block Access,Non-compliant
CHR-15846,Chrome,Enable Site Isolation Mode,Enabled,Non-compliant
CHR-15846,Chrome,Disable Sync Features,Disabled,Non-compliant
CHR-15846,Chrome,Disable Saving Browsing History,Disabled (Recommended),Non-compliant
CHR-15846,Chrome,Block Pop-ups,Blocked,Non-compliant
CHR-15846,Chrome,Disable Sending Browser Data to Google,Disabled,Non-compliant
CHR-71539,Chrome,Disable QUIC Protocol,Disabled,Non-compliant
CHR-71539,Chrome,Disable Password Reveal Button,Disabled,Non-compliant
CHR-71539,Chrome,Disable Sending Browser Data to Google,Disabled,Non-compliant
CHR-69266,Chrome,Disable Clipboard Read/Write Access,Disabled (Recommended),Non-compliant
CHR-69266,Chrome,Enable Strict Site Isolation,Enabled,Non-compliant
CHR-35347,Chrome,Disable Autofill for Forms,Disabled,Non-compliant
CHR-35347,Chrome,Disable Desktop Notifications,Disabled,Non-compliant
CHR-35347,Chrome,Enforce DNS-over-HTTPS (DoH) Settings,Enforced or Disabled,Non-compliant
CHR-35347,Chrome,Disable Saving Browsing History,Disabled (Recommended),Non-compliant
CHR-35347,Chrome,Disable Extension Install Sources Other Than Store,Whitelist only,Non-compliant
CHR-35347,Chrome,Disable Form Data Saving,Disabled,Non-compliant
CHR-35347,Chrome,Disable Camera Access,Blocked,Non-compliant
CHR-35347,Chrome,Enable Strict Site Isolation,Enabled,Non-compliant
CHR-35347,Chrome,Block URL Redirection to Unsecure Sites,Blocked (Recommended),Non-compliant
CHR-25498,Chrome,Disable Autofill Credit Card Save,Disabled,Non-compliant
CHR-74194,Chrome,Enable Site Isolation Mode,Enabled,Non-compliant
CHR-74194,Chrome,Disable Sync Features,Disabled,Non-compliant
CHR-74194,Chrome,Disable Saving Browsing History,Disabled (Recommended),Non-compliant
CHR-74194,Chrome,Disable Autofill Credit Card Save,Disabled,Non-compliant
CHR-74194,Chrome,Enable Strict Site Isolation,Enabled,Non-compliant
CHR-74194,Chrome,Disable Mixed Content Loading,Blocked,Non-compliant
CHR-25140,Chrome,Enable Google Safe Browsing,Enabled,Non-compliant
CHR-25140,Chrome,Disable Background Apps after Browser Close,Disabled,Non-compliant
CHR-25140,Chrome,Block Pop-ups,Blocked,Non-compliant
CHR-25140,Chrome,Disable Extension Install Sources Other Than Store,Whitelist only,Non-compliant
CHR-25140,Chrome,Disable Automatic Profile Switching,Disabled,Non-compliant
CHR-25140,Chrome,Disable Form Data Saving,Disabled,Non-compliant
CHR-25140,Chrome,Disable Location Access,Blocked,Non-compliant
CHR-61593,Chrome,Enforce DNS-over-HTTPS (DoH) Settings,Enforced or Disabled,Non-compliant
CHR-61593,Chrome,Block Developer Tools Usage,Disabled / Block Access,Non-compliant
CHR-61593,Chrome,Disable Media Autoplay,Disabled,Non-compliant
CHR-61593,Chrome,Enable Tracking Protection,Enabled,Non-compliant
CHR-61593,Chrome,Enable Strict Site Isolation,Enabled,Non-compliant
CHR-61607,Chrome,Disable Automatic Profile Switching,Disabled,Non-compliant
CHR-88737,Chrome,Enable Google Safe Browsing,Enabled,Non-compliant
CHR-88737,Chrome,Disable Autofill for Payment Methods,Disabled,Non-compliant
CHR-88737,Chrome,Block Developer Tools Usage,Disabled / Block Access,Non-compliant
CHR-88737,Chrome,Block Pop-ups,Blocked,Non-compliant
CHR-88737,Chrome,Disable Extension Install Sources Other Than Store,Whitelist only,Non-compliant
CHR-88737,Chrome,Enable Strict Site Isolation,Enabled,Non-compliant
CHR-33916,Chrome,Block Installation of Unapproved Extensions,Block All / Whitelist Specific,Non-compliant
CHR-33916,Chrome,Disable Background Apps after Browser Close,Disabled,Non-compliant
CHR-33916,Chrome,Block Third-party Cookies,Blocked,Non-compliant
CHR-33916,Chrome,Disable Camera Access,Blocked,Non-compliant
CHR-49071,Chrome,Disable QUIC Protocol,Disabled,Non-compliant
CHR-49071,Chrome,Enforce DNS-over-HTTPS (DoH) Settings,Enforced or Disabled,Non-compliant
CHR-49071,Chrome,Disable Password Reveal Button,Disabled,Non-compliant
CHR-49071,Chrome,Disable Camera Access,Blocked,Non-compliant
CHR-49071,Chrome,Disable Microphone Access,Blocked,Non-compliant
CHR-49071,Chrome,Enable Tracking Protection,Enabled,Non-compliant
CHR-49071,Chrome,Disable WebRTC IP Leakage,Enabled (Recommended),Non-compliant
CHR-49071,Chrome,Disable Mixed Content Loading,Blocked,Non-compliant
CHR-49071,Chrome,Block URL Redirection to Unsecure Sites,Blocked (Recommended),Non-compliant
CHR-77956,Chrome,Enforce DNS-over-HTTPS (DoH) Settings,Enforced or Disabled,Non-compliant
CHR-77956,Chrome,Disable Form Data Saving,Disabled,Non-compliant
CHR-77956,Chrome,Disable Camera Access,Blocked,Non-compliant
CHR-77956,Chrome,Disable Clipboard Read/Write Access,Disabled (Recommended),Non-compliant
CHR-77956,Chrome,Disable Flash Player,Disabled,Non-compliant
CHR-53428,Chrome,Disable Autofill for Payment Methods,Disabled,Non-compliant
CHR-46051,Chrome,Disable Autofill for Payment Methods,Disabled,Non-compliant
CHR-46051,Chrome,Disable Desktop Notifications,Disabled,Non-compliant
CHR-46051,Chrome,Disable Clipboard Read/Write Access,Disabled (Recommended),Non-compliant
CHR-46051,Chrome,Enable Strict Site Isolation,Enabled,Non-compliant
CHR-46051,Chrome,Block URL Redirection to Unsecure Sites,Blocked (Recommended),Non-compliant
CHR-64096,Chrome,Disable Automatic Profile Switching,Disabled,Non-compliant
EDG-63021,Edge,Enable Safe Browsing Protection,Enabled,Non-compliant
EDG-63021,Edge,Disable Autofill Address Profiles,Disabled,Non-compliant
EDG-63021,Edge,Disable Password Reveal Button,Disabled,Non-compliant
EDG-63021,Edge,Disable Camera Access,Blocked,Non-compliant
EDG-63021,Edge,Disable Autofill Credit Card Save,Disabled,Non-compliant
EDG-72317,Edge,Enable Safe Browsing Protection,Enabled,Non-compliant
EDG-72317,Edge,Disable Password Manager,Disabled,Non-compliant
EDG-72317,Edge,Enforce DNS-over-HTTPS (DoH) Settings,Enforced or Disabled,Non-compliant
EDG-72317,Edge,Disable Insecure Content Loading,Block,Non-compliant
EDG-72317,Edge,Disable Location Access,Blocked,Non-compliant
EDG-72317,Edge,Enable Tracking Protection,Enabled,Non-compliant
EDG-72317,Edge,Disable Flash Player,Disabled,Non-compliant
EDG-74938,Edge,Disable Saving Browsing History,Disabled (Recommended),Non-compliant
EDG-74938,Edge,Disable Password Manager Autofill Prompt,Disabled,Non-compliant
EDG-74938,Edge,Disable Media Autoplay,Disabled,Non-compliant
EDG-74938,Edge,Block URL Redirection to Unsecure Sites,Blocked (Recommended),Non-compliant
EDG-74938,Edge,Disable WebRTC IP Leakage,Enabled (Recommended),Non-compliant
EDG-84884,Edge,Enable Microsoft Defender SmartScreen,Enabled,Non-compliant
EDG-84884,Edge,Disable Autofill for Payment Methods,Disabled,Non-compliant
EDG-84884,Edge,Disable Password Reveal Button,Disabled,Non-compliant
EDG-84884,Edge,Enable Site Isolation Mode,Enabled,Non-compliant
EDG-84884,Edge,Disable Insecure Content Loading,Block,Non-compliant
EDG-84884,Edge,Disable Autofill Save Prompt,Disabled,Non-compliant
EDG-84884,Edge,Disable Camera Access,Blocked,Non-compliant
EDG-84884,Edge,Disable Autofill Credit Card Save,Disabled,Non-compliant
EDG-84884,Edge,Block URL Redirection to Unsecure Sites,Blocked (Recommended),Non-compliant
EDG-84884,Edge,Disable WebRTC IP Leakage,Enabled (Recommended),Non-compliant
EDG-40044,Edge,Disable Autofill for Payment Methods,Disabled,Non-compliant
EDG-40044,Edge,Disable Sync Features,Disabled,Non-compliant
EDG-40044,Edge,Block Pop-ups,Blocked,Non-compliant
EDG-40044,Edge,Disable Automatic Profile Switching,Disabled,Non-compliant
EDG-40044,Edge,Enforce HTTPS-only Mode,Enabled (Recommended),Non-compliant
EDG-40044,Edge,Disable Microphone Access,Blocked,Non-compliant
EDG-40044,Edge,Disable Clipboard Read/Write Access,Disabled (Recommended),Non-compliant
EDG-40044,Edge,Disable Flash Player,Disabled,Non-compliant
EDG-73715,Edge,Disable Autofill for Forms,Disabled,Non-compliant
EDG-73715,Edge,Block Installation of Unapproved Extensions,Block All / Whitelist Specific,Non-compliant
EDG-73715,Edge,Enforce DNS-over-HTTPS (DoH) Settings,Enforced or Disabled,Non-compliant
EDG-73715,Edge,Block Pop-ups,Blocked,Non-compliant
EDG-73715,Edge,Block Access to Edge Settings,Restricted,Non-compliant
EDG-73715,Edge,Enable Application Guard,Enabled,Non-compliant
EDG-73715,Edge,Disable Media Autoplay,Disabled,Non-compliant
EDG-73715,Edge,Enable Tracking Protection,Enabled,Non-compliant
EDG-59197,Edge,Enable Application Guard,Enabled,Non-compliant
EDG-59197,Edge,Block Third-party Cookies,Blocked,Non-compliant
EDG-59197,Edge,Disable Media Autoplay,Disabled,Non-compliant
EDG-59197,Edge,Enable Tracking Protection,Enabled,Non-compliant
EDG-59197,Edge,Block URL Redirection to Unsecure Sites,Blocked (Recommended),Non-compliant
EDG-36823,Edge,Disable Autofill Address Profiles,Disabled,Non-compliant
EDG-36823,Edge,Disable Desktop Notifications,Disabled,Non-compliant
EDG-36823,Edge,Disable Sync Features,Disabled,Non-compliant
EDG-36823,Edge,Disable Saving Browsing History,Disabled (Recommended),Non-compliant
EDG-36823,Edge,Disable Extension Install Sources Other Than Store,Whitelist only,Non-compliant
EDG-36823,Edge,Disable Password Manager Autofill Prompt,Disabled,Non-compliant
EDG-36823,Edge,Disable Form Data Saving,Disabled,Non-compliant
EDG-36823,Edge,Disable Camera Access,Blocked,Non-compliant
EDG-36823,Edge,Disable WebRTC IP Leakage,Enabled (Recommended),Non-compliant
EDG-15654,Edge,Disable Autofill for Forms,Disabled,Non-compliant
EDG-15654,Edge,Enable Site Isolation Mode,Enabled,Non-compliant
EDG-15654,Edge,Disable Saving Browsing History,Disabled (Recommended),Non-compliant
EDG-15654,Edge,Disable Extension Install Sources Other Than Store,Whitelist only,Non-compliant
EDG-15654,Edge,Block Access to Edge Settings,Restricted,Non-compliant
EDG-15654,Edge,Disable Form Data Saving,Disabled,Non-compliant
EDG-15654,Edge,Disable Location Access,Blocked,Non-compliant
EDG-34820,Edge,Disable Password Manager,Disabled,Non-compliant
EDG-34820,Edge,Disable Autofill for Forms,Disabled,Non-compliant
EDG-34820,Edge,Block Pop-ups,Blocked,Non-compliant
EDG-34820,Edge,Disable Password Manager Autofill Prompt,Disabled,Non-compliant
EDG-38794,Edge,Enable Site Isolation Mode,Enabled,Non-compliant
EDG-38794,Edge,Disable Sync Features,Disabled,Non-compliant
EDG-38794,Edge,Block Pop-ups,Blocked,Non-compliant
EDG-38794,Edge,Disable Extension Install Sources Other Than Store,Whitelist only,Non-compliant
EDG-38794,Edge,Block Third-party Cookies,Blocked,Non-compliant
EDG-38794,Edge,Disable Form Data Saving,Disabled,Non-compliant
EDG-38794,Edge,Disable Autofill Credit Card Save,Disabled,Non-compliant
EDG-38794,Edge,Block URL Redirection to Unsecure Sites,Blocked (Recommended),Non-compliant
EDG-17210,Edge,Block Installation of Unapproved Extensions,Block All / Whitelist Specific,Non-compliant
EDG-17210,Edge,Disable QUIC Protocol,Disabled,Non-compliant
EDG-17210,Edge,Enable Site Isolation Mode,Enabled,Non-compliant
EDG-17210,Edge,Disable Sync Features,Disabled,Non-compliant
EDG-17210,Edge,Disable Form Data Saving,Disabled,Non-compliant
EDG-17210,Edge,Enable Tracking Protection,Enabled,Non-compliant
EDG-47876,Edge,Disable Autofill for Forms,Disabled,Non-compliant
EDG-47876,Edge,Disable Password Reveal Button,Disabled,Non-compliant
EDG-47876,Edge,Block Developer Tools Usage,Disabled / Block Access,Non-compliant
EDG-47876,Edge,Enable Site Isolation Mode,Enabled,Non-compliant
EDG-47876,Edge,Disable Sync Features,Disabled,Non-compliant
EDG-47876,Edge,Enable Tracking Protection,Enabled,Non-compliant
EDG-47876,Edge,Disable Autofill Credit Card Save,Disabled,Non-compliant
EDG-50469,Edge,Disable QUIC Protocol,Disabled,Non-compliant
EDG-50469,Edge,Disable Sending Browser Data to Microsoft,Disabled,Non-compliant
EDG-50469,Edge,Disable Automatic Profile Switching,Disabled,Non-compliant
EDG-50469,Edge,Disable Form Data Saving,Disabled,Non-compliant
EDG-50469,Edge,Disable Flash Player,Disabled,Non-compliant
EDG-62202,Edge,Disable Autofill for Payment Methods,Disabled,Non-compliant
EDG-62202,Edge,Enforce DNS-over-HTTPS (DoH) Settings,Enforced or Disabled,Non-compliant
EDG-62202,Edge,Disable Sync Features,Disabled,Non-compliant
EDG-62202,Edge,Block URL Redirection to Unsecure Sites,Blocked (Recommended),Non-compliant
EDG-71338,Edge,Enable Site Isolation Mode,Enabled,Non-compliant
EDG-71338,Edge,Block Access to Edge Settings,Restricted,Non-compliant
EDG-71338,Edge,Disable Microphone Access,Blocked,Non-compliant
EDG-43832,Edge,Disable Desktop Notifications,Disabled,Non-compliant
EDG-43832,Edge,Disable QUIC Protocol,Disabled,Non-compliant
EDG-43832,Edge,Enforce DNS-over-HTTPS (DoH) Settings,Enforced or Disabled,Non-compliant
EDG-43832,Edge,Disable Sync Features,Disabled,Non-compliant
EDG-43832,Edge,Disable Saving Browsing History,Disabled (Recommended),Non-compliant
EDG-43832,Edge,Disable Extension Install Sources Other Than Store,Whitelist only,Non-compliant
EDG-43832,Edge,Block Third-party Cookies,Blocked,Non-compliant
EDG-43832,Edge,Disable Media Autoplay,Disabled,Non-compliant
EDG-43832,Edge,Disable Microphone Access,Blocked,Non-compliant
EDG-43832,Edge,Enable Tracking Protection,Enabled,Non-compliant
EDG-43832,Edge,Block URL Redirection to Unsecure Sites,Blocked (Recommended),Non-compliant
EDG-43832,Edge,Enable Strict Site Isolation,Enabled,Non-compliant
EDG-95500,Edge,Disable Extension Install Sources Other Than Store,Whitelist only,Non-compliant
EDG-95500,Edge,Disable Camera Access,Blocked,Non-compliant
EDG-95500,Edge,Disable Microphone Access,Blocked,Non-compliant
EDG-91187,Edge,Enforce DNS-over-HTTPS (DoH) Settings,Enforced or Disabled,Non-compliant
EDG-91187,Edge,Block Developer Tools Usage,Disabled / Block Access,Non-compliant
EDG-91187,Edge,Disable Clipboard Access in Browser,Disabled (Recommended),Non-compliant
EDG-91187,Edge,Block Access to Edge Settings,Restricted,Non-compliant
EDG-81975,Edge,Block Installation of Unapproved Extensions,Block All / Whitelist Specific,Non-compliant
EDG-81975,Edge,Disable Clipboard Access in Browser,Disabled (Recommended),Non-compliant
EDG-81975,Edge,Block Access to Edge Settings,Restricted,Non-compliant
EDG-81975,Edge,Disable Insecure Content Loading,Block,Non-compliant
EDG-81975,Edge,Block Third-party Cookies,Blocked,Non-compliant
EDG-81975,Edge,Disable Clipboard Read/Write Access,Disabled (Recommended),Non-compliant
EDG-81975,Edge,Disable Autofill Credit Card Save,Disabled,Non-compliant
EDG-55834,Edge,Enable Microsoft Defender SmartScreen,Enabled,Non-compliant
EDG-55834,Edge,Block Installation of Unapproved Extensions,Block All / Whitelist Specific,Non-compliant
EDG-55834,Edge,Disable Background Apps after Browser Close,Disabled,Non-compliant
EDG-55834,Edge,Enable Site Isolation Mode,Enabled,Non-compliant
EDG-55834,Edge,Block Access to Edge Settings,Restricted,Non-compliant
EDG-55834,Edge,Disable Media Autoplay,Disabled,Non-compliant
EDG-55834,Edge,Disable WebRTC IP Leakage,Enabled (Recommended),Non-compliant
EDG-79872,Edge,Enable Microsoft Defender SmartScreen,Enabled,Non-compliant
EDG-79872,Edge,Disable Autofill for Payment Methods,Disabled,Non-compliant
EDG-79872,Edge,Block Installation of Unapproved Extensions,Block All / Whitelist Specific,Non-compliant
EDG-79872,Edge,Disable Desktop Notifications,Disabled,Non-compliant
EDG-79872,Edge,Enforce HTTPS-only Mode,Enabled (Recommended),Non-compliant
EDG-79872,Edge,Disable Media Autoplay,Disabled,Non-compliant
EDG-79872,Edge,Disable Autofill Credit Card Save,Disabled,Non-compliant
EDG-79872,Edge,Disable Flash Player,Disabled,Non-compliant
EDG-83457,Edge,Disable Autofill Address Profiles,Disabled,Non-compliant
EDG-83457,Edge,Disable Sending Browser Data to Microsoft,Disabled,Non-compliant
EDG-83457,Edge,Disable Extension Install Sources Other Than Store,Whitelist only,Non-compliant
EDG-83457,Edge,Disable Password Manager Autofill Prompt,Disabled,Non-compliant
EDG-83457,Edge,Disable Camera Access,Blocked,Non-compliant
EDG-56832,Edge,Disable Autofill Address Profiles,Disabled,Non-compliant
EDG-56832,Edge,Disable Desktop Notifications,Disabled,Non-compliant
EDG-56832,Edge,Disable Clipboard Access in Browser,Disabled (Recommended),Non-compliant
EDG-56832,Edge,Disable Camera Access,Blocked,Non-compliant
EDG-88415,Edge,Block Installation of Unapproved Extensions,Block All / Whitelist Specific,Non-compliant
EDG-88415,Edge,Enforce DNS-over-HTTPS (DoH) Settings,Enforced or Disabled,Non-compliant
EDG-88415,Edge,Enable Site Isolation Mode,Enabled,Non-compliant
EDG-88415,Edge,Disable Automatic Profile Switching,Disabled,Non-compliant
EDG-88415,Edge,Enforce HTTPS-only Mode,Enabled (Recommended),Non-compliant
EDG-52145,Edge,Disable Background Apps after Browser Close,Disabled,Non-compliant
EDG-52145,Edge,Disable QUIC Protocol,Disabled,Non-compliant
EDG-52145,Edge,Disable Password Reveal Button,Disabled,Non-compliant
EDG-52145,Edge,Disable Automatic Profile Switching,Disabled,Non-compliant
EDG-52145,Edge,Disable Clipboard Access in Browser,Disabled (Recommended),Non-compliant
EDG-52145,Edge,Disable Insecure Content Loading,Block,Non-compliant
EDG-52145,Edge,Disable Flash Player,Disabled,Non-compliant
EDG-52145,Edge,Enable Strict Site Isolation,Enabled,Non-compliant
EDG-28097,Edge,Enable Safe Browsing Protection,Enabled,Non-compliant
EDG-28097,Edge,Disable Saving Browsing History,Disabled (Recommended),Non-compliant
EDG-28097,Edge,Disable Automatic Profile Switching,Disabled,Non-compliant
EDG-33050,Edge,Block Installation of Unapproved Extensions,Block All / Whitelist Specific,Non-compliant
EDG-33050,Edge,Block Developer Tools Usage,Disabled / Block Access,Non-compliant
EDG-33050,Edge,Disable Sync Features,Disabled,Non-compliant
EDG-33050,Edge,Disable Saving Browsing History,Disabled (Recommended),Non-compliant
EDG-33050,Edge,Block Access to Edge Settings,Restricted,Non-compliant
EDG-33050,Edge,Disable Location Access,Blocked,Non-compliant
EDG-33050,Edge,Disable Microphone Access,Blocked,Non-compliant
EDG-92801,Edge,Disable Password Reveal Button,Disabled,Non-compliant
EDG-92801,Edge,Disable Clipboard Access in Browser,Disabled (Recommended),Non-compliant
EDG-92801,Edge,Enforce HTTPS-only Mode,Enabled (Recommended),Non-compliant
EDG-92801,Edge,Enable Application Guard,Enabled,Non-compliant
EDG-92801,Edge,Disable Insecure Content Loading,Block,Non-compliant
EDG-92801,Edge,Disable Flash Player,Disabled,Non-compliant
EDG-92801,Edge,Enable Strict Site Isolation,Enabled,Non-compliant
EDG-85969,Edge,Disable Autofill for Forms,Disabled,Non-compliant
EDG-85969,Edge,Disable QUIC Protocol,Disabled,Non-compliant
EDG-85969,Edge,Disable Saving Browsing History,Disabled (Recommended),Non-compliant
EDG-85969,Edge,Block Pop-ups,Blocked,Non-compliant
EDG-85969,Edge,Enable Application Guard,Enabled,Non-compliant
EDG-85969,Edge,Disable Form Data Saving,Disabled,Non-compliant
EDG-62707,Edge,Enable Microsoft Defender SmartScreen,Enabled,Non-compliant
EDG-62707,Edge,Disable Autofill Address Profiles,Disabled,Non-compliant
EDG-62707,Edge,Disable Location Access,Blocked,Non-compliant
EDG-62707,Edge,Disable Camera Access,Blocked,Non-compliant
EDG-62707,Edge,Disable Microphone Access,Blocked,Non-compliant
EDG-44112,Edge,Block Installation of Unapproved Extensions,Block All / Whitelist Specific,Non-compliant
EDG-44112,Edge,Disable Password Reveal Button,Disabled,Non-compliant
EDG-44112,Edge,Disable Location Access,Blocked,Non-compliant
EDG-44112,Edge,Disable Flash Player,Disabled,Non-compliant
EDG-89342,Edge,Disable Password Reveal Button,Disabled,Non-compliant
EDG-89342,Edge,Disable Automatic Profile Switching,Disabled,Non-compliant
EDG-89342,Edge,Disable Clipboard Access in Browser,Disabled (Recommended),Non-compliant
EDG-89342,Edge,Enforce HTTPS-only Mode,Enabled (Recommended),Non-compliant
EDG-91114,Edge,Enable Microsoft Defender SmartScreen,Enabled,Non-compliant
EDG-91114,Edge,Disable Background Apps after Browser Close,Disabled,Non-compliant
EDG-91114,Edge,Block Pop-ups,Blocked,Non-compliant
EDG-91114,Edge,Disable Clipboard Access in Browser,Disabled (Recommended),Non-compliant
EDG-91114,Edge,Disable Password Manager Autofill Prompt,Disabled,Non-compliant
EDG-91114,Edge,Disable Autofill Save Prompt,Disabled,Non-compliant
EDG-91114,Edge,Disable Location Access,Blocked,Non-compliant
EDG-91114,Edge,Block URL Redirection to Unsecure Sites,Blocked (Recommended),Non-compliant
EDG-91114,Edge,Disable WebRTC IP Leakage,Enabled (Recommended),Non-compliant
EDG-13160,Edge,Block Pop-ups,Blocked,Non-compliant
EDG-13160,Edge,Disable WebRTC IP Leakage,Enabled (Recommended),Non-compliant
EDG-85330,Edge,Disable Autofill for Forms,Disabled,Non-compliant
EDG-85330,Edge,Disable Background Apps after Browser Close,Disabled,Non-compliant
EDG-85330,Edge,Disable Automatic Profile Switching,Disabled,Non-compliant
EDG-85330,Edge,Block Access to Edge Settings,Restricted,Non-compliant
EDG-85330,Edge,Disable Location Access,Blocked,Non-compliant
EDG-66427,Edge,Disable Autofill for Forms,Disabled,Non-compliant
EDG-66427,Edge,Disable Desktop Notifications,Disabled,Non-compliant
EDG-66427,Edge,Enforce DNS-over-HTTPS (DoH) Settings,Enforced or Disabled,Non-compliant
EDG-66427,Edge,Disable Extension Install Sources Other Than Store,Whitelist only,Non-compliant
EDG-66427,Edge,Disable Media Autoplay,Disabled,Non-compliant
EDG-66427,Edge,Disable Camera Access,Blocked,Non-compliant
EDG-66427,Edge,Disable WebRTC IP Leakage,Enabled (Recommended),Non-compliant
EDG-69130,Edge,Disable Autofill for Payment Methods,Disabled,Non-compliant
EDG-69130,Edge,Disable Background Apps after Browser Close,Disabled,Non-compliant
EDG-69130,Edge,Block Developer Tools Usage,Disabled / Block Access,Non-compliant
EDG-69130,Edge,Enable Site Isolation Mode,Enabled,Non-compliant
EDG-69130,Edge,Disable Automatic Profile Switching,Disabled,Non-compliant
EDG-69130,Edge,Disable Clipboard Read/Write Access,Disabled (Recommended),Non-compliant
EDG-81915,Edge,Disable Autofill for Forms,Disabled,Non-compliant
EDG-81915,Edge,Disable Autofill Save Prompt,Disabled,Non-compliant
EDG-81915,Edge,Disable Media Autoplay,Disabled,Non-compliant
EDG-81915,Edge,Disable Microphone Access,Blocked,Non-compliant
EDG-81915,Edge,Disable Autofill Credit Card Save,Disabled,Non-compliant
EDG-81915,Edge,Disable Flash Player,Disabled,Non-compliant
EDG-71955,Edge,Disable Autofill for Forms,Disabled,Non-compliant
EDG-71955,Edge,Disable Saving Browsing History,Disabled (Recommended),Non-compliant
EDG-71955,Edge,Disable Sending Browser Data to Microsoft,Disabled,Non-compliant
EDG-71955,Edge,Disable Extension Install Sources Other Than Store,Whitelist only,Non-compliant
EDG-71955,Edge,Disable Media Autoplay,Disabled,Non-compliant
EDG-71955,Edge,Enable Tracking Protection,Enabled,Non-compliant
EDG-71955,Edge,Disable Autofill Credit Card Save,Disabled,Non-compliant
EDG-55810,Edge,Enable Microsoft Defender SmartScreen,Enabled,Non-compliant
EDG-55810,Edge,Block Installation of Unapproved Extensions,Block All / Whitelist Specific,Non-compliant
EDG-55810,Edge,Enforce DNS-over-HTTPS (DoH) Settings,Enforced or Disabled,Non-compliant
EDG-55810,Edge,Disable Password Reveal Button,Disabled,Non-compliant
EDG-55810,Edge,Disable Sync Features,Disabled,Non-compliant
EDG-55810,Edge,Disable Saving Browsing History,Disabled (Recommended),Non-compliant
EDG-55810,Edge,Block Pop-ups,Blocked,Non-compliant
EDG-55810,Edge,Disable Extension Install Sources Other Than Store,Whitelist only,Non-compliant
EDG-55810,Edge,Disable Clipboard Access in Browser,Disabled (Recommended),Non-compliant
EDG-55810,Edge,Disable Autofill Save Prompt,Disabled,Non-compliant
EDG-55810,Edge,Enable Strict Site Isolation,Enabled,Non-compliant
EDG-43415,Edge,Disable Password Manager,Disabled,Non-compliant
EDG-43415,Edge,Disable Desktop Notifications,Disabled,Non-compliant
EDG-43415,Edge,Block Access to Edge Settings,Restricted,Non-compliant
EDG-43415,Edge,Enforce HTTPS-only Mode,Enabled (Recommended),Non-compliant
EDG-43415,Edge,Block Third-party Cookies,Blocked,Non-compliant
EDG-43415,Edge,Disable Autofill Credit Card Save,Disabled,Non-compliant
EDG-38334,Edge,Disable QUIC Protocol,Disabled,Non-compliant
EDG-38334,Edge,Enforce DNS-over-HTTPS (DoH) Settings,Enforced or Disabled,Non-compliant
EDG-38334,Edge,Disable Saving Browsing History,Disabled (Recommended),Non-compliant
EDG-38334,Edge,Disable Sending Browser Data to Microsoft,Disabled,Non-compliant
EDG-38334,Edge,Disable Extension Install Sources Other Than Store,Whitelist only,Non-compliant
EDG-38334,Edge,Disable Clipboard Access in Browser,Disabled (Recommended),Non-compliant
EDG-38334,Edge,Disable Password Manager Autofill Prompt,Disabled,Non-compliant
EDG-38334,Edge,Disable Media Autoplay,Disabled,Non-compliant
EDG-38334,Edge,Enable Tracking Protection,Enabled,Non-compliant
EDG-38334,Edge,Disable Flash Player,Disabled,Non-compliant
EDG-68887,Edge,Disable Autofill for Forms,Disabled,Non-compliant
EDG-68887,Edge,Disable Autofill Address Profiles,Disabled,Non-compliant
EDG-68887,Edge,Disable Password Reveal Button,Disabled,Non-compliant
EDG-68887,Edge,Block Developer Tools Usage,Disabled / Block Access,Non-compliant
EDG-68887,Edge,Disable Sync Features,Disabled,Non-compliant
EDG-68887,Edge,Disable Sending Browser Data to Microsoft,Disabled,Non-compliant
EDG-68887,Edge,Enable Application Guard,Enabled,Non-compliant
EDG-68887,Edge,Disable Autofill Save Prompt,Disabled,Non-compliant
EDG-68887,Edge,Disable Location Access,Blocked,Non-compliant
EDG-68887,Edge,Disable Microphone Access,Blocked,Non-compliant
EDG-65394,Edge,Disable Password Manager,Disabled,Non-compliant
EDG-65394,Edge,Disable Autofill for Forms,Disabled,Non-compliant
EDG-65394,Edge,Disable Autofill Address Profiles,Disabled,Non-compliant
EDG-65394,Edge,Block Pop-ups,Blocked,Non-compliant
EDG-65394,Edge,Disable Clipboard Access in Browser,Disabled (Recommended),Non-compliant
EDG-65394,Edge,Enable Application Guard,Enabled,Non-compliant
EDG-22314,Edge,Disable Desktop Notifications,Disabled,Non-compliant
EDG-22314,Edge,Disable QUIC Protocol,Disabled,Non-compliant
EDG-22314,Edge,Disable Camera Access,Blocked,Non-compliant
EDG-22314,Edge,Disable WebRTC IP Leakage,Enabled (Recommended),Non-compliant
EDG-23825,Edge,Enable Safe Browsing Protection,Enabled,Non-compliant
EDG-23825,Edge,Disable Password Manager,Disabled,Non-compliant
EDG-23825,Edge,Disable Background Apps after Browser Close,Disabled,Non-compliant
EDG-23825,Edge,Disable Desktop Notifications,Disabled,Non-compliant
EDG-23825,Edge,Block Developer Tools Usage,Disabled / Block Access,Non-compliant
EDG-23825,Edge,Disable Sync Features,Disabled,Non-compliant
EDG-88917,Edge,Disable Autofill for Payment Methods,Disabled,Non-compliant
EDG-88917,Edge,Disable Desktop Notifications,Disabled,Non-compliant
EDG-88917,Edge,Block Access to Edge Settings,Restricted,Non-compliant
EDG-88917,Edge,Disable Insecure Content Loading,Block,Non-compliant
EDG-88917,Edge,Disable Media Autoplay,Disabled,Non-compliant
EDG-88917,Edge,Disable Clipboard Read/Write Access,Disabled (Recommended),Non-compliant
EDG-88917,Edge,Block URL Redirection to Unsecure Sites,Blocked (Recommended),Non-compliant
EDG-88917,Edge,Disable Flash Player,Disabled,Non-compliant
EDG-88917,Edge,Enable Strict Site Isolation,Enabled,Non-compliant
EDG-53388,Edge,Disable Password Manager,Disabled,Non-compliant
EDG-53388,Edge,Disable Autofill for Payment Methods,Disabled,Non-compliant
EDG-53388,Edge,Disable Saving Browsing History,Disabled (Recommended),Non-compliant
EDG-53388,Edge,Disable Password Manager Autofill Prompt,Disabled,Non-compliant
EDG-34987,Edge,Disable Autofill for Forms,Disabled,Non-compliant
EDG-34987,Edge,Disable Autofill Address Profiles,Disabled,Non-compliant
EDG-34987,Edge,Block Installation of Unapproved Extensions,Block All / Whitelist Specific,Non-compliant
EDG-34987,Edge,Disable Desktop Notifications,Disabled,Non-compliant
EDG-34987,Edge,Block Pop-ups,Blocked,Non-compliant
EDG-34987,Edge,Disable Sending Browser Data to Microsoft,Disabled,Non-compliant
EDG-34987,Edge,Block Access to Edge Settings,Restricted,Non-compliant
EDG-34987,Edge,Disable Camera Access,Blocked,Non-compliant
EDG-34987,Edge,Disable Autofill Credit Card Save,Disabled,Non-compliant
EDG-34987,Edge,Disable Flash Player,Disabled,Non-compliant
EDG-34987,Edge,Disable WebRTC IP Leakage,Enabled (Recommended),Non-compliant
EDG-24478,Edge,Block Installation of Unapproved Extensions,Block All / Whitelist Specific,Non-compliant
EDG-24478,Edge,Disable Microphone Access,Blocked,Non-compliant
EDG-86818,Edge,Disable Autofill Address Profiles,Disabled,Non-compliant
EDG-86818,Edge,Disable Background Apps after Browser Close,Disabled,Non-compliant
EDG-86818,Edge,Disable Saving Browsing History,Disabled (Recommended),Non-compliant
EDG-86818,Edge,Block Pop-ups,Blocked,Non-compliant
EDG-86818,Edge,Disable Extension Install Sources Other Than Store,Whitelist only,Non-compliant
EDG-86818,Edge,Disable Password Manager Autofill Prompt,Disabled,Non-compliant
EDG-86818,Edge,Disable Form Data Saving,Disabled,Non-compliant
EDG-86818,Edge,Disable Flash Player,Disabled,Non-compliant
EDG-55981,Edge,Enable Microsoft Defender SmartScreen,Enabled,Non-compliant
EDG-55981,Edge,Enable Site Isolation Mode,Enabled,Non-compliant
EDG-55981,Edge,Disable Clipboard Access in Browser,Disabled (Recommended),Non-compliant
EDG-55981,Edge,Disable Password Manager Autofill Prompt,Disabled,Non-compliant
EDG-55981,Edge,Disable Flash Player,Disabled,Non-compliant
EDG-98952,Edge,Block Installation of Unapproved Extensions,Block All / Whitelist Specific,Non-compliant
EDG-98952,Edge,Disable Background Apps after Browser Close,Disabled,Non-compliant
EDG-98952,Edge,Block Pop-ups,Blocked,Non-compliant
EDG-98952,Edge,Disable Sending Browser Data to Microsoft,Disabled,Non-compliant
EDG-98952,Edge,Disable Password Manager Autofill Prompt,Disabled,Non-compliant
EDG-98952,Edge,Block Access to Edge Settings,Restricted,Non-compliant
EDG-98952,Edge,Disable Autofill Credit Card Save,Disabled,Non-compliant
EDG-21250,Edge,Disable Autofill for Forms,Disabled,Non-compliant
EDG-21250,Edge,Block Installation of Unapproved Extensions,Block All / Whitelist Specific,Non-compliant
EDG-21250,Edge,Block Access to Edge Settings,Restricted,Non-compliant
EDG-21250,Edge,Disable Form Data Saving,Disabled,Non-compliant
EDG-21250,Edge,Disable Clipboard Read/Write Access,Disabled (Recommended),Non-compliant
EDG-16887,Edge,Disable Form Data Saving,Disabled,Non-compliant
EDG-16887,Edge,Disable Camera Access,Blocked,Non-compliant
EDG-16887,Edge,Disable Autofill Credit Card Save,Disabled,Non-compliant
EDG-16887,Edge,Block URL Redirection to Unsecure Sites,Blocked (Recommended),Non-compliant
EDG-43992,Edge,Disable Password Manager,Disabled,Non-compliant
EDG-43992,Edge,Disable Autofill for Payment Methods,Disabled,Non-compliant
EDG-43992,Edge,Disable QUIC Protocol,Disabled,Non-compliant
EDG-43992,Edge,Disable Password Reveal Button,Disabled,Non-compliant
EDG-43992,Edge,Disable Extension Install Sources Other Than Store,Whitelist only,Non-compliant
EDG-43992,Edge,Disable Media Autoplay,Disabled,Non-compliant
EDG-80522,Edge,Block Developer Tools Usage,Disabled / Block Access,Non-compliant
EDG-80522,Edge,Block Pop-ups,Blocked,Non-compliant
EDG-80522,Edge,Disable Extension Install Sources Other Than Store,Whitelist only,Non-compliant
EDG-80522,Edge,Disable Camera Access,Blocked,Non-compliant
EDG-80522,Edge,Disable Microphone Access,Blocked,Non-compliant
EDG-81170,Edge,Disable Autofill Address Profiles,Disabled,Non-compliant
EDG-81170,Edge,Disable QUIC Protocol,Disabled,Non-compliant
EDG-81170,Edge,Disable Password Reveal Button,Disabled,Non-compliant
EDG-81170,Edge,Disable Automatic Profile Switching,Disabled,Non-compliant
EDG-81170,Edge,Enforce HTTPS-only Mode,Enabled (Recommended),Non-compliant
EDG-81170,Edge,Disable Autofill Save Prompt,Disabled,Non-compliant
EDG-81170,Edge,Disable Media Autoplay,Disabled,Non-compliant
EDG-81170,Edge,Disable Clipboard Read/Write Access,Disabled (Recommended),Non-compliant
EDG-81170,Edge,Disable Flash Player,Disabled,Non-compliant
EDG-65830,Edge,Disable Autofill for Payment Methods,Disabled,Non-compliant
EDG-65830,Edge,Enforce DNS-over-HTTPS (DoH) Settings,Enforced or Disabled,Non-compliant
EDG-65830,Edge,Disable Saving Browsing History,Disabled (Recommended),Non-compliant
EDG-65830,Edge,Disable Password Manager Autofill Prompt,Disabled,Non-compliant
EDG-65830,Edge,Disable WebRTC IP Leakage,Enabled (Recommended),Non-compliant
EDG-16561,Edge,Disable QUIC Protocol,Disabled,Non-compliant
EDG-16561,Edge,Block Access to Edge Settings,Restricted,Non-compliant
EDG-16561,Edge,Enforce HTTPS-only Mode,Enabled (Recommended),Non-compliant
EDG-16561,Edge,Disable Media Autoplay,Disabled,Non-compliant
EDG-16561,Edge,Disable Flash Player,Disabled,Non-compliant
EDG-41571,Edge,Enable Safe Browsing Protection,Enabled,Non-compliant
EDG-41571,Edge,Disable Background Apps after Browser Close,Disabled,Non-compliant
EDG-41571,Edge,Disable Password Reveal Button,Disabled,Non-compliant
EDG-41571,Edge,Disable Saving Browsing History,Disabled (Recommended),Non-compliant
EDG-41571,Edge,Block Third-party Cookies,Blocked,Non-compliant
EDG-41571,Edge,Disable Flash Player,Disabled,Non-compliant
EDG-60994,Edge,Enforce DNS-over-HTTPS (DoH) Settings,Enforced or Disabled,Non-compliant
EDG-60994,Edge,Enforce HTTPS-only Mode,Enabled (Recommended),Non-compliant
EDG-60994,Edge,Disable Insecure Content Loading,Block,Non-compliant
EDG-60994,Edge,Block Third-party Cookies,Blocked,Non-compliant
EDG-60994,Edge,Enable Tracking Protection,Enabled,Non-compliant
EDG-75052,Edge,Disable Password Manager,Disabled,Non-compliant
EDG-75052,Edge,Enforce DNS-over-HTTPS (DoH) Settings,Enforced or Disabled,Non-compliant
EDG-75052,Edge,Disable Password Reveal Button,Disabled,Non-compliant
EDG-75052,Edge,Enable Site Isolation Mode,Enabled,Non-compliant
EDG-75052,Edge,Disable Clipboard Access in Browser,Disabled (Recommended),Non-compliant
EDG-75052,Edge,Disable Password Manager Autofill Prompt,Disabled,Non-compliant
EDG-75052,Edge,Block Access to Edge Settings,Restricted,Non-compliant
EDG-75052,Edge,Enforce HTTPS-only Mode,Enabled (Recommended),Non-compliant
EDG-75052,Edge,Disable Media Autoplay,Disabled,Non-compliant
EDG-27294,Edge,Enable Microsoft Defender SmartScreen,Enabled,Non-compliant
EDG-27294,Edge,Disable Password Manager,Disabled,Non-compliant
EDG-27294,Edge,Disable QUIC Protocol,Disabled,Non-compliant
EDG-27294,Edge,Disable Password Reveal Button,Disabled,Non-compliant
EDG-27294,Edge,Enable Site Isolation Mode,Enabled,Non-compliant
EDG-27294,Edge,Disable Extension Install Sources Other Than Store,Whitelist only,Non-compliant
EDG-27294,Edge,Enforce HTTPS-only Mode,Enabled (Recommended),Non-compliant
EDG-18708,Edge,Disable Desktop Notifications,Disabled,Non-compliant
EDG-18708,Edge,Enforce DNS-over-HTTPS (DoH) Settings,Enforced or Disabled,Non-compliant
EDG-18708,Edge,Block Access to Edge Settings,Restricted,Non-compliant
EDG-18708,Edge,Disable Insecure Content Loading,Block,Non-compliant
EDG-18708,Edge,Enable Tracking Protection,Enabled,Non-compliant
EDG-94684,Edge,Disable Autofill for Payment Methods,Disabled,Non-compliant
EDG-94684,Edge,Disable QUIC Protocol,Disabled,Non-compliant
EDG-94684,Edge,Block Developer Tools Usage,Disabled / Block Access,Non-compliant
EDG-94684,Edge,Disable Automatic Profile Switching,Disabled,Non-compliant
EDG-94684,Edge,Block URL Redirection to Unsecure Sites,Blocked (Recommended),Non-compliant
EDG-38093,Edge,Disable Autofill Address Profiles,Disabled,Non-compliant
EDG-38093,Edge,Disable Clipboard Access in Browser,Disabled (Recommended),Non-compliant
EDG-38093,Edge,Disable Form Data Saving,Disabled,Non-compliant
EDG-38093,Edge,Disable WebRTC IP Leakage,Enabled (Recommended),Non-compliant
EDG-82856,Edge,Disable Password Manager Autofill Prompt,Disabled,Non-compliant
EDG-82856,Edge,Enable Application Guard,Enabled,Non-compliant
EDG-82856,Edge,Disable Microphone Access,Blocked,Non-compliant
EDG-82856,Edge,Enable Tracking Protection,Enabled,Non-compliant
EDG-82856,Edge,Disable Autofill Credit Card Save,Disabled,Non-compliant
EDG-42163,Edge,Disable Autofill for Forms,Disabled,Non-compliant
EDG-42163,Edge,Disable Autofill Address Profiles,Disabled,Non-compliant
EDG-42163,Edge,Block Installation of Unapproved Extensions,Block All / Whitelist Specific,Non-compliant
EDG-42163,Edge,Disable Background Apps after Browser Close,Disabled,Non-compliant
EDG-42163,Edge,Block Developer Tools Usage,Disabled / Block Access,Non-compliant
EDG-42163,Edge,Enable Site Isolation Mode,Enabled,Non-compliant
EDG-42163,Edge,Disable Saving Browsing History,Disabled (Recommended),Non-compliant
EDG-42163,Edge,Disable Automatic Profile Switching,Disabled,Non-compliant
EDG-42163,Edge,Disable Password Manager Autofill Prompt,Disabled,Non-compliant
EDG-42163,Edge,Enforce HTTPS-only Mode,Enabled (Recommended),Non-compliant
EDG-42163,Edge,Disable Autofill Save Prompt,Disabled,Non-compliant
EDG-42163,Edge,Disable Microphone Access,Blocked,Non-compliant
EDG-42163,Edge,Disable WebRTC IP Leakage,Enabled (Recommended),Non-compliant
EDG-75413,Edge,Disable QUIC Protocol,Disabled,Non-compliant
EDG-75413,Edge,Block Developer Tools Usage,Disabled / Block Access,Non-compliant
EDG-75413,Edge,Disable Saving Browsing History,Disabled (Recommended),Non-compliant
EDG-75413,Edge,Disable Automatic Profile Switching,Disabled,Non-compliant
EDG-75413,Edge,Disable Password Manager Autofill Prompt,Disabled,Non-compliant
EDG-15746,Edge,Block Installation of Unapproved Extensions,Block All / Whitelist Specific,Non-compliant
EDG-15746,Edge,Disable Desktop Notifications,Disabled,Non-compliant
EDG-15746,Edge,Enable Site Isolation Mode,Enabled,Non-compliant
EDG-15746,Edge,Disable Sending Browser Data to Microsoft,Disabled,Non-compliant
EDG-15746,Edge,Disable Extension Install Sources Other Than Store,Whitelist only,Non-compliant
EDG-15746,Edge,Enable Application Guard,Enabled,Non-compliant
EDG-15746,Edge,Disable Flash Player,Disabled,Non-compliant
EDG-29481,Edge,Enable Safe Browsing Protection,Enabled,Non-compliant
EDG-29481,Edge,Disable Autofill for Payment Methods,Disabled,Non-compliant
EDG-29481,Edge,Disable Desktop Notifications,Disabled,Non-compliant
EDG-29481,Edge,Disable Saving Browsing History,Disabled (Recommended),Non-compliant
EDG-29481,Edge,Disable Clipboard Read/Write Access,Disabled (Recommended),Non-compliant
EDG-29481,Edge,Enable Strict Site Isolation,Enabled,Non-compliant
EDG-90146,Edge,Disable Autofill Address Profiles,Disabled,Non-compliant
EDG-90146,Edge,Block Third-party Cookies,Blocked,Non-compliant
EDG-90146,Edge,Disable Media Autoplay,Disabled,Non-compliant
EDG-90146,Edge,Disable Autofill Credit Card Save,Disabled,Non-compliant
EDG-84104,Edge,Disable Autofill for Payment Methods,Disabled,Non-compliant
EDG-84104,Edge,Disable Desktop Notifications,Disabled,Non-compliant
EDG-84104,Edge,Disable Password Reveal Button,Disabled,Non-compliant
EDG-84104,Edge,Disable Sync Features,Disabled,Non-compliant
EDG-84104,Edge,Disable Insecure Content Loading,Block,Non-compliant
EDG-84104,Edge,Disable Location Access,Blocked,Non-compliant
EDG-58775,Edge,Disable QUIC Protocol,Disabled,Non-compliant
EDG-58775,Edge,Disable Sync Features,Disabled,Non-compliant
EDG-58775,Edge,Disable Extension Install Sources Other Than Store,Whitelist only,Non-compliant
EDG-58775,Edge,Disable Media Autoplay,Disabled,Non-compliant
EDG-58775,Edge,Disable Flash Player,Disabled,Non-compliant
EDG-30316,Edge,Disable Autofill for Forms,Disabled,Non-compliant
EDG-30316,Edge,Disable Password Reveal Button,Disabled,Non-compliant
EDG-30316,Edge,Disable Extension Install Sources Other Than Store,Whitelist only,Non-compliant
EDG-30316,Edge,Disable WebRTC IP Leakage,Enabled (Recommended),Non-compliant
EDG-21624,Edge,Disable Autofill for Forms,Disabled,Non-compliant
EDG-21624,Edge,Disable Autofill Address Profiles,Disabled,Non-compliant
EDG-21624,Edge,Disable Sync Features,Disabled,Non-compliant
EDG-21624,Edge,Disable Saving Browsing History,Disabled (Recommended),Non-compliant
EDG-21624,Edge,Enforce HTTPS-only Mode,Enabled (Recommended),Non-compliant
EDG-21624,Edge,Disable Insecure Content Loading,Block,Non-compliant
EDG-21624,Edge,Disable Camera Access,Blocked,Non-compliant
EDG-21624,Edge,Block URL Redirection to Unsecure Sites,Blocked (Recommended),Non-compliant
EDG-67141,Edge,Disable Desktop Notifications,Disabled,Non-compliant
EDG-67141,Edge,Block Developer Tools Usage,Disabled / Block Access,Non-compliant
EDG-67141,Edge,Enable Site Isolation Mode,Enabled,Non-compliant
EDG-67141,Edge,Disable Clipboard Access in Browser,Disabled (Recommended),Non-compliant
EDG-67141,Edge,Disable Password Manager Autofill Prompt,Disabled,Non-compliant
EDG-67141,Edge,Enforce HTTPS-only Mode,Enabled (Recommended),Non-compliant
EDG-67141,Edge,Disable Media Autoplay,Disabled,Non-compliant
EDG-67141,Edge,Disable WebRTC IP Leakage,Enabled (Recommended),Non-compliant
EDG-67141,Edge,Enable Strict Site Isolation,Enabled,Non-compliant
EDG-44225,Edge,Block Installation of Unapproved Extensions,Block All / Whitelist Specific,Non-compliant
EDG-44225,Edge,Enforce DNS-over-HTTPS (DoH) Settings,Enforced or Disabled,Non-compliant
EDG-44225,Edge,Block Developer Tools Usage,Disabled / Block Access,Non-compliant
EDG-44225,Edge,Block Access to Edge Settings,Restricted,Non-compliant
EDG-44225,Edge,Enable Application Guard,Enabled,Non-compliant
EDG-44225,Edge,Disable Form Data Saving,Disabled,Non-compliant
EDG-44225,Edge,Disable Media Autoplay,Disabled,Non-compliant
EDG-44225,Edge,Disable Location Access,Blocked,Non-compliant
EDG-44225,Edge,Disable WebRTC IP Leakage,Enabled (Recommended),Non-compliant
EDG-99251,Edge,Enable Microsoft Defender SmartScreen,Enabled,Non-compliant
EDG-99251,Edge,Disable Password Reveal Button,Disabled,Non-compliant
EDG-99251,Edge,Block Developer Tools Usage,Disabled / Block Access,Non-compliant
EDG-84063,Edge,Block Access to Edge Settings,Restricted,Non-compliant
EDG-84063,Edge,Block Third-party Cookies,Blocked,Non-compliant
EDG-84063,Edge,Disable Location Access,Blocked,Non-compliant
EDG-84063,Edge,Disable Camera Access,Blocked,Non-compliant
EDG-84063,Edge,Enable Strict Site Isolation,Enabled,Non-compliant
EDG-45262,Edge,Disable Password Manager,Disabled,Non-compliant
EDG-45262,Edge,Disable Autofill for Payment Methods,Disabled,Non-compliant
EDG-45262,Edge,Block Access to Edge Settings,Restricted,Non-compliant
EDG-45262,Edge,Disable Clipboard Read/Write Access,Disabled (Recommended),Non-compliant
EDG-95265,Edge,Enable Microsoft Defender SmartScreen,Enabled,Non-compliant
EDG-95265,Edge,Enable Safe Browsing Protection,Enabled,Non-compliant
EDG-95265,Edge,Disable Desktop Notifications,Disabled,Non-compliant
EDG-95265,Edge,Disable Sync Features,Disabled,Non-compliant
EDG-95265,Edge,Disable Saving Browsing History,Disabled (Recommended),Non-compliant
EDG-95265,Edge,Disable Extension Install Sources Other Than Store,Whitelist only,Non-compliant
EDG-95265,Edge,Disable Automatic Profile Switching,Disabled,Non-compliant
EDG-95265,Edge,Disable Password Manager Autofill Prompt,Disabled,Non-compliant
EDG-95265,Edge,Disable Media Autoplay,Disabled,Non-compliant
EDG-95265,Edge,Enable Tracking Protection,Enabled,Non-compliant
EDG-95265,Edge,Block URL Redirection to Unsecure Sites,Blocked (Recommended),Non-compliant
EDG-79621,Edge,Enable Safe Browsing Protection,Enabled,Non-compliant
EDG-79621,Edge,Disable Background Apps after Browser Close,Disabled,Non-compliant
EDG-79621,Edge,Disable Sync Features,Disabled,Non-compliant
EDG-79621,Edge,Disable Sending Browser Data to Microsoft,Disabled,Non-compliant
EDG-79621,Edge,Disable Automatic Profile Switching,Disabled,Non-compliant
EDG-79621,Edge,Disable Clipboard Access in Browser,Disabled (Recommended),Non-compliant
EDG-79621,Edge,Enforce HTTPS-only Mode,Enabled (Recommended),Non-compliant
EDG-79621,Edge,Disable Autofill Save Prompt,Disabled,Non-compliant
EDG-79621,Edge,Enable Tracking Protection,Enabled,Non-compliant
EDG-98574,Edge,Enable Microsoft Defender SmartScreen,Enabled,Non-compliant
EDG-98574,Edge,Enforce DNS-over-HTTPS (DoH) Settings,Enforced or Disabled,Non-compliant
EDG-98574,Edge,Block Developer Tools Usage,Disabled / Block Access,Non-compliant
EDG-98574,Edge,Block Pop-ups,Blocked,Non-compliant
EDG-98574,Edge,Disable Sending Browser Data to Microsoft,Disabled,Non-compliant
EDG-98574,Edge,Disable Extension Install Sources Other Than Store,Whitelist only,Non-compliant
EDG-98574,Edge,Disable Clipboard Access in Browser,Disabled (Recommended),Non-compliant
EDG-98574,Edge,Enable Application Guard,Enabled,Non-compliant
EDG-98574,Edge,Enable Tracking Protection,Enabled,Non-compliant
EDG-96989,Edge,Enable Microsoft Defender SmartScreen,Enabled,Non-compliant
EDG-96989,Edge,Disable Autofill Address Profiles,Disabled,Non-compliant
EDG-96989,Edge,Disable Saving Browsing History,Disabled (Recommended),Non-compliant
EDG-96989,Edge,Disable Clipboard Access in Browser,Disabled (Recommended),Non-compliant
EDG-96989,Edge,Block Access to Edge Settings,Restricted,Non-compliant
EDG-96989,Edge,Enforce HTTPS-only Mode,Enabled (Recommended),Non-compliant
EDG-96989,Edge,Disable Form Data Saving,Disabled,Non-compliant
EDG-96989,Edge,Disable Microphone Access,Blocked,Non-compliant
EDG-96989,Edge,Enable Strict Site Isolation,Enabled,Non-compliant
EDG-67895,Edge,Disable Autofill Address Profiles,Disabled,Non-compliant
EDG-67895,Edge,Disable Sync Features,Disabled,Non-compliant
EDG-67895,Edge,Block Pop-ups,Blocked,Non-compliant
EDG-67895,Edge,Disable Password Manager Autofill Prompt,Disabled,Non-compliant
EDG-67895,Edge,Enforce HTTPS-only Mode,Enabled (Recommended),Non-compliant
EDG-67895,Edge,Disable Autofill Save Prompt,Disabled,Non-compliant
EDG-67895,Edge,Disable Microphone Access,Blocked,Non-compliant
EDG-67895,Edge,Enable Tracking Protection,Enabled,Non-compliant
EDG-40268,Edge,Enable Microsoft Defender SmartScreen,Enabled,Non-compliant
EDG-40268,Edge,Disable Autofill Address Profiles,Disabled,Non-compliant
EDG-40268,Edge,Enable Site Isolation Mode,Enabled,Non-compliant
EDG-70127,Edge,Block Installation of Unapproved Extensions,Block All / Whitelist Specific,Non-compliant
EDG-70127,Edge,Disable Sync Features,Disabled,Non-compliant
EDG-70127,Edge,Disable Automatic Profile Switching,Disabled,Non-compliant
EDG-70127,Edge,Disable Media Autoplay,Disabled,Non-compliant
EDG-70127,Edge,Disable Camera Access,Blocked,Non-compliant
EDG-70127,Edge,Disable Autofill Credit Card Save,Disabled,Non-compliant
EDG-70127,Edge,Disable Flash Player,Disabled,Non-compliant
EDG-14373,Edge,Disable Autofill for Forms,Disabled,Non-compliant
EDG-14373,Edge,Disable Autofill Address Profiles,Disabled,Non-compliant
EDG-14373,Edge,Block Installation of Unapproved Extensions,Block All / Whitelist Specific,Non-compliant
EDG-14373,Edge,Block Pop-ups,Blocked,Non-compliant
EDG-14373,Edge,Block Access to Edge Settings,Restricted,Non-compliant
EDG-14373,Edge,Disable Autofill Save Prompt,Disabled,Non-compliant
EDG-14373,Edge,Disable Form Data Saving,Disabled,Non-compliant
EDG-14373,Edge,Disable Camera Access,Blocked,Non-compliant
EDG-14373,Edge,Disable Autofill Credit Card Save,Disabled,Non-compliant
EDG-14373,Edge,Enable Strict Site Isolation,Enabled,Non-compliant
EDG-42831,Edge,Disable Autofill for Forms,Disabled,Non-compliant
EDG-42831,Edge,Disable Autofill Address Profiles,Disabled,Non-compliant
EDG-42831,Edge,Disable Desktop Notifications,Disabled,Non-compliant
EDG-42831,Edge,Enable Application Guard,Enabled,Non-compliant
EDG-42831,Edge,Disable Form Data Saving,Disabled,Non-compliant
EDG-42831,Edge,Enable Tracking Protection,Enabled,Non-compliant
EDG-42831,Edge,Disable Autofill Credit Card Save,Disabled,Non-compliant
EDG-65053,Edge,Enable Microsoft Defender SmartScreen,Enabled,Non-compliant
EDG-65053,Edge,Disable Autofill Address Profiles,Disabled,Non-compliant
EDG-65053,Edge,Disable Background Apps after Browser Close,Disabled,Non-compliant
EDG-65053,Edge,Disable Clipboard Read/Write Access,Disabled (Recommended),Non-compliant
EDG-93100,Edge,Enable Safe Browsing Protection,Enabled,Non-compliant
EDG-93100,Edge,Disable Password Manager,Disabled,Non-compliant
EDG-93100,Edge,Enable Site Isolation Mode,Enabled,Non-compliant
EDG-93100,Edge,Block Pop-ups,Blocked,Non-compliant
EDG-93100,Edge,Disable Autofill Save Prompt,Disabled,Non-compliant
EDG-93100,Edge,Disable Media Autoplay,Disabled,Non-compliant
EDG-93100,Edge,Disable Camera Access,Blocked,Non-compliant
EDG-37261,Edge,Disable Password Manager,Disabled,Non-compliant
EDG-37261,Edge,Disable Autofill for Forms,Disabled,Non-compliant
EDG-37261,Edge,Disable Autofill for Payment Methods,Disabled,Non-compliant
EDG-37261,Edge,Disable Desktop Notifications,Disabled,Non-compliant
EDG-37261,Edge,Enforce DNS-over-HTTPS (DoH) Settings,Enforced or Disabled,Non-compliant
EDG-37261,Edge,Disable Password Reveal Button,Disabled,Non-compliant
EDG-37261,Edge,Disable Saving Browsing History,Disabled (Recommended),Non-compliant
EDG-37261,Edge,Block Access to Edge Settings,Restricted,Non-compliant
EDG-37261,Edge,Disable Flash Player,Disabled,Non-compliant
EDG-37261,Edge,Disable WebRTC IP Leakage,Enabled (Recommended),Non-compliant
EDG-96115,Edge,Disable Password Manager,Disabled,Non-compliant
EDG-96115,Edge,Disable Background Apps after Browser Close,Disabled,Non-compliant
EDG-96115,Edge,Disable QUIC Protocol,Disabled,Non-compliant
EDG-96115,Edge,Disable Password Reveal Button,Disabled,Non-compliant
EDG-96115,Edge,Disable Extension Install Sources Other Than Store,Whitelist only,Non-compliant
EDG-96115,Edge,Disable Automatic Profile Switching,Disabled,Non-compliant
EDG-96115,Edge,Disable Microphone Access,Blocked,Non-compliant
EDG-98439,Edge,Block Developer Tools Usage,Disabled / Block Access,Non-compliant
EDG-98439,Edge,Disable Saving Browsing History,Disabled (Recommended),Non-compliant
EDG-98439,Edge,Disable Form Data Saving,Disabled,Non-compliant
EDG-98439,Edge,Disable Clipboard Read/Write Access,Disabled (Recommended),Non-compliant
EDG-98439,Edge,Disable Autofill Credit Card Save,Disabled,Non-compliant
EDG-77398,Edge,Disable QUIC Protocol,Disabled,Non-compliant
EDG-77398,Edge,Disable Automatic Profile Switching,Disabled,Non-compliant
EDG-77398,Edge,Enable Strict Site Isolation,Enabled,Non-compliant
EDG-63988,Edge,Enable Site Isolation Mode,Enabled,Non-compliant
EDG-63988,Edge,Disable Insecure Content Loading,Block,Non-compliant
EDG-63988,Edge,Disable Microphone Access,Blocked,Non-compliant
EDG-63988,Edge,Disable Clipboard Read/Write Access,Disabled (Recommended),Non-compliant
EDG-63988,Edge,Disable Autofill Credit Card Save,Disabled,Non-compliant
EDG-10035,Edge,Enable Safe Browsing Protection,Enabled,Non-compliant
EDG-10035,Edge,Disable Desktop Notifications,Disabled,Non-compliant
EDG-10035,Edge,Disable Password Reveal Button,Disabled,Non-compliant
EDG-10035,Edge,Disable Clipboard Access in Browser,Disabled (Recommended),Non-compliant
EDG-76654,Edge,Enable Safe Browsing Protection,Enabled,Non-compliant
EDG-76654,Edge,Disable Background Apps after Browser Close,Disabled,Non-compliant
EDG-76654,Edge,Block Developer Tools Usage,Disabled / Block Access,Non-compliant
EDG-76654,Edge,Block Access to Edge Settings,Restricted,Non-compliant
EDG-87395,Edge,Disable Autofill for Forms,Disabled,Non-compliant
EDG-87395,Edge,Block Installation of Unapproved Extensions,Block All / Whitelist Specific,Non-compliant
EDG-87395,Edge,Disable Desktop Notifications,Disabled,Non-compliant
EDG-87395,Edge,Enforce DNS-over-HTTPS (DoH) Settings,Enforced or Disabled,Non-compliant
EDG-87395,Edge,Disable Extension Install Sources Other Than Store,Whitelist only,Non-compliant
EDG-87395,Edge,Disable Autofill Save Prompt,Disabled,Non-compliant
EDG-87395,Edge,Disable Form Data Saving,Disabled,Non-compliant
EDG-87395,Edge,Disable Microphone Access,Blocked,Non-compliant
EDG-87395,Edge,Disable Autofill Credit Card Save,Disabled,Non-compliant
EDG-68424,Edge,Disable QUIC Protocol,Disabled,Non-compliant
EDG-68424,Edge,Enable Site Isolation Mode,Enabled,Non-compliant
EDG-68424,Edge,Disable Saving Browsing History,Disabled (Recommended),Non-compliant
EDG-68424,Edge,Block Pop-ups,Blocked,Non-compliant
EDG-68424,Edge,Disable Sending Browser Data to Microsoft,Disabled,Non-compliant
EDG-68424,Edge,Disable Media Autoplay,Disabled,Non-compliant
EDG-68424,Edge,Disable WebRTC IP Leakage,Enabled (Recommended),Non-compliant
EDG-51726,Edge,Disable Password Manager,Disabled,Non-compliant
EDG-51726,Edge,Block Pop-ups,Blocked,Non-compliant
EDG-51726,Edge,Disable Sending Browser Data to Microsoft,Disabled,Non-compliant
EDG-51726,Edge,Disable Form Data Saving,Disabled,Non-compliant
EDG-51726,Edge,Disable Location Access,Blocked,Non-compliant
EDG-19658,Edge,Block Installation of Unapproved Extensions,Block All / Whitelist Specific,Non-compliant
EDG-19658,Edge,Enable Site Isolation Mode,Enabled,Non-compliant
EDG-19658,Edge,Block URL Redirection to Unsecure Sites,Blocked (Recommended),Non-compliant
EDG-19658,Edge,Enable Strict Site Isolation,Enabled,Non-compliant
EDG-48073,Edge,Enable Site Isolation Mode,Enabled,Non-compliant
EDG-48073,Edge,Block Third-party Cookies,Blocked,Non-compliant
EDG-48073,Edge,Disable Camera Access,Blocked,Non-compliant
EDG-48073,Edge,Block URL Redirection to Unsecure Sites,Blocked (Recommended),Non-compliant
EDG-76836,Edge,Enable Microsoft Defender SmartScreen,Enabled,Non-compliant
EDG-76836,Edge,Enable Site Isolation Mode,Enabled,Non-compliant
EDG-76836,Edge,Enable Application Guard,Enabled,Non-compliant
EDG-76836,Edge,Disable Media Autoplay,Disabled,Non-compliant
EDG-76836,Edge,Disable Clipboard Read/Write Access,Disabled (Recommended),Non-compliant
EDG-81436,Edge,Enable Safe Browsing Protection,Enabled,Non-compliant
EDG-81436,Edge,Disable Autofill Address Profiles,Disabled,Non-compliant
EDG-81436,Edge,Disable Background Apps after Browser Close,Disabled,Non-compliant
EDG-81436,Edge,Block Pop-ups,Blocked,Non-compliant
EDG-81436,Edge,Disable Automatic Profile Switching,Disabled,Non-compliant
EDG-81436,Edge,Block Third-party Cookies,Blocked,Non-compliant
EDG-81436,Edge,Disable Location Access,Blocked,Non-compliant
EDG-81436,Edge,Enable Tracking Protection,Enabled,Non-compliant
EDG-89953,Edge,Enable Site Isolation Mode,Enabled,Non-compliant
EDG-89953,Edge,Disable Saving Browsing History,Disabled (Recommended),Non-compliant
EDG-89953,Edge,Disable Automatic Profile Switching,Disabled,Non-compliant
EDG-89953,Edge,Disable Insecure Content Loading,Block,Non-compliant
EDG-89953,Edge,Block Third-party Cookies,Blocked,Non-compliant
EDG-89953,Edge,Disable Form Data Saving,Disabled,Non-compliant
EDG-89953,Edge,Disable Location Access,Blocked,Non-compliant
EDG-81165,Edge,Disable Desktop Notifications,Disabled,Non-compliant
EDG-81165,Edge,Block Developer Tools Usage,Disabled / Block Access,Non-compliant
EDG-81165,Edge,Block Access to Edge Settings,Restricted,Non-compliant
EDG-81165,Edge,Enable Strict Site Isolation,Enabled,Non-compliant
EDG-89645,Edge,Enable Microsoft Defender SmartScreen,Enabled,Non-compliant
EDG-89645,Edge,Disable Autofill for Payment Methods,Disabled,Non-compliant
EDG-89645,Edge,Disable Autofill Address Profiles,Disabled,Non-compliant
EDG-89645,Edge,Disable Password Reveal Button,Disabled,Non-compliant
EDG-89645,Edge,Enable Site Isolation Mode,Enabled,Non-compliant
EDG-89645,Edge,Block Pop-ups,Blocked,Non-compliant
EDG-89645,Edge,Enforce HTTPS-only Mode,Enabled (Recommended),Non-compliant
EDG-89645,Edge,Disable Insecure Content Loading,Block,Non-compliant
EDG-89645,Edge,Block Third-party Cookies,Blocked,Non-compliant
EDG-35548,Edge,Enforce DNS-over-HTTPS (DoH) Settings,Enforced or Disabled,Non-compliant
EDG-35548,Edge,Block Developer Tools Usage,Disabled / Block Access,Non-compliant
EDG-35548,Edge,Disable Sending Browser Data to Microsoft,Disabled,Non-compliant
EDG-35548,Edge,Block Third-party Cookies,Blocked,Non-compliant
EDG-35548,Edge,Disable Camera Access,Blocked,Non-compliant
EDG-62069,Edge,Disable Autofill for Payment Methods,Disabled,Non-compliant
EDG-62069,Edge,Disable Autofill Address Profiles,Disabled,Non-compliant
EDG-62069,Edge,Disable Automatic Profile Switching,Disabled,Non-compliant
EDG-62069,Edge,Disable Location Access,Blocked,Non-compliant
EDG-62069,Edge,Enable Tracking Protection,Enabled,Non-compliant
EDG-62069,Edge,Disable Autofill Credit Card Save,Disabled,Non-compliant
EDG-57128,Edge,Disable Autofill for Payment Methods,Disabled,Non-compliant
EDG-57128,Edge,Enforce DNS-over-HTTPS (DoH) Settings,Enforced or Disabled,Non-compliant
EDG-57128,Edge,Block Pop-ups,Blocked,Non-compliant
EDG-57128,Edge,Enable Application Guard,Enabled,Non-compliant
EDG-57128,Edge,Disable Insecure Content Loading,Block,Non-compliant
EDG-57128,Edge,Disable WebRTC IP Leakage,Enabled (Recommended),Non-compliant
EDG-57128,Edge,Enable Strict Site Isolation,Enabled,Non-compliant
EDG-52020,Edge,Enable Safe Browsing Protection,Enabled,Non-compliant
EDG-52020,Edge,Disable Background Apps after Browser Close,Disabled,Non-compliant
EDG-52020,Edge,Enable Site Isolation Mode,Enabled,Non-compliant
EDG-52020,Edge,Disable WebRTC IP Leakage,Enabled (Recommended),Non-compliant
EDG-63886,Edge,Disable Password Manager Autofill Prompt,Disabled,Non-compliant
EDG-63886,Edge,Enforce HTTPS-only Mode,Enabled (Recommended),Non-compliant
EDG-63886,Edge,Disable Autofill Save Prompt,Disabled,Non-compliant
EDG-63886,Edge,Disable Microphone Access,Blocked,Non-compliant
EDG-63886,Edge,Block URL Redirection to Unsecure Sites,Blocked (Recommended),Non-compliant
EDG-12178,Edge,Disable Desktop Notifications,Disabled,Non-compliant
EDG-12178,Edge,Disable QUIC Protocol,Disabled,Non-compliant
EDG-12178,Edge,Disable Sync Features,Disabled,Non-compliant
EDG-12178,Edge,Enable Application Guard,Enabled,Non-compliant
EDG-12178,Edge,Block Third-party Cookies,Blocked,Non-compliant
EDG-12178,Edge,Disable Location Access,Blocked,Non-compliant
EDG-12178,Edge,Disable Camera Access,Blocked,Non-compliant
EDG-94574,Edge,Disable Password Manager,Disabled,Non-compliant
EDG-94574,Edge,Block Developer Tools Usage,Disabled / Block Access,Non-compliant
EDG-94574,Edge,Disable Camera Access,Blocked,Non-compliant
EDG-94574,Edge,Enable Tracking Protection,Enabled,Non-compliant
EDG-98313,Edge,Enable Microsoft Defender SmartScreen,Enabled,Non-compliant
EDG-98313,Edge,Enable Safe Browsing Protection,Enabled,Non-compliant
EDG-98313,Edge,Enable Site Isolation Mode,Enabled,Non-compliant
EDG-98313,Edge,Disable Insecure Content Loading,Block,Non-compliant
EDG-98313,Edge,Disable Autofill Save Prompt,Disabled,Non-compliant
EDG-98313,Edge,Disable Camera Access,Blocked,Non-compliant
EDG-98313,Edge,Disable Flash Player,Disabled,Non-compliant
EDG-34566,Edge,Disable Autofill for Forms,Disabled,Non-compliant
EDG-34566,Edge,Disable Autofill Address Profiles,Disabled,Non-compliant
EDG-34566,Edge,Disable Extension Install Sources Other Than Store,Whitelist only,Non-compliant
EDG-34566,Edge,Disable Autofill Save Prompt,Disabled,Non-compliant
EDG-34566,Edge,Disable Flash Player,Disabled,Non-compliant
EDG-29683,Edge,Enable Site Isolation Mode,Enabled,Non-compliant
EDG-29683,Edge,Disable Saving Browsing History,Disabled (Recommended),Non-compliant
EDG-29683,Edge,Block Access to Edge Settings,Restricted,Non-compliant
EDG-29683,Edge,Disable Flash Player,Disabled,Non-compliant
EDG-43198,Edge,Enable Microsoft Defender SmartScreen,Enabled,Non-compliant
EDG-43198,Edge,Enable Safe Browsing Protection,Enabled,Non-compliant
EDG-43198,Edge,Block Installation of Unapproved Extensions,Block All / Whitelist Specific,Non-compliant
EDG-43198,Edge,Disable Clipboard Access in Browser,Disabled (Recommended),Non-compliant
EDG-43198,Edge,Disable Clipboard Read/Write Access,Disabled (Recommended),Non-compliant
EDG-43198,Edge,Disable WebRTC IP Leakage,Enabled (Recommended),Non-compliant
EDG-23061,Edge,Disable Autofill Address Profiles,Disabled,Non-compliant
EDG-23061,Edge,Disable QUIC Protocol,Disabled,Non-compliant
EDG-23061,Edge,Enforce HTTPS-only Mode,Enabled (Recommended),Non-compliant
EDG-23061,Edge,Disable Insecure Content Loading,Block,Non-compliant
EDG-23061,Edge,Disable WebRTC IP Leakage,Enabled (Recommended),Non-compliant
EDG-66896,Edge,Disable Autofill Address Profiles,Disabled,Non-compliant
EDG-66896,Edge,Block Installation of Unapproved Extensions,Block All / Whitelist Specific,Non-compliant
EDG-66896,Edge,Disable QUIC Protocol,Disabled,Non-compliant
EDG-66896,Edge,Disable Autofill Save Prompt,Disabled,Non-compliant
EDG-66896,Edge,Enable Tracking Protection,Enabled,Non-compliant
EDG-66896,Edge,Disable WebRTC IP Leakage,Enabled (Recommended),Non-compliant
EDG-66896,Edge,Enable Strict Site Isolation,Enabled,Non-compliant
EDG-85752,Edge,Enable Safe Browsing Protection,Enabled,Non-compliant
EDG-85752,Edge,Disable Autofill for Payment Methods,Disabled,Non-compliant
EDG-85752,Edge,Block Installation of Unapproved Extensions,Block All / Whitelist Specific,Non-compliant
EDG-85752,Edge,Disable QUIC Protocol,Disabled,Non-compliant
EDG-85752,Edge,Disable Insecure Content Loading,Block,Non-compliant
EDG-85752,Edge,Block Third-party Cookies,Blocked,Non-compliant
EDG-85752,Edge,Disable Location Access,Blocked,Non-compliant
EDG-85752,Edge,Disable Camera Access,Blocked,Non-compliant
EDG-85752,Edge,Enable Strict Site Isolation,Enabled,Non-compliant
EDG-63202,Edge,Enable Safe Browsing Protection,Enabled,Non-compliant
EDG-63202,Edge,Disable QUIC Protocol,Disabled,Non-compliant
EDG-63202,Edge,Disable Extension Install Sources Other Than Store,Whitelist only,Non-compliant
EDG-63202,Edge,Disable Location Access,Blocked,Non-compliant
EDG-63202,Edge,Disable Camera Access,Blocked,Non-compliant
EDG-66959,Edge,Disable Automatic Profile Switching,Disabled,Non-compliant
EDG-66959,Edge,Enable Application Guard,Enabled,Non-compliant
EDG-66959,Edge,Enable Tracking Protection,Enabled,Non-compliant
EDG-79987,Edge,Disable QUIC Protocol,Disabled,Non-compliant
EDG-79987,Edge,Disable Sync Features,Disabled,Non-compliant
EDG-79987,Edge,Disable Camera Access,Blocked,Non-compliant
EDG-79987,Edge,Enable Tracking Protection,Enabled,Non-compliant
EDG-79987,Edge,Disable Clipboard Read/Write Access,Disabled (Recommended),Non-compliant
EDG-79987,Edge,Block URL Redirection to Unsecure Sites,Blocked (Recommended),Non-compliant
EDG-79787,Edge,Disable Background Apps after Browser Close,Disabled,Non-compliant
EDG-79787,Edge,Disable Sending Browser Data to Microsoft,Disabled,Non-compliant
EDG-79787,Edge,Disable Password Manager Autofill Prompt,Disabled,Non-compliant
EDG-79787,Edge,Enforce HTTPS-only Mode,Enabled (Recommended),Non-compliant
EDG-79787,Edge,Disable Form Data Saving,Disabled,Non-compliant
EDG-57623,Edge,Disable Autofill for Forms,Disabled,Non-compliant
EDG-57623,Edge,Block Developer Tools Usage,Disabled / Block Access,Non-compliant
EDG-57623,Edge,Enable Site Isolation Mode,Enabled,Non-compliant
EDG-57623,Edge,Disable Automatic Profile Switching,Disabled,Non-compliant
EDG-57623,Edge,Enforce HTTPS-only Mode,Enabled (Recommended),Non-compliant
EDG-57623,Edge,Enable Tracking Protection,Enabled,Non-compliant
EDG-57623,Edge,Disable Flash Player,Disabled,Non-compliant
EDG-40050,Edge,Block Installation of Unapproved Extensions,Block All / Whitelist Specific,Non-compliant
EDG-40050,Edge,Disable Desktop Notifications,Disabled,Non-compliant
EDG-40050,Edge,Disable Saving Browsing History,Disabled (Recommended),Non-compliant
EDG-40050,Edge,Block Pop-ups,Blocked,Non-compliant
EDG-40050,Edge,Disable Clipboard Access in Browser,Disabled (Recommended),Non-compliant
EDG-40050,Edge,Disable Autofill Save Prompt,Disabled,Non-compliant
EDG-40050,Edge,Disable Media Autoplay,Disabled,Non-compliant
EDG-40050,Edge,Disable Flash Player,Disabled,Non-compliant
EDG-40050,Edge,Enable Strict Site Isolation,Enabled,Non-compliant
EDG-54779,Edge,Disable Background Apps after Browser Close,Disabled,Non-compliant
EDG-54779,Edge,Disable Password Reveal Button,Disabled,Non-compliant
EDG-54779,Edge,Disable Saving Browsing History,Disabled (Recommended),Non-compliant
EDG-54779,Edge,Disable Automatic Profile Switching,Disabled,Non-compliant
EDG-54779,Edge,Disable Camera Access,Blocked,Non-compliant
EDG-55007,Edge,Enable Microsoft Defender SmartScreen,Enabled,Non-compliant
EDG-55007,Edge,Disable Autofill for Payment Methods,Disabled,Non-compliant
EDG-55007,Edge,Block Installation of Unapproved Extensions,Block All / Whitelist Specific,Non-compliant
EDG-55007,Edge,Disable Background Apps after Browser Close,Disabled,Non-compliant
EDG-55007,Edge,Enforce DNS-over-HTTPS (DoH) Settings,Enforced or Disabled,Non-compliant
EDG-55007,Edge,Block Pop-ups,Blocked,Non-compliant
EDG-55007,Edge,Disable Password Manager Autofill Prompt,Disabled,Non-compliant
EDG-55007,Edge,Disable Clipboard Read/Write Access,Disabled (Recommended),Non-compliant
EDG-57042,Edge,Enable Microsoft Defender SmartScreen,Enabled,Non-compliant
EDG-57042,Edge,Disable Autofill for Payment Methods,Disabled,Non-compliant
EDG-57042,Edge,Block Developer Tools Usage,Disabled / Block Access,Non-compliant
EDG-57042,Edge,Disable Sync Features,Disabled,Non-compliant
EDG-57042,Edge,Disable Sending Browser Data to Microsoft,Disabled,Non-compliant
EDG-57042,Edge,Block Access to Edge Settings,Restricted,Non-compliant
EDG-57042,Edge,Enforce HTTPS-only Mode,Enabled (Recommended),Non-compliant
EDG-57042,Edge,Enable Application Guard,Enabled,Non-compliant
EDG-57042,Edge,Disable Insecure Content Loading,Block,Non-compliant
EDG-57042,Edge,Disable WebRTC IP Leakage,Enabled (Recommended),Non-compliant
EDG-57042,Edge,Enable Strict Site Isolation,Enabled,Non-compliant
EDG-26873,Edge,Enable Microsoft Defender SmartScreen,Enabled,Non-compliant
EDG-26873,Edge,Disable QUIC Protocol,Disabled,Non-compliant
EDG-26873,Edge,Enforce DNS-over-HTTPS (DoH) Settings,Enforced or Disabled,Non-compliant
EDG-26873,Edge,Disable Extension Install Sources Other Than Store,Whitelist only,Non-compliant
EDG-26873,Edge,Disable Automatic Profile Switching,Disabled,Non-compliant
EDG-26873,Edge,Disable Clipboard Access in Browser,Disabled (Recommended),Non-compliant
EDG-26873,Edge,Disable Form Data Saving,Disabled,Non-compliant
EDG-26873,Edge,Disable Microphone Access,Blocked,Non-compliant
EDG-26873,Edge,Disable Clipboard Read/Write Access,Disabled (Recommended),Non-compliant
EDG-26873,Edge,Block URL Redirection to Unsecure Sites,Blocked (Recommended),Non-compliant
EDG-26873,Edge,Disable WebRTC IP Leakage,Enabled (Recommended),Non-compliant
EDG-58091,Edge,Disable Saving Browsing History,Disabled (Recommended),Non-compliant
EDG-58091,Edge,Block Pop-ups,Blocked,Non-compliant
EDG-58091,Edge,Disable WebRTC IP Leakage,Enabled (Recommended),Non-compliant
EDG-91997,Edge,Enable Safe Browsing Protection,Enabled,Non-compliant
EDG-91997,Edge,Enforce DNS-over-HTTPS (DoH) Settings,Enforced or Disabled,Non-compliant
EDG-91997,Edge,Disable Extension Install Sources Other Than Store,Whitelist only,Non-compliant
EDG-91997,Edge,Disable Autofill Save Prompt,Disabled,Non-compliant
EDG-91997,Edge,Disable Clipboard Read/Write Access,Disabled (Recommended),Non-compliant
EDG-53637,Edge,Disable Password Manager,Disabled,Non-compliant
EDG-53637,Edge,Disable Autofill for Payment Methods,Disabled,Non-compliant
EDG-53637,Edge,Disable Desktop Notifications,Disabled,Non-compliant
EDG-53637,Edge,Disable Form Data Saving,Disabled,Non-compliant
EDG-88955,Edge,Enforce DNS-over-HTTPS (DoH) Settings,Enforced or Disabled,Non-compliant
EDG-88955,Edge,Block Developer Tools Usage,Disabled / Block Access,Non-compliant
EDG-88955,Edge,Enable Site Isolation Mode,Enabled,Non-compliant
EDG-88955,Edge,Disable Saving Browsing History,Disabled (Recommended),Non-compliant
EDG-88955,Edge,Disable Sending Browser Data to Microsoft,Disabled,Non-compliant
EDG-88955,Edge,Disable Clipboard Access in Browser,Disabled (Recommended),Non-compliant
EDG-88955,Edge,Enable Application Guard,Enabled,Non-compliant
EDG-88955,Edge,Disable Media Autoplay,Disabled,Non-compliant
EDG-88955,Edge,Disable Camera Access,Blocked,Non-compliant
EDG-86535,Edge,Disable Autofill for Forms,Disabled,Non-compliant
EDG-86535,Edge,Disable QUIC Protocol,Disabled,Non-compliant
EDG-86535,Edge,Block Developer Tools Usage,Disabled / Block Access,Non-compliant
EDG-86535,Edge,Disable Sync Features,Disabled,Non-compliant
EDG-86535,Edge,Enable Application Guard,Enabled,Non-compliant
EDG-86535,Edge,Enable Tracking Protection,Enabled,Non-compliant
EDG-96541,Edge,Enable Safe Browsing Protection,Enabled,Non-compliant
EDG-96541,Edge,Disable Background Apps after Browser Close,Disabled,Non-compliant
EDG-96541,Edge,Disable Desktop Notifications,Disabled,Non-compliant
EDG-96541,Edge,Disable QUIC Protocol,Disabled,Non-compliant
EDG-96541,Edge,Disable Password Reveal Button,Disabled,Non-compliant
EDG-96541,Edge,Block Developer Tools Usage,Disabled / Block Access,Non-compliant
EDG-96541,Edge,Disable Extension Install Sources Other Than Store,Whitelist only,Non-compliant
EDG-96541,Edge,Disable Clipboard Access in Browser,Disabled (Recommended),Non-compliant
EDG-96541,Edge,Disable Autofill Credit Card Save,Disabled,Non-compliant
EDG-96541,Edge,Disable Flash Player,Disabled,Non-compliant
EDG-73912,Edge,Disable Background Apps after Browser Close,Disabled,Non-compliant
EDG-73912,Edge,Block Pop-ups,Blocked,Non-compliant
EDG-73912,Edge,Enable Tracking Protection,Enabled,Non-compliant
EDG-73912,Edge,Disable Autofill Credit Card Save,Disabled,Non-compliant
EDG-26198,Edge,Enable Microsoft Defender SmartScreen,Enabled,Non-compliant
EDG-26198,Edge,Disable Background Apps after Browser Close,Disabled,Non-compliant
EDG-26198,Edge,Disable Desktop Notifications,Disabled,Non-compliant
EDG-26198,Edge,Enforce DNS-over-HTTPS (DoH) Settings,Enforced or Disabled,Non-compliant
EDG-26198,Edge,Enable Site Isolation Mode,Enabled,Non-compliant
EDG-26198,Edge,Disable Saving Browsing History,Disabled (Recommended),Non-compliant
EDG-26198,Edge,Disable Clipboard Access in Browser,Disabled (Recommended),Non-compliant
EDG-26198,Edge,Disable Password Manager Autofill Prompt,Disabled,Non-compliant
EDG-26198,Edge,Disable Insecure Content Loading,Block,Non-compliant
EDG-99633,Edge,Block Installation of Unapproved Extensions,Block All / Whitelist Specific,Non-compliant
EDG-99633,Edge,Disable Password Reveal Button,Disabled,Non-compliant
EDG-99633,Edge,Disable Sync Features,Disabled,Non-compliant
EDG-99633,Edge,Disable Sending Browser Data to Microsoft,Disabled,Non-compliant
EDG-99633,Edge,Disable Form Data Saving,Disabled,Non-compliant
EDG-99633,Edge,Disable Microphone Access,Blocked,Non-compliant
EDG-44944,Edge,Enable Microsoft Defender SmartScreen,Enabled,Non-compliant
EDG-44944,Edge,Disable Desktop Notifications,Disabled,Non-compliant
EDG-44944,Edge,Disable Password Reveal Button,Disabled,Non-compliant
EDG-44944,Edge,Disable Password Manager Autofill Prompt,Disabled,Non-compliant
EDG-44944,Edge,Disable Clipboard Read/Write Access,Disabled (Recommended),Non-compliant
EDG-44944,Edge,Block URL Redirection to Unsecure Sites,Blocked (Recommended),Non-compliant
EDG-44944,Edge,Disable WebRTC IP Leakage,Enabled (Recommended),Non-compliant
EDG-66351,Edge,Disable Saving Browsing History,Disabled (Recommended),Non-compliant
EDG-66351,Edge,Disable Autofill Save Prompt,Disabled,Non-compliant
EDG-66351,Edge,Disable Media Autoplay,Disabled,Non-compliant
EDG-66351,Edge,Disable Camera Access,Blocked,Non-compliant
EDG-65740,Edge,Disable Password Manager,Disabled,Non-compliant
EDG-65740,Edge,Block Pop-ups,Blocked,Non-compliant
EDG-65740,Edge,Block Third-party Cookies,Blocked,Non-compliant
EDG-65740,Edge,Disable Clipboard Read/Write Access,Disabled (Recommended),Non-compliant
EDG-65740,Edge,Disable WebRTC IP Leakage,Enabled (Recommended),Non-compliant
EDG-56339,Edge,Disable Password Manager,Disabled,Non-compliant
EDG-56339,Edge,Disable Autofill for Forms,Disabled,Non-compliant
EDG-56339,Edge,Disable Password Manager Autofill Prompt,Disabled,Non-compliant
EDG-56339,Edge,Disable Form Data Saving,Disabled,Non-compliant
EDG-56339,Edge,Enable Strict Site Isolation,Enabled,Non-compliant
EDG-32754,Edge,Disable Autofill for Forms,Disabled,Non-compliant
EDG-32754,Edge,Disable QUIC Protocol,Disabled,Non-compliant
EDG-32754,Edge,Disable Insecure Content Loading,Block,Non-compliant
EDG-57011,Edge,Disable Autofill for Forms,Disabled,Non-compliant
EDG-57011,Edge,Disable QUIC Protocol,Disabled,Non-compliant
EDG-57011,Edge,Enforce HTTPS-only Mode,Enabled (Recommended),Non-compliant
EDG-57011,Edge,Disable Autofill Save Prompt,Disabled,Non-compliant
EDG-57011,Edge,Enable Tracking Protection,Enabled,Non-compliant
EDG-57011,Edge,Disable WebRTC IP Leakage,Enabled (Recommended),Non-compliant
EDG-76204,Edge,Disable Password Manager,Disabled,Non-compliant
EDG-76204,Edge,Disable Autofill for Forms,Disabled,Non-compliant
EDG-76204,Edge,Disable Autofill for Payment Methods,Disabled,Non-compliant
EDG-76204,Edge,Disable Desktop Notifications,Disabled,Non-compliant
EDG-76204,Edge,Enable Site Isolation Mode,Enabled,Non-compliant
EDG-76204,Edge,Disable Sync Features,Disabled,Non-compliant
EDG-76204,Edge,Disable Automatic Profile Switching,Disabled,Non-compliant
EDG-76204,Edge,Enable Application Guard,Enabled,Non-compliant
EDG-76204,Edge,Disable Autofill Save Prompt,Disabled,Non-compliant
EDG-76204,Edge,Disable Microphone Access,Blocked,Non-compliant
EDG-76204,Edge,Disable Clipboard Read/Write Access,Disabled (Recommended),Non-compliant
EDG-76204,Edge,Enable Strict Site Isolation,Enabled,Non-compliant
EDG-80834,Edge,Disable Password Manager,Disabled,Non-compliant
EDG-80834,Edge,Disable Autofill for Payment Methods,Disabled,Non-compliant
EDG-80834,Edge,Block Pop-ups,Blocked,Non-compliant
EDG-94063,Edge,Disable Password Manager,Disabled,Non-compliant
EDG-94063,Edge,Disable Autofill for Payment Methods,Disabled,Non-compliant
EDG-94063,Edge,Disable Autofill Address Profiles,Disabled,Non-compliant
EDG-94063,Edge,Disable Sync Features,Disabled,Non-compliant
EDG-94063,Edge,Disable Sending Browser Data to Microsoft,Disabled,Non-compliant
EDG-94063,Edge,Disable Clipboard Access in Browser,Disabled (Recommended),Non-compliant
EDG-94063,Edge,Enable Application Guard,Enabled,Non-compliant
EDG-94063,Edge,Disable Autofill Save Prompt,Disabled,Non-compliant
EDG-94063,Edge,Disable Media Autoplay,Disabled,Non-compliant
EDG-79438,Edge,Enable Microsoft Defender SmartScreen,Enabled,Non-compliant
EDG-79438,Edge,Block Developer Tools Usage,Disabled / Block Access,Non-compliant
EDG-79438,Edge,Disable Clipboard Access in Browser,Disabled (Recommended),Non-compliant
EDG-79438,Edge,Enable Tracking Protection,Enabled,Non-compliant
EDG-79438,Edge,Enable Strict Site Isolation,Enabled,Non-compliant
EDG-50403,Edge,Enable Safe Browsing Protection,Enabled,Non-compliant
EDG-50403,Edge,Block Installation of Unapproved Extensions,Block All / Whitelist Specific,Non-compliant
EDG-50403,Edge,Disable Sync Features,Disabled,Non-compliant
EDG-50403,Edge,Disable Automatic Profile Switching,Disabled,Non-compliant
EDG-50403,Edge,Disable Camera Access,Blocked,Non-compliant
EDG-50403,Edge,Disable Microphone Access,Blocked,Non-compliant
EDG-50403,Edge,Enable Tracking Protection,Enabled,Non-compliant
EDG-50403,Edge,Disable Clipboard Read/Write Access,Disabled (Recommended),Non-compliant
EDG-96934,Edge,Disable QUIC Protocol,Disabled,Non-compliant
EDG-96934,Edge,Disable Extension Install Sources Other Than Store,Whitelist only,Non-compliant
EDG-96934,Edge,Enable Tracking Protection,Enabled,Non-compliant
EDG-96934,Edge,Enable Strict Site Isolation,Enabled,Non-compliant
EDG-27937,Edge,Block Installation of Unapproved Extensions,Block All / Whitelist Specific,Non-compliant
EDG-27937,Edge,Disable Password Reveal Button,Disabled,Non-compliant
EDG-27937,Edge,Disable Extension Install Sources Other Than Store,Whitelist only,Non-compliant
EDG-27937,Edge,Disable Form Data Saving,Disabled,Non-compliant
EDG-27937,Edge,Disable Media Autoplay,Disabled,Non-compliant
EDG-37386,Edge,Disable Desktop Notifications,Disabled,Non-compliant
EDG-37386,Edge,Disable Saving Browsing History,Disabled (Recommended),Non-compliant
EDG-82054,Edge,Disable Autofill Address Profiles,Disabled,Non-compliant
EDG-82054,Edge,Enable Site Isolation Mode,Enabled,Non-compliant
EDG-82054,Edge,Disable Sync Features,Disabled,Non-compliant
EDG-82054,Edge,Disable Sending Browser Data to Microsoft,Disabled,Non-compliant
EDG-82054,Edge,Disable Autofill Save Prompt,Disabled,Non-compliant
EDG-82054,Edge,Disable Media Autoplay,Disabled,Non-compliant
EDG-82054,Edge,Enable Tracking Protection,Enabled,Non-compliant
EDG-85641,Edge,Disable Desktop Notifications,Disabled,Non-compliant
EDG-85641,Edge,Enforce DNS-over-HTTPS (DoH) Settings,Enforced or Disabled,Non-compliant
EDG-85641,Edge,Enable Application Guard,Enabled,Non-compliant
EDG-73989,Edge,Disable Desktop Notifications,Disabled,Non-compliant
EDG-73989,Edge,Disable Password Reveal Button,Disabled,Non-compliant
EDG-73989,Edge,Disable Sync Features,Disabled,Non-compliant
EDG-73989,Edge,Enable Application Guard,Enabled,Non-compliant
EDG-73989,Edge,Disable Microphone Access,Blocked,Non-compliant
EDG-57617,Edge,Enable Safe Browsing Protection,Enabled,Non-compliant
EDG-57617,Edge,Block Installation of Unapproved Extensions,Block All / Whitelist Specific,Non-compliant
EDG-57617,Edge,Enforce DNS-over-HTTPS (DoH) Settings,Enforced or Disabled,Non-compliant
EDG-57617,Edge,Block Pop-ups,Blocked,Non-compliant
EDG-57617,Edge,Disable Sending Browser Data to Microsoft,Disabled,Non-compliant
EDG-57617,Edge,Block Access to Edge Settings,Restricted,Non-compliant
EDG-57617,Edge,Disable Media Autoplay,Disabled,Non-compliant
EDG-57617,Edge,Enable Tracking Protection,Enabled,Non-compliant
EDG-38027,Edge,Disable Password Manager,Disabled,Non-compliant
EDG-38027,Edge,Enforce DNS-over-HTTPS (DoH) Settings,Enforced or Disabled,Non-compliant
EDG-38027,Edge,Disable Sync Features,Disabled,Non-compliant
EDG-38027,Edge,Disable Extension Install Sources Other Than Store,Whitelist only,Non-compliant
EDG-38027,Edge,Disable Autofill Credit Card Save,Disabled,Non-compliant
EDG-38027,Edge,Block URL Redirection to Unsecure Sites,Blocked (Recommended),Non-compliant
EDG-38027,Edge,Disable WebRTC IP Leakage,Enabled (Recommended),Non-compliant
EDG-86407,Edge,Enforce DNS-over-HTTPS (DoH) Settings,Enforced or Disabled,Non-compliant
EDG-86407,Edge,Disable Extension Install Sources Other Than Store,Whitelist only,Non-compliant
EDG-86407,Edge,Disable Password Manager Autofill Prompt,Disabled,Non-compliant
EDG-86407,Edge,Enable Application Guard,Enabled,Non-compliant
EDG-86407,Edge,Disable Autofill Save Prompt,Disabled,Non-compliant
EDG-86407,Edge,Enable Tracking Protection,Enabled,Non-compliant
EDG-86407,Edge,Disable Clipboard Read/Write Access,Disabled (Recommended),Non-compliant
EDG-90070,Edge,Disable Password Reveal Button,Disabled,Non-compliant
EDG-90070,Edge,Disable Media Autoplay,Disabled,Non-compliant
EDG-90070,Edge,Enable Tracking Protection,Enabled,Non-compliant
EDG-61796,Edge,Disable Password Manager,Disabled,Non-compliant
EDG-61796,Edge,Disable Automatic Profile Switching,Disabled,Non-compliant
EDG-46260,Edge,Enable Microsoft Defender SmartScreen,Enabled,Non-compliant
EDG-46260,Edge,Disable Sync Features,Disabled,Non-compliant
EDG-46260,Edge,Block Pop-ups,Blocked,Non-compliant
EDG-46260,Edge,Disable Sending Browser Data to Microsoft,Disabled,Non-compliant
EDG-46260,Edge,Disable Autofill Save Prompt,Disabled,Non-compliant
EDG-46260,Edge,Disable Microphone Access,Blocked,Non-compliant
EDG-12941,Edge,Block Installation of Unapproved Extensions,Block All / Whitelist Specific,Non-compliant
EDG-12941,Edge,Disable Automatic Profile Switching,Disabled,Non-compliant
EDG-12941,Edge,Disable Password Manager Autofill Prompt,Disabled,Non-compliant
EDG-12941,Edge,Enable Application Guard,Enabled,Non-compliant
EDG-12941,Edge,Block Third-party Cookies,Blocked,Non-compliant
EDG-12941,Edge,Disable Location Access,Blocked,Non-compliant
EDG-12941,Edge,Enable Tracking Protection,Enabled,Non-compliant
EDG-12941,Edge,Disable Clipboard Read/Write Access,Disabled (Recommended),Non-compliant
EDG-12941,Edge,Disable Autofill Credit Card Save,Disabled,Non-compliant
EDG-33706,Edge,Enable Microsoft Defender SmartScreen,Enabled,Non-compliant
EDG-33706,Edge,Disable Autofill for Forms,Disabled,Non-compliant
EDG-33706,Edge,Enforce DNS-over-HTTPS (DoH) Settings,Enforced or Disabled,Non-compliant
EDG-33706,Edge,Disable Sync Features,Disabled,Non-compliant
EDG-33706,Edge,Block Access to Edge Settings,Restricted,Non-compliant
EDG-33706,Edge,Block Third-party Cookies,Blocked,Non-compliant
EDG-33706,Edge,Disable Media Autoplay,Disabled,Non-compliant
EDG-84031,Edge,Disable Background Apps after Browser Close,Disabled,Non-compliant
EDG-84031,Edge,Disable Password Manager Autofill Prompt,Disabled,Non-compliant
EDG-84031,Edge,Block Third-party Cookies,Blocked,Non-compliant
EDG-84031,Edge,Disable WebRTC IP Leakage,Enabled (Recommended),Non-compliant
EDG-73846,Edge,Disable Autofill for Payment Methods,Disabled,Non-compliant
EDG-73846,Edge,Disable Clipboard Access in Browser,Disabled (Recommended),Non-compliant
EDG-73846,Edge,Disable Autofill Credit Card Save,Disabled,Non-compliant
EDG-48333,Edge,Enable Safe Browsing Protection,Enabled,Non-compliant
EDG-48333,Edge,Enforce DNS-over-HTTPS (DoH) Settings,Enforced or Disabled,Non-compliant
EDG-48333,Edge,Enable Site Isolation Mode,Enabled,Non-compliant
EDG-55196,Edge,Enforce DNS-over-HTTPS (DoH) Settings,Enforced or Disabled,Non-compliant
EDG-55196,Edge,Disable Microphone Access,Blocked,Non-compliant
EDG-55196,Edge,Enable Tracking Protection,Enabled,Non-compliant
EDG-41112,Edge,Block Installation of Unapproved Extensions,Block All / Whitelist Specific,Non-compliant
EDG-41112,Edge,Enforce DNS-over-HTTPS (DoH) Settings,Enforced or Disabled,Non-compliant
EDG-41112,Edge,Disable Sync Features,Disabled,Non-compliant
EDG-41112,Edge,Block Pop-ups,Blocked,Non-compliant
EDG-41112,Edge,Disable Extension Install Sources Other Than Store,Whitelist only,Non-compliant
EDG-41112,Edge,Block URL Redirection to Unsecure Sites,Blocked (Recommended),Non-compliant
EDG-41112,Edge,Disable WebRTC IP Leakage,Enabled (Recommended),Non-compliant
EDG-30288,Edge,Enable Safe Browsing Protection,Enabled,Non-compliant
EDG-30288,Edge,Enforce DNS-over-HTTPS (DoH) Settings,Enforced or Disabled,Non-compliant
EDG-30288,Edge,Disable Sending Browser Data to Microsoft,Disabled,Non-compliant
EDG-30288,Edge,Disable Extension Install Sources Other Than Store,Whitelist only,Non-compliant
EDG-30288,Edge,Disable Autofill Save Prompt,Disabled,Non-compliant
EDG-30288,Edge,Disable Clipboard Read/Write Access,Disabled (Recommended),Non-compliant
EDG-51642,Edge,Disable Password Manager,Disabled,Non-compliant
EDG-51642,Edge,Disable Autofill for Forms,Disabled,Non-compliant
EDG-51642,Edge,Disable Autofill Address Profiles,Disabled,Non-compliant
EDG-51642,Edge,Disable Password Reveal Button,Disabled,Non-compliant
EDG-51642,Edge,Disable Sending Browser Data to Microsoft,Disabled,Non-compliant
EDG-51642,Edge,Disable Autofill Save Prompt,Disabled,Non-compliant
EDG-51642,Edge,Block Third-party Cookies,Blocked,Non-compliant
EDG-51642,Edge,Disable Location Access,Blocked,Non-compliant
EDG-51642,Edge,Enable Tracking Protection,Enabled,Non-compliant
EDG-88141,Edge,Disable Password Manager,Disabled,Non-compliant
EDG-88141,Edge,Disable Desktop Notifications,Disabled,Non-compliant
EDG-88141,Edge,Enable Site Isolation Mode,Enabled,Non-compliant
EDG-88141,Edge,Disable Sending Browser Data to Microsoft,Disabled,Non-compliant
EDG-88141,Edge,Disable Media Autoplay,Disabled,Non-compliant
EDG-88141,Edge,Disable WebRTC IP Leakage,Enabled (Recommended),Non-compliant
EDG-88141,Edge,Enable Strict Site Isolation,Enabled,Non-compliant
EDG-55842,Edge,Disable Autofill Address Profiles,Disabled,Non-compliant
EDG-55842,Edge,Enforce DNS-over-HTTPS (DoH) Settings,Enforced or Disabled,Non-compliant
EDG-55842,Edge,Disable Sync Features,Disabled,Non-compliant
EDG-55842,Edge,Disable Extension Install Sources Other Than Store,Whitelist only,Non-compliant
EDG-55842,Edge,Block Access to Edge Settings,Restricted,Non-compliant
EDG-55842,Edge,Disable Media Autoplay,Disabled,Non-compliant
EDG-55842,Edge,Disable Location Access,Blocked,Non-compliant
EDG-55842,Edge,Disable Flash Player,Disabled,Non-compliant
EDG-55842,Edge,Disable WebRTC IP Leakage,Enabled (Recommended),Non-compliant
EDG-55842,Edge,Enable Strict Site Isolation,Enabled,Non-compliant
EDG-56767,Edge,Disable Password Manager Autofill Prompt,Disabled,Non-compliant
EDG-56767,Edge,Disable Location Access,Blocked,Non-compliant
EDG-56767,Edge,Disable Microphone Access,Blocked,Non-compliant
EDG-56767,Edge,Disable Flash Player,Disabled,Non-compliant
EDG-67005,Edge,Block Installation of Unapproved Extensions,Block All / Whitelist Specific,Non-compliant
EDG-67005,Edge,Disable Background Apps after Browser Close,Disabled,Non-compliant
EDG-67005,Edge,Enforce DNS-over-HTTPS (DoH) Settings,Enforced or Disabled,Non-compliant
EDG-67005,Edge,Disable Password Reveal Button,Disabled,Non-compliant
EDG-67005,Edge,Disable Autofill Save Prompt,Disabled,Non-compliant
EDG-67005,Edge,Disable Camera Access,Blocked,Non-compliant
EDG-67005,Edge,Enable Tracking Protection,Enabled,Non-compliant
EDG-67005,Edge,Disable Autofill Credit Card Save,Disabled,Non-compliant
EDG-14186,Edge,Enable Safe Browsing Protection,Enabled,Non-compliant
EDG-14186,Edge,Disable Password Manager,Disabled,Non-compliant
EDG-14186,Edge,Disable Sync Features,Disabled,Non-compliant
EDG-14186,Edge,Disable Saving Browsing History,Disabled (Recommended),Non-compliant
EDG-14186,Edge,Disable Sending Browser Data to Microsoft,Disabled,Non-compliant
EDG-14186,Edge,Disable Clipboard Access in Browser,Disabled (Recommended),Non-compliant
EDG-14186,Edge,Enable Application Guard,Enabled,Non-compliant
EDG-38510,Edge,Disable Autofill Address Profiles,Disabled,Non-compliant
EDG-38510,Edge,Disable Background Apps after Browser Close,Disabled,Non-compliant
EDG-23425,Edge,Enable Microsoft Defender SmartScreen,Enabled,Non-compliant
EDG-23425,Edge,Disable Background Apps after Browser Close,Disabled,Non-compliant
EDG-23425,Edge,Disable Media Autoplay,Disabled,Non-compliant
EDG-23425,Edge,Disable Location Access,Blocked,Non-compliant
EDG-23425,Edge,Disable WebRTC IP Leakage,Enabled (Recommended),Non-compliant
EDG-23425,Edge,Enable Strict Site Isolation,Enabled,Non-compliant
EDG-71955,Edge,Disable QUIC Protocol,Disabled,Non-compliant
EDG-71955,Edge,Enforce DNS-over-HTTPS (DoH) Settings,Enforced or Disabled,Non-compliant
EDG-71955,Edge,Disable Automatic Profile Switching,Disabled,Non-compliant
EDG-71955,Edge,Disable Password Manager Autofill Prompt,Disabled,Non-compliant
EDG-71955,Edge,Disable Location Access,Blocked,Non-compliant
EDG-71955,Edge,Block URL Redirection to Unsecure Sites,Blocked (Recommended),Non-compliant
EDG-71955,Edge,Disable Flash Player,Disabled,Non-compliant
EDG-50783,Edge,Disable Autofill for Payment Methods,Disabled,Non-compliant
EDG-50783,Edge,Disable QUIC Protocol,Disabled,Non-compliant
EDG-50783,Edge,Disable Extension Install Sources Other Than Store,Whitelist only,Non-compliant
EDG-50783,Edge,Block Access to Edge Settings,Restricted,Non-compliant
EDG-50783,Edge,Disable Insecure Content Loading,Block,Non-compliant
EDG-50783,Edge,Enable Tracking Protection,Enabled,Non-compliant
EDG-50783,Edge,Disable Autofill Credit Card Save,Disabled,Non-compliant
EDG-58219,Edge,Disable Autofill Address Profiles,Disabled,Non-compliant
EDG-58219,Edge,Disable Extension Install Sources Other Than Store,Whitelist only,Non-compliant
EDG-58219,Edge,Disable Clipboard Access in Browser,Disabled (Recommended),Non-compliant
EDG-58219,Edge,Enforce HTTPS-only Mode,Enabled (Recommended),Non-compliant
EDG-58219,Edge,Disable Form Data Saving,Disabled,Non-compliant
EDG-58219,Edge,Disable Autofill Credit Card Save,Disabled,Non-compliant
EDG-58219,Edge,Disable Flash Player,Disabled,Non-compliant
EDG-58219,Edge,Enable Strict Site Isolation,Enabled,Non-compliant
EDG-88425,Edge,Disable Autofill for Payment Methods,Disabled,Non-compliant
EDG-88425,Edge,Enforce DNS-over-HTTPS (DoH) Settings,Enforced or Disabled,Non-compliant
EDG-88425,Edge,Disable Automatic Profile Switching,Disabled,Non-compliant
EDG-88425,Edge,Disable Insecure Content Loading,Block,Non-compliant
EDG-97392,Edge,Disable Sync Features,Disabled,Non-compliant
EDG-97392,Edge,Disable Sending Browser Data to Microsoft,Disabled,Non-compliant
EDG-97392,Edge,Disable Insecure Content Loading,Block,Non-compliant
EDG-97392,Edge,Enable Tracking Protection,Enabled,Non-compliant
EDG-97392,Edge,Disable Autofill Credit Card Save,Disabled,Non-compliant
EDG-21985,Edge,Disable Sending Browser Data to Microsoft,Disabled,Non-compliant
EDG-21985,Edge,Disable Automatic Profile Switching,Disabled,Non-compliant
EDG-21985,Edge,Disable Form Data Saving,Disabled,Non-compliant
EDG-21985,Edge,Block URL Redirection to Unsecure Sites,Blocked (Recommended),Non-compliant
EDG-21985,Edge,Enable Strict Site Isolation,Enabled,Non-compliant
EDG-97240,Edge,Disable Sync Features,Disabled,Non-compliant
EDG-97240,Edge,Disable Saving Browsing History,Disabled (Recommended),Non-compliant
EDG-97240,Edge,Disable Autofill Credit Card Save,Disabled,Non-compliant
EDG-30666,Edge,Disable Desktop Notifications,Disabled,Non-compliant
EDG-30666,Edge,Disable Password Reveal Button,Disabled,Non-compliant
EDG-30666,Edge,Enable Site Isolation Mode,Enabled,Non-compliant
EDG-30666,Edge,Disable Media Autoplay,Disabled,Non-compliant
EDG-23374,Edge,Block Installation of Unapproved Extensions,Block All / Whitelist Specific,Non-compliant
EDG-23374,Edge,Block Developer Tools Usage,Disabled / Block Access,Non-compliant
EDG-23374,Edge,Block Third-party Cookies,Blocked,Non-compliant
EDG-23374,Edge,Disable Form Data Saving,Disabled,Non-compliant
EDG-23374,Edge,Disable Camera Access,Blocked,Non-compliant
EDG-23374,Edge,Enable Tracking Protection,Enabled,Non-compliant
EDG-23374,Edge,Disable Flash Player,Disabled,Non-compliant
EDG-23374,Edge,Disable WebRTC IP Leakage,Enabled (Recommended),Non-compliant
EDG-23374,Edge,Enable Strict Site Isolation,Enabled,Non-compliant
EDG-61403,Edge,Enable Safe Browsing Protection,Enabled,Non-compliant
EDG-61403,Edge,Disable Password Manager,Disabled,Non-compliant
EDG-61403,Edge,Disable Background Apps after Browser Close,Disabled,Non-compliant
EDG-61403,Edge,Disable Saving Browsing History,Disabled (Recommended),Non-compliant
EDG-61403,Edge,Enable Application Guard,Enabled,Non-compliant
EDG-61403,Edge,Disable Location Access,Blocked,Non-compliant
EDG-61403,Edge,Disable WebRTC IP Leakage,Enabled (Recommended),Non-compliant
EDG-61403,Edge,Enable Strict Site Isolation,Enabled,Non-compliant
EDG-71079,Edge,Disable Media Autoplay,Disabled,Non-compliant
EDG-71079,Edge,Disable Location Access,Blocked,Non-compliant
EDG-37808,Edge,Enable Microsoft Defender SmartScreen,Enabled,Non-compliant
EDG-37808,Edge,Disable QUIC Protocol,Disabled,Non-compliant
EDG-37808,Edge,Enable Site Isolation Mode,Enabled,Non-compliant
EDG-37808,Edge,Disable Autofill Credit Card Save,Disabled,Non-compliant
EDG-37808,Edge,Disable Flash Player,Disabled,Non-compliant
EDG-87267,Edge,Disable Background Apps after Browser Close,Disabled,Non-compliant
EDG-87267,Edge,Disable Flash Player,Disabled,Non-compliant
EDG-87267,Edge,Disable WebRTC IP Leakage,Enabled (Recommended),Non-compliant
EDG-17683,Edge,Block Installation of Unapproved Extensions,Block All / Whitelist Specific,Non-compliant
EDG-17683,Edge,Block Developer Tools Usage,Disabled / Block Access,Non-compliant
EDG-17683,Edge,Disable Sync Features,Disabled,Non-compliant
EDG-17683,Edge,Disable Insecure Content Loading,Block,Non-compliant
EDG-17683,Edge,Disable Camera Access,Blocked,Non-compliant
EDG-88830,Edge,Disable Automatic Profile Switching,Disabled,Non-compliant
EDG-88830,Edge,Disable Clipboard Access in Browser,Disabled (Recommended),Non-compliant
EDG-88830,Edge,Disable Form Data Saving,Disabled,Non-compliant
EDG-88830,Edge,Disable Camera Access,Blocked,Non-compliant
EDG-88830,Edge,Disable WebRTC IP Leakage,Enabled (Recommended),Non-compliant
EDG-77860,Edge,Disable Form Data Saving,Disabled,Non-compliant
EDG-77860,Edge,Disable Location Access,Blocked,Non-compliant
EDG-45620,Edge,Disable Password Reveal Button,Disabled,Non-compliant
EDG-45620,Edge,Disable Saving Browsing History,Disabled (Recommended),Non-compliant
EDG-45620,Edge,Disable Automatic Profile Switching,Disabled,Non-compliant
EDG-45620,Edge,Disable Password Manager Autofill Prompt,Disabled,Non-compliant
EDG-45620,Edge,Disable Microphone Access,Blocked,Non-compliant
